date,ticker,adj_close
2021-08-27,BBRE,86.6494
2021-08-27,JAGG,46.2271
2021-08-27,JCPB,44.4401
2021-08-27,JEMA,42.818
2021-08-27,JEPI,40.5779
2021-08-27,JMST,45.3332
2021-08-27,JPST,41.9925
2021-08-30,BBRE,87.4142
2021-08-30,JAGG,46.2777
2021-08-30,JCPB,44.5032
2021-08-30,JEMA,42.8666
2021-08-30,JEPI,40.6884
2021-08-30,JMST,45.3244
2021-08-30,JPST,42.0008
2021-08-31,BBRE,87.8949
2021-08-31,JAGG,46.2355
2021-08-31,JCPB,44.5477
2021-08-31,JEMA,43.3562
2021-08-31,JEPI,40.6234
2021-08-31,JMST,45.3421
2021-08-31,JPST,42.0008
2021-09-01,BBRE,89.2185
2021-09-01,JAGG,46.2091
2021-09-01,JCPB,44.5315
2021-09-01,JEMA,43.7797
2021-09-01,JEPI,40.6554
2021-09-01,JMST,45.3341
2021-09-01,JPST,42.0058
2021-09-02,BBRE,89.7146
2021-09-02,JAGG,46.2513
2021-09-02,JCPB,44.6085
2021-09-02,JEMA,43.6421
2021-09-02,JEPI,40.7795
2021-09-02,JMST,45.3297
2021-09-02,JPST,41.9975
2021-09-03,BBRE,89.7318
2021-09-03,JAGG,46.1977
2021-09-03,JCPB,44.5194
2021-09-03,JEMA,43.8591
2021-09-03,JEPI,40.7403
2021-09-03,JMST,45.3252
2021-09-03,JPST,42.0016
2021-09-07,BBRE,88.6073
2021-09-07,JAGG,46.0826
2021-09-07,JCPB,44.4626
2021-09-07,JEMA,44.04
2021-09-07,JEPI,40.4464
2021-09-07,JMST,45.3031
2021-09-07,JPST,42.0058
2021-09-08,BBRE,89.1695
2021-09-08,JAGG,46.1754
2021-09-08,JCPB,44.5194
2021-09-08,JEMA,43.4992
2021-09-08,JEPI,40.6031
2021-09-08,JMST,45.3031
2021-09-08,JPST,41.9975
2021-09-09,BBRE,87.2511
2021-09-09,JAGG,46.285
2021-09-09,JCPB,44.5923
2021-09-09,JEMA,43.373
2021-09-09,JEPI,40.3811
2021-09-09,JMST,45.3297
2021-09-09,JPST,42.0058
2021-09-10,BBRE,86.0752
2021-09-10,JAGG,46.2513
2021-09-10,JCPB,44.5761
2021-09-10,JEMA,43.4012
2021-09-10,JEPI,40.2308
2021-09-10,JMST,45.3208
2021-09-10,JPST,41.9975
2021-09-13,BBRE,86.6331
2021-09-13,JAGG,46.2808
2021-09-13,JCPB,44.5721
2021-09-13,JEMA,43.4736
2021-09-13,JEPI,40.2047
2021-09-13,JMST,45.3297
2021-09-13,JPST,41.9975
2021-09-14,BBRE,86.2898
2021-09-14,JAGG,46.4116
2021-09-14,JCPB,44.6977
2021-09-14,JEMA,43.118
2021-09-14,JEPI,39.9696
2021-09-14,JMST,45.312
2021-09-14,JPST,42.0099
2021-09-15,BBRE,86.6245
2021-09-15,JAGG,46.3694
2021-09-15,JCPB,44.6896
2021-09-15,JEMA,43.0986
2021-09-15,JEPI,40.2308
2021-09-15,JMST,45.312
2021-09-15,JPST,42.0058
2021-09-16,BBRE,86.6786
2021-09-16,JAGG,46.285
2021-09-16,JCPB,44.6045
2021-09-16,JEMA,42.5842
2021-09-16,JEPI,40.1851
2021-09-16,JMST,45.3297
2021-09-16,JPST,42.0058
2021-09-17,BBRE,85.7833
2021-09-17,JAGG,46.1923
2021-09-17,JCPB,44.5031
2021-09-17,JEMA,42.4351
2021-09-17,JEPI,39.95
2021-09-17,JMST,45.3386
2021-09-17,JPST,42.0099
2021-09-20,BBRE,85.4314
2021-09-20,JAGG,46.3019
2021-09-20,JCPB,44.5639
2021-09-20,JEMA,41.2537
2021-09-20,JEPI,39.5123
2021-09-20,JMST,45.3563
2021-09-20,JPST,41.9934
2021-09-21,BBRE,85.4141
2021-09-21,JAGG,46.3103
2021-09-21,JCPB,44.5883
2021-09-21,JEMA,41.5431
2021-09-21,JEPI,39.4796
2021-09-21,JMST,45.3519
2021-09-21,JPST,42.0016
2021-09-22,BBRE,86.1745
2021-09-22,JAGG,46.3272
2021-09-22,JCPB,44.6491
2021-09-22,JEMA,42.0478
2021-09-22,JEPI,39.6495
2021-09-22,JMST,45.3563
2021-09-22,JPST,42.0016
2021-09-23,BBRE,86.14
2021-09-23,JAGG,46.091
2021-09-23,JCPB,44.4748
2021-09-23,JEMA,42.3584
2021-09-23,JEPI,39.95
2021-09-23,JMST,45.3474
2021-09-23,JPST,41.9975
2021-09-24,BBRE,85.2647
2021-09-24,JAGG,46.0025
2021-09-24,JCPB,44.3815
2021-09-24,JEMA,42.0584
2021-09-24,JEPI,39.9565
2021-09-24,JMST,45.3474
2021-09-24,JPST,41.9975
2021-09-27,BBRE,84.1353
2021-09-27,JAGG,45.9628
2021-09-27,JCPB,44.3329
2021-09-27,JEMA,42.3407
2021-09-27,JEPI,39.7932
2021-09-27,JMST,45.3386
2021-09-27,JPST,41.9809
2021-09-28,BBRE,83.8588
2021-09-28,JAGG,45.7958
2021-09-28,JCPB,44.1748
2021-09-28,JEMA,41.6605
2021-09-28,JEPI,39.2314
2021-09-28,JMST,45.2986
2021-09-28,JPST,42.0058
2021-09-29,BBRE,84.5155
2021-09-29,JAGG,45.8033
2021-09-29,JCPB,44.1748
2021-09-29,JEMA,41.3225
2021-09-29,JEPI,39.4143
2021-09-29,JMST,45.312
2021-09-29,JPST,42.0058
2021-09-30,BBRE,83.0941
2021-09-30,JAGG,45.7831
2021-09-30,JCPB,44.1707
2021-09-30,JEMA,41.6799
2021-09-30,JEPI,38.9375
2021-09-30,JMST,45.3341
2021-09-30,JPST,42.0058
2021-10-01,BBRE,84.3945
2021-10-01,JAGG,45.9136
2021-10-01,JCPB,44.2739
2021-10-01,JEMA,41.6446
2021-10-01,JEPI,39.2482
2021-10-01,JMST,45.3279
2021-10-01,JPST,42.0157
2021-10-04,BBRE,84.4723
2021-10-04,JAGG,45.8917
2021-10-04,JCPB,44.2365
2021-10-04,JEMA,40.9864
2021-10-04,JEPI,38.9854
2021-10-04,JMST,45.319
2021-10-04,JPST,42.0116
2021-10-05,BBRE,83.7897
2021-10-05,JAGG,45.7785
2021-10-05,JAVA,46.6332
2021-10-05,JCPB,44.2373
2021-10-05,JEMA,41.3446
2021-10-05,JEPI,39.2745
2021-10-05,JMST,45.3279
2021-10-05,JPST,42.0116
2021-10-06,BBRE,84.7315
2021-10-06,JAGG,45.7784
2021-10-06,JAVA,46.5707
2021-10-06,JCPB,44.1723
2021-10-06,JEMA,41.2131
2021-10-06,JEPI,39.4388
2021-10-06,JMST,45.3368
2021-10-06,JPST,42.0033
2021-10-07,BBRE,84.9648
2021-10-07,JAGG,45.6701
2021-10-07,JAVA,46.8421
2021-10-07,JCPB,44.1561
2021-10-07,JEMA,41.844
2021-10-07,JEPI,39.7016
2021-10-07,JMST,45.3368
2021-10-07,JPST,42.0033
2021-10-08,BBRE,84.3513
2021-10-08,JAGG,45.5758
2021-10-08,JAVA,46.9475
2021-10-08,JCPB,44.0749
2021-10-08,JEMA,41.9984
2021-10-08,JEPI,39.6096
2021-10-08,JMST,45.319
2021-10-08,JPST,41.9867
2021-10-11,BBRE,84.6019
2021-10-11,JAGG,45.4914
2021-10-11,JAVA,46.6313
2021-10-11,JCPB,43.949
2021-10-11,JEMA,41.9799
2021-10-11,JEPI,39.4322
2021-10-11,JMST,45.3279
2021-10-11,JPST,41.995
2021-10-12,BBRE,85.6042
2021-10-12,JAGG,45.6418
2021-10-12,JAVA,46.4448
2021-10-12,JCPB,44.0262
2021-10-12,JEMA,41.6375
2021-10-12,JEPI,39.3993
2021-10-12,JMST,45.3279
2021-10-12,JPST,41.9702
2021-10-13,BBRE,86.5159
2021-10-13,JAGG,45.7532
2021-10-13,JAVA,46.4411
2021-10-13,JCPB,44.1772
2021-10-13,JEMA,42.1501
2021-10-13,JEPI,39.5964
2021-10-13,JMST,45.3324
2021-10-13,JPST,41.9867
2021-10-14,BBRE,87.5942
2021-10-14,JAGG,45.8336
2021-10-14,JAVA,47.107
2021-10-14,JCPB,44.2779
2021-10-14,JEMA,42.2887
2021-10-14,JEPI,40.0432
2021-10-14,JMST,45.3368
2021-10-14,JPST,41.9702
2021-10-15,BBRE,87.678
2021-10-15,JAGG,45.7369
2021-10-15,JAVA,47.6209
2021-10-15,JCPB,44.2454
2021-10-15,JEMA,42.8092
2021-10-15,JEPI,40.2271
2021-10-15,JMST,45.3279
2021-10-15,JPST,41.9784
2021-10-18,BBRE,88.0064
2021-10-18,JAGG,45.7278
2021-10-18,JAVA,47.4987
2021-10-18,JCPB,44.2454
2021-10-18,JEMA,42.7033
2021-10-18,JEPI,40.1811
2021-10-18,JMST,45.3368
2021-10-18,JPST,41.9702
2021-10-19,BBRE,87.7472
2021-10-19,JAGG,45.6011
2021-10-19,JAVA,47.7738
2021-10-19,JCPB,44.148
2021-10-19,JEMA,43.2857
2021-10-19,JEPI,40.3651
2021-10-19,JMST,45.3279
2021-10-19,JPST,41.9702
2021-10-20,BBRE,89.1556
2021-10-20,JAGG,45.5505
2021-10-20,JAVA,48.1712
2021-10-20,JCPB,44.1155
2021-10-20,JEMA,43.2742
2021-10-20,JEPI,40.5359
2021-10-20,JMST,45.3102
2021-10-20,JPST,41.9619
2021-10-21,BBRE,89.1556
2021-10-21,JAGG,45.4576
2021-10-21,JAVA,48.1339
2021-10-21,JCPB,44.0262
2021-10-21,JEMA,43.0121
2021-10-21,JEPI,40.6016
2021-10-21,JMST,45.3279
2021-10-21,JPST,41.9702
2021-10-22,BBRE,89.3457
2021-10-22,JAGG,45.5167
2021-10-22,JAVA,48.3652
2021-10-22,JCPB,44.0546
2021-10-22,JEMA,43.0951
2021-10-22,JEPI,40.7593
2021-10-22,JMST,45.3279
2021-10-22,JPST,41.937
2021-10-25,BBRE,89.6049
2021-10-25,JAGG,45.5593
2021-10-25,JAVA,48.4174
2021-10-25,JCPB,44.1236
2021-10-25,JEMA,43.3827
2021-10-25,JEPI,40.7659
2021-10-25,JMST,45.319
2021-10-25,JPST,41.9453
2021-10-26,BBRE,89.8469
2021-10-26,JAGG,45.6434
2021-10-26,JAVA,48.4304
2021-10-26,JCPB,44.1886
2021-10-26,JEMA,43.2151
2021-10-26,JEPI,40.7856
2021-10-26,JMST,45.3013
2021-10-26,JPST,41.9536
2021-10-27,BBRE,89.2075
2021-10-27,JAGG,45.8376
2021-10-27,JAVA,47.674
2021-10-27,JCPB,44.2942
2021-10-27,JEMA,42.8763
2021-10-27,JEPI,40.5819
2021-10-27,JMST,45.319
2021-10-27,JPST,41.9577
2021-10-28,BBRE,90.4776
2021-10-28,JAGG,45.7869
2021-10-28,JAVA,48.0359
2021-10-28,JCPB,44.3015
2021-10-28,JEMA,43.0739
2021-10-28,JEPI,40.7199
2021-10-28,JMST,45.3057
2021-10-28,JPST,41.9453
2021-10-29,BBRE,89.5617
2021-10-29,JAGG,45.7706
2021-10-29,JAVA,47.9287
2021-10-29,JCPB,44.2658
2021-10-29,JEMA,42.5004
2021-10-29,JEPI,40.7199
2021-10-29,JMST,45.3146
2021-10-29,JPST,41.9287
2021-11-01,BBRE,90.0975
2021-11-01,JAGG,45.7433
2021-11-01,JAVA,48.2626
2021-11-01,JCPB,44.2511
2021-11-01,JEMA,42.9036
2021-11-01,JEPI,40.6115
2021-11-01,JMST,45.2986
2021-11-01,JPST,41.9312
2021-11-02,BBRE,90.7196
2021-11-02,JAGG,45.7771
2021-11-02,JAVA,48.2635
2021-11-02,JCPB,44.247
2021-11-02,JEMA,42.5622
2021-11-02,JEPI,40.7106
2021-11-02,JMST,45.3164
2021-11-02,JPIE,38.9453
2021-11-02,JPST,41.9312
2021-11-03,BBRE,91.4713
2021-11-03,JAGG,45.7517
2021-11-03,JAVA,48.7849
2021-11-03,JCPB,44.2348
2021-11-03,JEMA,42.7766
2021-11-03,JEPI,40.7701
2021-11-03,JMST,45.3164
2021-11-03,JPIE,38.9986
2021-11-03,JPST,41.9478
2021-11-04,BBRE,90.2962
2021-11-04,JAGG,45.8785
2021-11-04,JAVA,48.547
2021-11-04,JCPB,44.3121
2021-11-04,JEMA,42.5798
2021-11-04,JEPI,40.7569
2021-11-04,JMST,45.3252
2021-11-04,JPIE,39.011
2021-11-04,JPST,41.9519
2021-11-05,BBRE,91.0134
2021-11-05,JAGG,46.0645
2021-11-05,JAVA,49.0152
2021-11-05,JCPB,44.5114
2021-11-05,JEMA,42.7051
2021-11-05,JEPI,40.671
2021-11-05,JMST,45.3164
2021-11-05,JPIE,39.0458
2021-11-05,JPST,41.9561
2021-11-08,BBRE,90.8155
2021-11-08,JAGG,45.9885
2021-11-08,JAVA,49.1104
2021-11-08,JCPB,44.4992
2021-11-08,JEMA,43.0289
2021-11-08,JEPI,40.5784
2021-11-08,JMST,45.3252
2021-11-08,JPIE,39.0574
2021-11-08,JPST,41.9561
2021-11-09,BBRE,91.022
2021-11-09,JAGG,46.1152
2021-11-09,JAVA,49.0012
2021-11-09,JCPB,44.5562
2021-11-09,JEMA,42.9416
2021-11-09,JEPI,40.6776
2021-11-09,JMST,45.3252
2021-11-09,JPIE,39.0458
2021-11-09,JPST,41.9561
2021-11-10,BBRE,90.8742
2021-11-10,JAGG,45.8278
2021-11-10,JAVA,48.7643
2021-11-10,JCPB,44.4016
2021-11-10,JEMA,42.6566
2021-11-10,JEPI,40.7701
2021-11-10,JMST,45.3341
2021-11-10,JPIE,39.0187
2021-11-10,JPST,41.9561
2021-11-11,BBRE,91.0739
2021-11-11,JAGG,45.7433
2021-11-11,JAVA,48.8278
2021-11-11,JCPB,44.3203
2021-11-11,JEMA,43.3033
2021-11-11,JEPI,40.7569
2021-11-11,JMST,45.3164
2021-11-11,JPIE,38.9453
2021-11-11,JPST,41.9312
2021-11-12,BBRE,91.0652
2021-11-12,JAGG,45.701
2021-11-12,JAVA,48.9154
2021-11-12,JCPB,44.2796
2021-11-12,JEMA,43.3386
2021-11-12,JEPI,40.9486
2021-11-12,JMST,45.3252
2021-11-12,JPIE,39.0033
2021-11-12,JPST,41.9395
2021-11-15,BBRE,92.1021
2021-11-15,JAGG,45.5573
2021-11-15,JAVA,48.894
2021-11-15,JCPB,44.0965
2021-11-15,JEMA,43.3298
2021-11-15,JEPI,40.975
2021-11-15,JMST,45.3252
2021-11-15,JPIE,38.9298
2021-11-15,JPST,41.9312
2021-11-16,BBRE,91.48
2021-11-16,JAGG,45.5235
2021-11-16,JAVA,48.783
2021-11-16,JCPB,44.1169
2021-11-16,JEMA,43.2459
2021-11-16,JEPI,41.0146
2021-11-16,JMST,45.2986
2021-11-16,JPIE,38.9159
2021-11-16,JPST,41.9312
2021-11-17,BBRE,91.9293
2021-11-17,JAGG,45.6249
2021-11-17,JAVA,48.5564
2021-11-17,JCPB,44.1413
2021-11-17,JEMA,43.1454
2021-11-17,JEPI,40.9023
2021-11-17,JMST,45.2897
2021-11-17,JPIE,38.9375
2021-11-17,JPST,41.9395
2021-11-18,BBRE,92.033
2021-11-18,JAGG,45.6841
2021-11-18,JAVA,48.422
2021-11-18,JCPB,44.182
2021-11-18,JEMA,42.6813
2021-11-18,JEPI,40.7965
2021-11-18,JMST,45.2986
2021-11-18,JPIE,38.9375
2021-11-18,JPST,41.9312
2021-11-19,BBRE,91.2899
2021-11-19,JAGG,45.7644
2021-11-19,JAVA,47.8279
2021-11-19,JCPB,44.3203
2021-11-19,JEMA,42.5692
2021-11-19,JEPI,40.7437
2021-11-19,JMST,45.272
2021-11-19,JPIE,38.9414
2021-11-19,JPST,41.9271
2021-11-22,BBRE,91.0134
2021-11-22,JAGG,45.5319
2021-11-22,JAVA,48.188
2021-11-22,JCPB,44.1291
2021-11-22,JEMA,42.219
2021-11-22,JEPI,40.7701
2021-11-22,JMST,45.2809
2021-11-22,JPIE,38.8572
2021-11-22,JPST,41.9312
2021-11-23,BBRE,91.6096
2021-11-23,JAGG,45.3629
2021-11-23,JAVA,48.6114
2021-11-23,JCPB,43.9696
2021-11-23,JEMA,42.136
2021-11-23,JEPI,40.9023
2021-11-23,JMST,45.2986
2021-11-23,JPIE,38.8177
2021-11-23,JPST,41.9146
2021-11-24,BBRE,92.6983
2021-11-24,JAGG,45.422
2021-11-24,JAVA,48.4939
2021-11-24,JCPB,44.0315
2021-11-24,JEMA,41.9807
2021-11-24,JEPI,40.9221
2021-11-24,JMST,45.2809
2021-11-24,JPIE,38.7559
2021-11-24,JPST,41.9063
2021-11-26,BBRE,89.8123
2021-11-26,JAGG,45.7095
2021-11-26,JAVA,46.94
2021-11-26,JCPB,44.2072
2021-11-26,JEMA,40.7534
2021-11-26,JEPI,40.552
2021-11-26,JMST,45.2809
2021-11-26,JPIE,38.582
2021-11-26,JPST,41.9229
2021-11-29,BBRE,90.6937
2021-11-29,JAGG,45.7686
2021-11-29,JAVA,47.2208
2021-11-29,JCPB,44.2552
2021-11-29,JEMA,40.9476
2021-11-29,JEPI,40.6776
2021-11-29,JMST,45.2809
2021-11-29,JPIE,38.6747
2021-11-29,JPST,41.9395
2021-11-30,BBRE,88.81
2021-11-30,JAGG,45.8532
2021-11-30,JAVA,46.012
2021-11-30,JCPB,44.3528
2021-11-30,JEMA,40.7993
2021-11-30,JEPI,40.0299
2021-11-30,JMST,45.2897
2021-11-30,JPIE,38.6477
2021-11-30,JPST,41.9395
2021-12-01,BBRE,87.4447
2021-12-01,JAGG,45.8905
2021-12-01,JAVA,45.6315
2021-12-01,JCPB,44.3764
2021-12-01,JEMA,40.9061
2021-12-01,JEPI,39.6861
2021-12-01,JMST,45.2995
2021-12-01,JPIE,38.6655
2021-12-01,JPST,41.9271
2021-12-02,BBRE,89.8728
2021-12-02,JAGG,45.8651
2021-12-02,JAVA,46.6341
2021-12-02,JCPB,44.374
2021-12-02,JEMA,41.4302
2021-12-02,JEPI,40.2248
2021-12-02,JMST,45.3084
2021-12-02,JPIE,38.743
2021-12-02,JPST,41.8939
2021-12-03,BBRE,89.4753
2021-12-03,JAGG,46.0513
2021-12-03,JAVA,46.4644
2021-12-03,JCPB,44.5174
2021-12-03,JEMA,41.0367
2021-12-03,JEPI,40.3379
2021-12-03,JMST,45.2906
2021-12-03,JPIE,38.7818
2021-12-03,JPST,41.9105
2021-12-06,BBRE,91.2069
2021-12-06,JAGG,45.899
2021-12-06,JAVA,47.3402
2021-12-06,JCPB,44.4416
2021-12-06,JEMA,41.3093
2021-12-06,JEPI,40.7436
2021-12-06,JMST,45.3084
2021-12-06,JPIE,38.712
2021-12-06,JPST,41.9105
2021-12-07,BBRE,92.1971
2021-12-07,JAGG,45.8397
2021-12-07,JAVA,47.9968
2021-12-07,JCPB,44.409
2021-12-07,JEMA,41.9154
2021-12-07,JEPI,41.1958
2021-12-07,JMST,45.335
2021-12-07,JPIE,38.898
2021-12-07,JPST,41.9022
2021-12-08,BBRE,93.0785
2021-12-08,JAGG,45.6958
2021-12-08,JAVA,48.0639
2021-12-08,JCPB,44.2868
2021-12-08,JEMA,42.2622
2021-12-08,JEPI,41.1293
2021-12-08,JMST,45.2906
2021-12-08,JPIE,38.8941
2021-12-08,JPST,41.9022
2021-12-09,BBRE,91.7133
2021-12-09,JAGG,45.7127
2021-12-09,JAVA,47.8988
2021-12-09,JCPB,44.3112
2021-12-09,JEMA,42.1034
2021-12-09,JEPI,41.1027
2021-12-09,JMST,45.335
2021-12-09,JPIE,38.8709
2021-12-09,JPST,41.8939
2021-12-10,BBRE,91.7478
2021-12-10,JAGG,45.7297
2021-12-10,JAVA,48.0854
2021-12-10,JCPB,44.3194
2021-12-10,JEMA,42.0592
2021-12-10,JEPI,41.3688
2021-12-10,JMST,45.3262
2021-12-10,JPIE,38.8748
2021-12-10,JPST,41.9188
2021-12-13,BBRE,92.5514
2021-12-13,JAGG,45.8651
2021-12-13,JAVA,47.5575
2021-12-13,JCPB,44.4253
2021-12-13,JEMA,41.4681
2021-12-13,JEPI,41.4752
2021-12-13,JMST,45.335
2021-12-13,JPIE,38.8399
2021-12-13,JPST,41.9022
2021-12-14,BBRE,91.3849
2021-12-14,JAGG,45.7805
2021-12-14,JAVA,47.5304
2021-12-14,JCPB,44.4009
2021-12-14,JEMA,41.2714
2021-12-14,JEPI,41.2357
2021-12-14,JMST,45.335
2021-12-14,JPIE,38.8593
2021-12-14,JPST,41.9022
2021-12-15,BBRE,92.7934
2021-12-15,JAGG,45.7419
2021-12-15,JAVA,47.833
2021-12-15,JCPB,44.3592
2021-12-15,JEMA,41.2289
2021-12-15,JEPI,41.688
2021-12-15,JMST,45.3084
2021-12-15,JPIE,38.836
2021-12-15,JPST,41.9238
2021-12-16,BBRE,92.5082
2021-12-16,JAGG,45.797
2021-12-16,JAVA,48.0329
2021-12-16,JCPB,44.4001
2021-12-16,JEMA,41.2201
2021-12-16,JEPI,41.8476
2021-12-16,JMST,45.3439
2021-12-16,JPIE,38.8593
2021-12-16,JPST,41.9155
2021-12-17,BBRE,92.4564
2021-12-17,JAGG,45.8775
2021-12-17,JAVA,47.3941
2021-12-17,JCPB,44.4246
2021-12-17,JEMA,40.9019
2021-12-17,JEPI,41.402
2021-12-17,JMST,45.3528
2021-12-17,JPIE,38.8438
2021-12-17,JPST,41.9321
2021-12-20,BBRE,91.6355
2021-12-20,JAGG,45.8012
2021-12-20,JAVA,46.7972
2021-12-20,JCPB,44.3756
2021-12-20,JEMA,40.3706
2021-12-20,JEPI,41.0828
2021-12-20,JMST,45.3439
2021-12-20,JPIE,38.8941
2021-12-20,JPST,41.9238
2021-12-21,BBRE,92.8732
2021-12-21,JAGG,45.7419
2021-12-21,JAVA,47.8039
2021-12-21,JCPB,44.3715
2021-12-21,JEMA,41.0598
2021-12-21,JEPI,41.422
2021-12-21,JMST,45.3173
2021-12-21,JPIE,38.9794
2021-12-21,JPST,41.9155
2021-12-22,BBRE,93.7523
2021-12-22,JAGG,45.7759
2021-12-22,JAVA,48.161
2021-12-22,JCPB,44.4246
2021-12-22,JEMA,41.3015
2021-12-22,JEPI,41.6215
2021-12-22,JMST,45.3439
2021-12-22,JPIE,39.0104
2021-12-22,JPST,41.9155
2021-12-23,BBRE,93.6279
2021-12-23,JAGG,45.7249
2021-12-23,JAVA,48.6297
2021-12-23,JCPB,44.4001
2021-12-23,JEMA,41.579
2021-12-23,JEPI,41.7811
2021-12-23,JMST,45.3439
2021-12-23,JPIE,39.0298
2021-12-23,JPST,41.9071
2021-12-27,BBRE,95.058
2021-12-27,JAGG,45.7758
2021-12-27,JAVA,49.0131
2021-12-27,JCPB,44.3919
2021-12-27,JEMA,41.8207
2021-12-27,JEPI,42.1137
2021-12-27,JMST,45.3528
2021-12-27,JPIE,39.022
2021-12-27,JPST,41.9071
2021-12-28,BBRE,95.38
2021-12-28,JAGG,45.7503
2021-12-28,JAVA,49.0703
2021-12-28,JCPB,44.4164
2021-12-28,JEMA,41.6954
2021-12-28,JEPI,42.1336
2021-12-28,JMST,45.3528
2021-12-28,JPIE,39.0414
2021-12-28,JPST,41.9071
2021-12-29,BBRE,96.1286
2021-12-29,JAGG,45.6233
2021-12-29,JAVA,49.209
2021-12-29,JCPB,44.3143
2021-12-29,JEMA,41.5092
2021-12-29,JEPI,42.3065
2021-12-29,JMST,45.3617
2021-12-29,JPIE,39.0763
2021-12-29,JPST,41.9155
2021-12-30,BBRE,96.4245
2021-12-30,JAGG,45.6885
2021-12-30,JAVA,49.0647
2021-12-30,JCPB,44.3708
2021-12-30,JEMA,41.9098
2021-12-30,JEPI,42.2523
2021-12-30,JMST,45.3475
2021-12-30,JPIE,39.0817
2021-12-30,JPST,41.9096
2021-12-31,BBRE,96.6682
2021-12-31,JAGG,45.7564
2021-12-31,JAVA,49.0731
2021-12-31,JCPB,44.3871
2021-12-31,JEMA,41.7216
2021-12-31,JEPI,42.3326
2021-12-31,JMST,45.3563
2021-12-31,JPIE,39.0623
2021-12-31,JPST,41.9179
2022-01-03,BBRE,96.0328
2022-01-03,JAGG,45.417
2022-01-03,JAVA,49.5052
2022-01-03,JCPB,44.1581
2022-01-03,JEMA,41.917
2022-01-03,JEPI,42.1451
2022-01-03,JMST,45.3475
2022-01-03,JPIE,39.0623
2022-01-03,JPST,41.9179
2022-01-04,BBRE,96.3462
2022-01-04,JAGG,45.3916
2022-01-04,JAVA,50.2645
2022-01-04,JCPB,44.1254
2022-01-04,JEMA,41.7637
2022-01-04,JEPI,42.2322
2022-01-04,JMST,45.3519
2022-01-04,JPIE,39.0662
2022-01-04,JPST,41.9096
2022-01-05,BBRE,94.2746
2022-01-05,JAGG,45.2813
2022-01-05,JAVA,49.7883
2022-01-05,JCPB,44.0027
2022-01-05,JEMA,41.0046
2022-01-05,JEPI,42.1317
2022-01-05,JMST,45.3386
2022-01-05,JPIE,38.9767
2022-01-05,JPST,41.9096
2022-01-06,BBRE,94.2572
2022-01-06,JAGG,45.2304
2022-01-06,JAVA,49.9523
2022-01-06,JCPB,43.9536
2022-01-06,JEMA,41.0727
2022-01-06,JEPI,42.0446
2022-01-06,JMST,45.3475
2022-01-06,JPIE,38.8873
2022-01-06,JPST,41.9096
2022-01-07,BBRE,93.4999
2022-01-07,JAGG,45.1116
2022-01-07,JAVA,50.3526
2022-01-07,JCPB,43.8391
2022-01-07,JEMA,41.4527
2022-01-07,JEPI,41.9106
2022-01-07,JMST,45.3119
2022-01-07,JPIE,38.867
2022-01-07,JPST,41.9179
2022-01-10,BBRE,93.0299
2022-01-10,JAGG,45.0607
2022-01-10,JAVA,50.1538
2022-01-10,JCPB,43.7982
2022-01-10,JEMA,41.3989
2022-01-10,JEPI,41.8235
2022-01-10,JMST,45.2942
2022-01-10,JPIE,38.8212
2022-01-10,JPST,41.9179
2022-01-11,BBRE,93.1953
2022-01-11,JAGG,45.137
2022-01-11,JAVA,50.6947
2022-01-11,JCPB,43.88
2022-01-11,JEMA,42.1339
2022-01-11,JEPI,41.9173
2022-01-11,JMST,45.2853
2022-01-11,JPIE,38.8134
2022-01-11,JPST,41.9304
2022-01-12,BBRE,93.3694
2022-01-12,JAGG,45.1455
2022-01-12,JAVA,50.8147
2022-01-12,JCPB,43.8759
2022-01-12,JEMA,42.6537
2022-01-12,JEPI,42.0178
2022-01-12,JMST,45.2853
2022-01-12,JPIE,38.8989
2022-01-12,JPST,41.9179
2022-01-13,BBRE,93.439
2022-01-13,JAGG,45.1964
2022-01-13,JAVA,50.7387
2022-01-13,JCPB,43.9291
2022-01-13,JEMA,41.8381
2022-01-13,JEPI,41.8302
2022-01-13,JMST,45.2764
2022-01-13,JPIE,38.86
2022-01-13,JPST,41.9013
2022-01-14,BBRE,92.8471
2022-01-14,JAGG,44.9758
2022-01-14,JAVA,50.8606
2022-01-14,JCPB,43.7778
2022-01-14,JEMA,41.8516
2022-01-14,JEPI,41.6627
2022-01-14,JMST,45.2586
2022-01-14,JPIE,38.8212
2022-01-14,JPST,41.9055
2022-01-18,BBRE,91.8897
2022-01-18,JAGG,44.7383
2022-01-18,JAVA,50.1735
2022-01-18,JCPB,43.4899
2022-01-18,JEMA,41.2376
2022-01-18,JEPI,41.167
2022-01-18,JMST,45.2586
2022-01-18,JPIE,38.7278
2022-01-18,JPST,41.8847
2022-01-19,BBRE,90.6362
2022-01-19,JAGG,44.7722
2022-01-19,JAVA,49.6917
2022-01-19,JCPB,43.6019
2022-01-19,JEMA,41.3989
2022-01-19,JEPI,40.9794
2022-01-19,JMST,45.232
2022-01-19,JPIE,38.7224
2022-01-19,JPST,41.893
2022-01-20,BBRE,89.3829
2022-01-20,JAGG,44.8401
2022-01-20,JAVA,49.1865
2022-01-20,JCPB,43.5488
2022-01-20,JEMA,41.6678
2022-01-20,JEPI,40.6646
2022-01-20,JMST,45.2364
2022-01-20,JPIE,38.7123
2022-01-20,JPST,41.893
2022-01-21,BBRE,89.2175
2022-01-21,JAGG,44.9589
2022-01-21,JAVA,48.4694
2022-01-21,JCPB,43.6756
2022-01-21,JEMA,40.8881
2022-01-21,JEPI,40.2425
2022-01-21,JMST,45.2142
2022-01-21,JPIE,38.685
2022-01-21,JPST,41.893
2022-01-24,BBRE,88.9303
2022-01-24,JAGG,44.891
2022-01-24,JAVA,48.5875
2022-01-24,JCPB,43.6919
2022-01-24,JEMA,40.4847
2022-01-24,JEPI,40.3698
2022-01-24,JMST,45.1876
2022-01-24,JPIE,38.7084
2022-01-24,JPST,41.893
2022-01-25,BBRE,88.7214
2022-01-25,JAGG,44.8825
2022-01-25,JAVA,48.6569
2022-01-25,JCPB,43.5938
2022-01-25,JEMA,40.4758
2022-01-25,JEPI,39.9209
2022-01-25,JMST,45.1698
2022-01-25,JPIE,38.6944
2022-01-25,JPST,41.8847
2022-01-26,BBRE,87.6594
2022-01-26,JAGG,44.645
2022-01-26,JAVA,48.5679
2022-01-26,JCPB,43.458
2022-01-26,JEMA,40.0276
2022-01-26,JEPI,39.6999
2022-01-26,JMST,45.1609
2022-01-26,JPIE,38.713
2022-01-26,JPST,41.8764
2022-01-27,BBRE,86.3538
2022-01-27,JAGG,44.7637
2022-01-27,JAVA,48.4329
2022-01-27,JCPB,43.4564
2022-01-27,JEMA,39.5706
2022-01-27,JEPI,39.7065
2022-01-27,JMST,45.1076
2022-01-27,JPIE,38.5684
2022-01-27,JPST,41.8764
2022-01-28,BBRE,88.7997
2022-01-28,JAGG,44.7892
2022-01-28,JAVA,48.8406
2022-01-28,JCPB,43.4793
2022-01-28,JEMA,39.696
2022-01-28,JEPI,40.4435
2022-01-28,JMST,45.0898
2022-01-28,JPIE,38.5707
2022-01-28,JPST,41.9013
2022-01-31,BBRE,89.9399
2022-01-31,JAGG,44.7977
2022-01-31,JAVA,49.313
2022-01-31,JCPB,43.4678
2022-01-31,JEMA,40.9508
2022-01-31,JEPI,40.8588
2022-01-31,JMST,45.1609
2022-01-31,JPIE,38.5761
2022-01-31,JPST,41.9179
2022-02-01,BBRE,89.4351
2022-02-01,JAGG,44.756
2022-02-01,JAVA,49.9186
2022-02-01,JCPB,43.4694
2022-02-01,JEMA,41.2107
2022-02-01,JEPI,40.9815
2022-02-01,JMST,45.1609
2022-02-01,JPIE,38.6682
2022-02-01,JPST,41.8947
2022-02-02,BBRE,90.6362
2022-02-02,JAGG,44.8324
2022-02-02,JAVA,50.2532
2022-02-02,JCPB,43.4817
2022-02-02,JEMA,41.2197
2022-02-02,JEPI,41.4399
2022-02-02,JMST,45.152
2022-02-02,JPIE,38.6643
2022-02-02,JPST,41.8947
2022-02-03,BBRE,89.5831
2022-02-03,JAGG,44.6795
2022-02-03,JAVA,49.7236
2022-02-03,JCPB,43.3662
2022-02-03,JEMA,40.7088
2022-02-03,JEPI,41.0692
2022-02-03,JMST,45.1698
2022-02-03,JPIE,38.6182
2022-02-03,JPST,41.8988
2022-02-04,BBRE,88.7039
2022-02-04,JAGG,44.3992
2022-02-04,JAVA,49.8427
2022-02-04,JCPB,43.1213
2022-02-04,JEMA,40.8612
2022-02-04,JEPI,40.8736
2022-02-04,JMST,45.1698
2022-02-04,JPIE,38.5644
2022-02-04,JPST,41.8781
2022-02-07,BBRE,88.3993
2022-02-07,JAGG,44.3992
2022-02-07,JAVA,49.9055
2022-02-07,JCPB,43.0803
2022-02-07,JEMA,40.7357
2022-02-07,JEPI,40.7186
2022-02-07,JMST,45.1787
2022-02-07,JPIE,38.4537
2022-02-07,JPST,41.8864
2022-02-08,BBRE,87.9205
2022-02-08,JAGG,44.3143
2022-02-08,JAVA,50.6047
2022-02-08,JCPB,43.0312
2022-02-08,JEMA,40.9777
2022-02-08,JEPI,40.9815
2022-02-08,JMST,45.1698
2022-02-08,JPIE,38.52
2022-02-08,JPST,41.8698
2022-02-09,BBRE,89.9922
2022-02-09,JAGG,44.3143
2022-02-09,JAVA,51.1418
2022-02-09,JCPB,43.0918
2022-02-09,JEMA,41.6409
2022-02-09,JEPI,41.3321
2022-02-09,JMST,45.1609
2022-02-09,JPIE,38.4771
2022-02-09,JPST,41.8864
2022-02-10,BBRE,87.9119
2022-02-10,JAGG,44.0509
2022-02-10,JAVA,50.6497
2022-02-10,JCPB,42.7936
2022-02-10,JEMA,41.2555
2022-02-10,JEPI,40.786
2022-02-10,JMST,45.1431
2022-02-10,JPIE,38.4116
2022-02-10,JPST,41.8615
2022-02-11,BBRE,87.3635
2022-02-11,JAGG,44.1359
2022-02-11,JAVA,50.2298
2022-02-11,JCPB,42.8272
2022-02-11,JEMA,40.7178
2022-02-11,JEPI,40.368
2022-02-11,JMST,45.1076
2022-02-11,JPIE,38.2392
2022-02-11,JPST,41.8615
2022-02-14,BBRE,86.5453
2022-02-14,JAGG,44.0
2022-02-14,JAVA,49.8052
2022-02-14,JCPB,42.7117
2022-02-14,JEMA,40.4184
2022-02-14,JEPI,40.2534
2022-02-14,JMST,45.0854
2022-02-14,JPIE,38.1729
2022-02-14,JPST,41.8365
2022-02-15,BBRE,87.2504
2022-02-15,JAGG,43.932
2022-02-15,JAVA,50.4163
2022-02-15,JCPB,42.6085
2022-02-15,JEMA,41.2735
2022-02-15,JEPI,40.5501
2022-02-15,JMST,45.0898
2022-02-15,JPIE,38.2197
2022-02-15,JPST,41.8615
2022-02-16,BBRE,87.7378
2022-02-16,JAGG,43.932
2022-02-16,JAVA,50.6628
2022-02-16,JCPB,42.6462
2022-02-16,JEMA,41.4707
2022-02-16,JEPI,40.6579
2022-02-16,JMST,45.0987
2022-02-16,JPIE,38.2782
2022-02-16,JPST,41.8615
2022-02-17,BBRE,87.1372
2022-02-17,JAGG,44.017
2022-02-17,JAVA,49.8792
2022-02-17,JCPB,42.6953
2022-02-17,JEMA,40.906
2022-02-17,JEPI,40.2602
2022-02-17,JMST,45.0898
2022-02-17,JPIE,38.2392
2022-02-17,JPST,41.8781
2022-02-18,BBRE,86.6237
2022-02-18,JAGG,44.0934
2022-02-18,JAVA,49.6739
2022-02-18,JCPB,42.7772
2022-02-18,JEMA,40.5565
2022-02-18,JEPI,40.1388
2022-02-18,JMST,45.081
2022-02-18,JPIE,38.247
2022-02-18,JPST,41.8615
2022-02-22,BBRE,86.1275
2022-02-22,JAGG,44.0679
2022-02-22,JAVA,49.1799
2022-02-22,JCPB,42.7363
2022-02-22,JEMA,39.8215
2022-02-22,JEPI,39.8152
2022-02-22,JMST,45.0365
2022-02-22,JPIE,38.2236
2022-02-22,JPST,41.8531
2022-02-23,BBRE,84.9699
2022-02-23,JAGG,43.9065
2022-02-23,JAVA,48.6147
2022-02-23,JCPB,42.6257
2022-02-23,JEMA,39.3913
2022-02-23,JEPI,39.3231
2022-02-23,JMST,45.1076
2022-02-23,JPIE,38.1768
2022-02-23,JPST,41.8531
2022-02-24,BBRE,86.171
2022-02-24,JAGG,43.9575
2022-02-24,JAVA,48.4825
2022-02-24,JCPB,42.6208
2022-02-24,JEMA,38.2261
2022-02-24,JEPI,39.5658
2022-02-24,JMST,45.0454
2022-02-24,JPIE,38.1573
2022-02-24,JPST,41.8698
2022-02-25,BBRE,88.4167
2022-02-25,JAGG,43.9915
2022-02-25,JAVA,49.8473
2022-02-25,JCPB,42.7117
2022-02-25,JEMA,39.0507
2022-02-25,JEPI,40.4692
2022-02-25,JMST,45.1076
2022-02-25,JPIE,38.3445
2022-02-25,JPST,41.8365
2022-02-28,BBRE,87.0589
2022-02-28,JAGG,44.2888
2022-02-28,JAVA,49.688
2022-02-28,JCPB,42.8993
2022-02-28,JEMA,38.3785
2022-02-28,JEPI,40.3546
2022-02-28,JMST,45.0898
2022-02-28,JPIE,38.286
2022-02-28,JPST,41.8407
2022-03-01,BBRE,86.4147
2022-03-01,JAGG,44.4973
2022-03-01,JAVA,48.7619
2022-03-01,JCPB,43.0733
2022-03-01,JEMA,37.6973
2022-03-01,JEPI,39.9415
2022-03-01,JMST,45.1218
2022-03-01,JPIE,38.1953
2022-03-01,JPST,41.8648
2022-03-02,BBRE,88.0772
2022-03-02,JAGG,44.0891
2022-03-02,JAVA,49.762
2022-03-02,JCPB,42.8968
2022-03-02,JEMA,37.769
2022-03-02,JEPI,40.4374
2022-03-02,JMST,45.0685
2022-03-02,JPIE,38.3243
2022-03-02,JPST,41.8274
2022-03-03,BBRE,88.8432
2022-03-03,JAGG,44.1656
2022-03-03,JAVA,49.5061
2022-03-03,JCPB,42.8681
2022-03-03,JEMA,37.3568
2022-03-03,JEPI,40.5801
2022-03-03,JMST,45.104
2022-03-03,JPIE,38.2266
2022-03-03,JPST,41.8316
2022-03-04,BBRE,89.496
2022-03-04,JAGG,44.3187
2022-03-04,JAVA,49.2793
2022-03-04,JCPB,42.9871
2022-03-04,JEMA,36.4694
2022-03-04,JEPI,40.6684
2022-03-04,JMST,45.1129
2022-03-04,JPIE,38.0898
2022-03-04,JPST,41.8316
2022-03-07,BBRE,87.7987
2022-03-07,JAGG,44.2507
2022-03-07,JAVA,47.9783
2022-03-07,JCPB,42.8763
2022-03-07,JEMA,34.9906
2022-03-07,JEPI,39.9958
2022-03-07,JMST,45.1129
2022-03-07,JPIE,38.0023
2022-03-07,JPST,41.7983
2022-03-08,BBRE,87.5463
2022-03-08,JAGG,44.0295
2022-03-08,JAVA,47.6183
2022-03-08,JCPB,42.6301
2022-03-08,JEMA,35.1609
2022-03-08,JEPI,39.4795
2022-03-08,JMST,45.1218
2022-03-08,JPIE,37.9335
2022-03-08,JPST,41.79
2022-03-09,BBRE,88.8084
2022-03-09,JAGG,43.8764
2022-03-09,JAVA,48.4825
2022-03-09,JCPB,42.5481
2022-03-09,JEMA,35.9953
2022-03-09,JEPI,40.023
2022-03-09,JMST,45.104
2022-03-09,JPIE,38.0038
2022-03-09,JPST,41.7817
2022-03-10,BBRE,89.0086
2022-03-10,JAGG,43.6638
2022-03-10,JAVA,48.6016
2022-03-10,JCPB,42.3265
2022-03-10,JEMA,35.3939
2022-03-10,JEPI,39.9822
2022-03-10,JMST,45.104
2022-03-10,JPIE,37.9257
2022-03-10,JPST,41.7651
2022-03-11,BBRE,88.1469
2022-03-11,JAGG,43.6043
2022-03-11,JAVA,48.1742
2022-03-11,JCPB,42.3019
2022-03-11,JEMA,34.8203
2022-03-11,JEPI,39.8396
2022-03-11,JMST,45.0863
2022-03-11,JPIE,37.7928
2022-03-11,JPST,41.7651
2022-03-14,BBRE,87.3583
2022-03-14,JAGG,43.2046
2022-03-14,JAVA,48.2201
2022-03-14,JCPB,41.9367
2022-03-14,JEMA,34.0674
2022-03-14,JEPI,39.8871
2022-03-14,JMST,45.0596
2022-03-14,JPIE,37.6216
2022-03-14,JPST,41.7484
2022-03-15,BBRE,88.025
2022-03-15,JAGG,43.2216
2022-03-15,JAVA,48.7591
2022-03-15,JCPB,41.908
2022-03-15,JEMA,34.0495
2022-03-15,JEPI,40.5054
2022-03-15,JMST,45.0507
2022-03-15,JPIE,37.6114
2022-03-15,JPST,41.7568
2022-03-16,BBRE,88.9651
2022-03-16,JAGG,43.2981
2022-03-16,JAVA,49.509
2022-03-16,JCPB,42.0147
2022-03-16,JEMA,36.4641
2022-03-16,JEPI,40.8451
2022-03-16,JMST,45.0418
2022-03-16,JPIE,37.8006
2022-03-16,JPST,41.7568
2022-03-17,BBRE,90.0531
2022-03-17,JAGG,43.3321
2022-03-17,JAVA,50.1763
2022-03-17,JCPB,42.0672
2022-03-17,JEMA,36.5053
2022-03-17,JEPI,41.2392
2022-03-17,JMST,45.0596
2022-03-17,JPIE,37.871
2022-03-17,JPST,41.7484
2022-03-18,BBRE,90.4013
2022-03-18,JAGG,43.4342
2022-03-18,JAVA,50.2935
2022-03-18,JCPB,42.2116
2022-03-18,JEMA,37.061
2022-03-18,JEPI,41.375
2022-03-18,JMST,45.0774
2022-03-18,JPIE,37.9429
2022-03-18,JPST,41.7651
2022-03-21,BBRE,89.8877
2022-03-21,JAGG,43.0685
2022-03-21,JAVA,50.4669
2022-03-21,JCPB,41.8752
2022-03-21,JEMA,36.4784
2022-03-21,JEPI,41.3478
2022-03-21,JMST,45.033
2022-03-21,JPIE,37.8045
2022-03-21,JPST,41.7401
2022-03-22,BBRE,90.1922
2022-03-22,JAGG,42.8984
2022-03-22,JAVA,50.8342
2022-03-22,JCPB,41.7603
2022-03-22,JEMA,37.0708
2022-03-22,JEPI,41.4565
2022-03-22,JMST,45.0641
2022-03-22,JPIE,37.7389
2022-03-22,JPST,41.7401
2022-03-23,BBRE,89.2936
2022-03-23,JAGG,43.0515
2022-03-23,JAVA,50.3345
2022-03-23,JCPB,41.8752
2022-03-23,JEMA,36.793
2022-03-23,JEPI,41.2323
2022-03-23,JMST,45.0241
2022-03-23,JPIE,37.7256
2022-03-23,JPST,41.7568
2022-03-24,BBRE,89.7996
2022-03-24,JAGG,42.9579
2022-03-24,JAVA,50.7835
2022-03-24,JCPB,41.7931
2022-03-24,JEMA,36.9624
2022-03-24,JEPI,41.4497
2022-03-24,JMST,45.0063
2022-03-24,JPIE,37.742
2022-03-24,JPST,41.7734
2022-03-25,BBRE,90.9075
2022-03-25,JAGG,42.6337
2022-03-25,JAVA,51.3349
2022-03-25,JCPB,41.5716
2022-03-25,JEMA,36.6487
2022-03-25,JEPI,41.6467
2022-03-25,JMST,45.0152
2022-03-25,JPIE,37.3668
2022-03-25,JPST,41.7568
2022-03-28,BBRE,91.8845
2022-03-28,JAGG,42.6943
2022-03-28,JAVA,51.1273
2022-03-28,JCPB,41.556
2022-03-28,JEMA,36.7356
2022-03-28,JEPI,41.7758
2022-03-28,JMST,44.9352
2022-03-28,JPIE,37.3527
2022-03-28,JPST,41.7568
2022-03-29,BBRE,94.7022
2022-03-29,JAGG,42.9197
2022-03-29,JAVA,51.5519
2022-03-29,JCPB,41.7685
2022-03-29,JEMA,37.2716
2022-03-29,JEPI,41.8506
2022-03-29,JMST,44.9796
2022-03-29,JPIE,37.5114
2022-03-29,JPST,41.7651
2022-03-30,BBRE,93.9782
2022-03-30,JAGG,43.043
2022-03-30,JAVA,51.3471
2022-03-30,JCPB,41.8465
2022-03-30,JEMA,37.3209
2022-03-30,JEPI,41.8506
2022-03-30,JMST,44.9796
2022-03-30,JPIE,37.5239
2022-03-30,JPST,41.7651
2022-03-31,BBRE,92.8179
2022-03-31,JAGG,42.9579
2022-03-31,JAVA,50.7027
2022-03-31,JCPB,41.9064
2022-03-31,JEMA,36.8638
2022-03-31,JEPI,41.7147
2022-03-31,JMST,45.0063
2022-03-31,JPIE,37.5137
2022-03-31,JPST,41.7817
2022-04-01,BBRE,94.5364
2022-04-01,JAGG,42.924
2022-04-01,JAVA,50.8079
2022-04-01,JCPB,41.8349
2022-04-01,JEMA,37.3119
2022-04-01,JEPI,41.8505
2022-04-01,JMST,44.9992
2022-04-01,JPIE,37.5702
2022-04-01,JPST,41.7592
2022-04-04,BBRE,93.699
2022-04-04,JAGG,42.9495
2022-04-04,JAVA,50.7074
2022-04-04,JCPB,41.8102
2022-04-04,JEMA,37.9752
2022-04-04,JEPI,41.7408
2022-04-04,JMST,44.9725
2022-04-04,JPIE,37.9488
2022-04-04,JPST,41.7842
2022-04-05,BBRE,93.036
2022-04-05,JAGG,42.6003
2022-04-05,JAVA,50.3251
2022-04-05,JCPB,41.4978
2022-04-05,JEMA,37.2671
2022-04-05,JEPI,41.8094
2022-04-05,JMST,44.9547
2022-04-05,JPIE,37.8493
2022-04-05,JPST,41.7426
2022-04-06,BBRE,94.1962
2022-04-06,JAGG,42.4981
2022-04-06,JAVA,50.3044
2022-04-06,JCPB,41.3252
2022-04-06,JEMA,36.7204
2022-04-06,JEPI,42.1318
2022-04-06,JMST,44.9636
2022-04-06,JPIE,37.774
2022-04-06,JPST,41.7842
2022-04-07,BBRE,93.3483
2022-04-07,JAGG,42.3278
2022-04-07,JAVA,50.5956
2022-04-07,JCPB,41.2265
2022-04-07,JEMA,36.4426
2022-04-07,JEPI,42.3238
2022-04-07,JMST,44.9103
2022-04-07,JPIE,37.6846
2022-04-07,JPST,41.7883
2022-04-08,BBRE,93.385
2022-04-08,JAGG,42.1405
2022-04-08,JAVA,50.8502
2022-04-08,JCPB,41.0375
2022-04-08,JEMA,36.4157
2022-04-08,JEPI,42.3924
2022-04-08,JMST,44.897
2022-04-08,JPIE,37.6258
2022-04-08,JPST,41.7759
2022-04-11,BBRE,92.2683
2022-04-11,JAGG,41.9445
2022-04-11,JAVA,50.3768
2022-04-11,JCPB,40.8229
2022-04-11,JEMA,35.9048
2022-04-11,JEPI,42.0769
2022-04-11,JMST,44.8614
2022-04-11,JPIE,37.5004
2022-04-11,JPST,41.7717
2022-04-12,BBRE,92.3643
2022-04-12,JAGG,42.0212
2022-04-12,JAVA,50.3382
2022-04-12,JCPB,40.9224
2022-04-12,JEMA,35.8958
2022-04-12,JEPI,41.926
2022-04-12,JMST,44.857
2022-04-12,JPIE,37.5624
2022-04-12,JPST,41.7675
2022-04-13,BBRE,93.2018
2022-04-13,JAGG,42.1149
2022-04-13,JAVA,50.7769
2022-04-13,JCPB,40.9635
2022-04-13,JEMA,36.2454
2022-04-13,JEPI,42.1798
2022-04-13,JMST,44.8392
2022-04-13,JPIE,37.6846
2022-04-13,JPST,41.7675
2022-04-14,BBRE,92.7743
2022-04-14,JAGG,41.8424
2022-04-14,JAVA,50.5393
2022-04-14,JCPB,40.7999
2022-04-14,JEMA,35.8779
2022-04-14,JEPI,42.0563
2022-04-14,JMST,44.8481
2022-04-14,JPIE,37.6901
2022-04-14,JPST,41.7426
2022-04-18,BBRE,92.4341
2022-04-18,JAGG,41.7061
2022-04-18,JAVA,50.434
2022-04-18,JCPB,40.7251
2022-04-18,JEMA,35.7515
2022-04-18,JEPI,41.9603
2022-04-18,JMST,44.8658
2022-04-18,JPIE,37.6572
2022-04-18,JPST,41.7551
2022-04-19,BBRE,94.5626
2022-04-19,JAGG,41.4847
2022-04-19,JAVA,51.0258
2022-04-19,JCPB,40.4785
2022-04-19,JEMA,35.497
2022-04-19,JEPI,42.3238
2022-04-19,JMST,44.8481
2022-04-19,JPIE,37.5827
2022-04-19,JPST,41.7592
2022-04-20,BBRE,95.9584
2022-04-20,JAGG,41.672
2022-04-20,JAVA,51.4823
2022-04-20,JCPB,40.5278
2022-04-20,JEMA,35.4047
2022-04-20,JEPI,42.6874
2022-04-20,JMST,44.8747
2022-04-20,JPIE,37.6078
2022-04-20,JPST,41.7592
2022-04-21,BBRE,95.3477
2022-04-21,JAGG,41.425
2022-04-21,JAVA,50.7243
2022-04-21,JCPB,40.4209
2022-04-21,JEMA,34.7576
2022-04-21,JEPI,42.317
2022-04-21,JMST,44.8925
2022-04-21,JPIE,37.5357
2022-04-21,JPST,41.7426
2022-04-22,BBRE,93.6641
2022-04-22,JAGG,41.4421
2022-04-22,JAVA,49.3679
2022-04-22,JCPB,40.3469
2022-04-22,JEMA,34.4277
2022-04-22,JEPI,41.3086
2022-04-22,JMST,44.8747
2022-04-22,JPIE,37.4495
2022-04-22,JPST,41.7509
2022-04-25,BBRE,93.4547
2022-04-25,JAGG,41.638
2022-04-25,JAVA,49.2026
2022-04-25,JCPB,40.5278
2022-04-25,JEMA,34.0889
2022-04-25,JEPI,41.4595
2022-04-25,JMST,44.8836
2022-04-25,JPIE,37.3946
2022-04-25,JPST,41.7592
2022-04-26,BBRE,92.1462
2022-04-26,JAGG,41.7487
2022-04-26,JAVA,48.4981
2022-04-26,JCPB,40.684
2022-04-26,JEMA,33.4042
2022-04-26,JEPI,40.6569
2022-04-26,JMST,44.8836
2022-04-26,JPIE,37.4612
2022-04-26,JPST,41.7759
2022-04-27,BBRE,91.4222
2022-04-27,JAGG,41.5528
2022-04-27,JAVA,48.577
2022-04-27,JCPB,40.5442
2022-04-27,JEMA,33.7268
2022-04-27,JEPI,40.801
2022-04-27,JMST,44.9147
2022-04-27,JPIE,37.4534
2022-04-27,JPST,41.7759
2022-04-28,BBRE,93.1494
2022-04-28,JAGG,41.5783
2022-04-28,JAVA,49.1396
2022-04-28,JCPB,40.4867
2022-04-28,JEMA,34.157
2022-04-28,JEPI,41.3703
2022-04-28,JMST,44.9281
2022-04-28,JPIE,37.5043
2022-04-28,JPST,41.7759
2022-04-29,BBRE,88.5521
2022-04-29,JAGG,41.391
2022-04-29,JAVA,47.7654
2022-04-29,JCPB,40.3634
2022-04-29,JEMA,34.2198
2022-04-29,JEPI,40.1837
2022-04-29,JMST,44.9192
2022-04-29,JPIE,37.3515
2022-04-29,JPST,41.7592
2022-05-02,BBRE,86.2927
2022-05-02,JAGG,41.132
2022-05-02,JAVA,47.8387
2022-05-02,JCPB,40.0717
2022-05-02,JEMA,34.2736
2022-05-02,JEPI,40.0232
2022-05-02,JMST,44.9183
2022-05-02,JPIE,37.3106
2022-05-02,JPST,41.7559
2022-05-03,BBRE,87.2942
2022-05-03,JAGG,41.1832
2022-05-03,JAVA,48.3224
2022-05-03,JCPB,40.0882
2022-05-03,JEMA,34.5998
2022-05-03,JEPI,40.2168
2022-05-03,JMST,44.945
2022-05-03,JPIE,37.2626
2022-05-03,JPST,41.7559
2022-05-04,BBRE,88.1072
2022-05-04,JAGG,41.4263
2022-05-04,JAVA,49.6037
2022-05-04,JCPB,40.3354
2022-05-04,JEMA,34.9637
2022-05-04,JEPI,41.0328
2022-05-04,JEPQ,31.7884
2022-05-04,JMST,44.945
2022-05-04,JPIE,37.3538
2022-05-04,JPST,41.7684
2022-05-05,BBRE,85.7868
2022-05-05,JAGG,41.1235
2022-05-05,JAVA,48.4201
2022-05-05,JCPB,40.0882
2022-05-05,JEMA,33.7896
2022-05-05,JEPI,40.1753
2022-05-05,JEPQ,31.0325
2022-05-05,JMST,44.9432
2022-05-05,JPIE,37.3066
2022-05-05,JPST,41.7559
2022-05-06,BBRE,84.5219
2022-05-06,JAGG,40.9103
2022-05-06,JAVA,48.3985
2022-05-06,JCPB,39.8822
2022-05-06,JEMA,33.3056
2022-05-06,JEPI,39.9679
2022-05-06,JEPQ,30.6156
2022-05-06,JMST,44.9272
2022-05-06,JPIE,37.1926
2022-05-06,JPST,41.7476
2022-05-09,BBRE,80.8667
2022-05-09,JAGG,41.0638
2022-05-09,JAVA,46.9341
2022-05-09,JCPB,39.841
2022-05-09,JEMA,32.3286
2022-05-09,JEPI,39.228
2022-05-09,JEPQ,29.6886
2022-05-09,JMEE,43.9458
2022-05-09,JMST,44.9094
2022-05-09,JPIE,37.0338
2022-05-09,JPST,41.7601
2022-05-10,BBRE,79.4535
2022-05-10,JAGG,41.1916
2022-05-10,JAVA,46.8204
2022-05-10,JCPB,39.874
2022-05-10,JEMA,32.5751
2022-05-10,JEPI,39.0897
2022-05-10,JEPQ,29.902
2022-05-10,JMEE,43.8168
2022-05-10,JMST,44.9183
2022-05-10,JPIE,37.0393
2022-05-10,JPST,41.7517
2022-05-11,BBRE,79.3401
2022-05-11,JAGG,41.3709
2022-05-11,JAVA,46.5696
2022-05-11,JCPB,40.0058
2022-05-11,JEMA,32.3645
2022-05-11,JEPI,38.8961
2022-05-11,JEPQ,29.1723
2022-05-11,JMEE,43.0983
2022-05-11,JMST,44.8827
2022-05-11,JPIE,37.0118
2022-05-11,JPST,41.7476
2022-05-12,BBRE,79.8984
2022-05-12,JAGG,41.3965
2022-05-12,JAVA,46.4353
2022-05-12,JCPB,40.1376
2022-05-12,JEMA,32.3376
2022-05-12,JEPI,38.9445
2022-05-12,JEPQ,29.046
2022-05-12,JMEE,43.319
2022-05-12,JMST,44.8516
2022-05-12,JPIE,37.022
2022-05-12,JPST,41.7892
2022-05-13,BBRE,81.8874
2022-05-13,JAGG,41.2685
2022-05-13,JAVA,47.3061
2022-05-13,JCPB,40.0552
2022-05-13,JEMA,33.1245
2022-05-13,JEPI,39.4769
2022-05-13,JEPQ,30.0495
2022-05-13,JMEE,44.4717
2022-05-13,JMST,44.856
2022-05-13,JPIE,36.9379
2022-05-13,JPST,41.7642
2022-05-16,BBRE,81.5123
2022-05-16,JAGG,41.405
2022-05-16,JAVA,47.5493
2022-05-16,JCPB,40.0552
2022-05-16,JEMA,33.0367
2022-05-16,JEPI,39.6083
2022-05-16,JEPQ,29.894
2022-05-16,JMEE,44.3546
2022-05-16,JMST,44.8471
2022-05-16,JPIE,36.9449
2022-05-16,JPST,41.7392
2022-05-17,BBRE,82.5591
2022-05-17,JAGG,41.1406
2022-05-17,JAVA,48.3929
2022-05-17,JCPB,39.9234
2022-05-17,JEMA,33.8433
2022-05-17,JEPI,39.9817
2022-05-17,JEPQ,30.447
2022-05-17,JMEE,45.5863
2022-05-17,JMST,44.8516
2022-05-17,JPIE,36.8946
2022-05-17,JPST,41.7476
2022-05-18,BBRE,79.9857
2022-05-18,JAGG,41.2898
2022-05-18,JAVA,46.8636
2022-05-18,JCPB,40.0058
2022-05-18,JEMA,33.0009
2022-05-18,JEPI,38.7232
2022-05-18,JEPQ,29.2407
2022-05-18,JMEE,43.9667
2022-05-18,JMST,44.8827
2022-05-18,JPIE,36.7444
2022-05-18,JPST,41.7309
2022-05-19,BBRE,79.2529
2022-05-19,JAGG,41.388
2022-05-19,JAVA,46.7378
2022-05-19,JCPB,40.0305
2022-05-19,JEMA,33.4759
2022-05-19,JEPI,38.502
2022-05-19,JEPQ,29.0478
2022-05-19,JMEE,43.8096
2022-05-19,JMST,44.9005
2022-05-19,JPIE,36.7586
2022-05-19,JPST,41.7642
2022-05-20,BBRE,79.4535
2022-05-20,JAGG,41.5074
2022-05-20,JAVA,46.6156
2022-05-20,JCPB,40.1953
2022-05-20,JEMA,33.6282
2022-05-20,JEPI,38.5849
2022-05-20,JEPQ,28.9794
2022-05-20,JMEE,43.5961
2022-05-20,JMST,44.9183
2022-05-20,JPIE,36.7885
2022-05-20,JPST,41.7476
2022-05-23,BBRE,80.1601
2022-05-23,JAGG,41.405
2022-05-23,JAVA,47.5653
2022-05-23,JCPB,39.9893
2022-05-23,JEMA,33.7501
2022-05-23,JEPI,39.2073
2022-05-23,JEPQ,29.3222
2022-05-23,JMEE,44.103
2022-05-23,JMST,44.9005
2022-05-23,JPIE,36.7499
2022-05-23,JPST,41.7392
2022-05-24,BBRE,80.7097
2022-05-24,JAGG,41.7036
2022-05-24,JAVA,47.5512
2022-05-24,JCPB,40.2859
2022-05-24,JEMA,33.1362
2022-05-24,JEPI,39.3663
2022-05-24,JEPQ,28.8985
2022-05-24,JMEE,43.6234
2022-05-24,JMST,44.945
2022-05-24,JPIE,36.8388
2022-05-24,JPST,41.7559
2022-05-25,BBRE,81.4076
2022-05-25,JAGG,41.8401
2022-05-25,JAVA,48.0735
2022-05-25,JCPB,40.4589
2022-05-25,JEMA,33.2706
2022-05-25,JEPI,39.4562
2022-05-25,JEPQ,29.2469
2022-05-25,JMEE,44.5362
2022-05-25,JMST,45.0072
2022-05-25,JPIE,37.0668
2022-05-25,JPST,41.7476
2022-05-26,BBRE,81.8089
2022-05-26,JAGG,41.8145
2022-05-26,JAVA,48.8334
2022-05-26,JCPB,40.5825
2022-05-26,JEMA,33.7089
2022-05-26,JEPI,39.8918
2022-05-26,JEPQ,29.8964
2022-05-26,JMEE,45.5745
2022-05-26,JMST,45.0339
2022-05-26,JPIE,37.2878
2022-05-26,JPST,41.7559
2022-05-27,BBRE,83.8502
2022-05-27,JAGG,41.9339
2022-05-27,JAVA,49.5079
2022-05-27,JCPB,40.7226
2022-05-27,JEMA,34.166
2022-05-27,JEPI,40.4519
2022-05-27,JEPQ,30.6181
2022-05-27,JMEE,46.58
2022-05-27,JMST,45.0339
2022-05-27,JPIE,37.4167
2022-05-27,JPST,41.7725
2022-05-31,BBRE,83.1436
2022-05-31,JAGG,41.6524
2022-05-31,JAVA,49.0927
2022-05-31,JCPB,40.4507
2022-05-31,JEMA,34.7038
2022-05-31,JEPI,40.1546
2022-05-31,JEPQ,30.6019
2022-05-31,JMEE,46.2021
2022-05-31,JMST,45.025
2022-05-31,JPIE,37.3121
2022-05-31,JPST,41.7392
2022-06-01,BBRE,82.6027
2022-06-01,JAGG,41.4593
2022-06-01,JAVA,48.8306
2022-06-01,JCPB,40.4482
2022-06-01,JEMA,34.3901
2022-06-01,JEPI,39.9634
2022-06-01,JEPQ,30.3925
2022-06-01,JMEE,45.9614
2022-06-01,JMST,45.0428
2022-06-01,JPIE,37.2554
2022-06-01,JPST,41.7442
2022-06-02,BBRE,83.5187
2022-06-02,JAGG,41.5191
2022-06-02,JAVA,49.2589
2022-06-02,JCPB,40.4482
2022-06-02,JEMA,34.9727
2022-06-02,JEPI,40.2425
2022-06-02,JEPQ,31.0853
2022-06-02,JMEE,46.8344
2022-06-02,JMST,45.0517
2022-06-02,JPIE,37.2357
2022-06-02,JPST,41.7817
2022-06-03,BBRE,82.341
2022-06-03,JAGG,41.502
2022-06-03,JAVA,48.8794
2022-06-03,JCPB,40.3326
2022-06-03,JEMA,34.4188
2022-06-03,JEPI,40.1658
2022-06-03,JEPQ,30.4941
2022-06-03,JMEE,46.4438
2022-06-03,JMST,45.0428
2022-06-03,JPIE,37.1592
2022-06-03,JPST,41.7776
2022-06-06,BBRE,81.8612
2022-06-06,JAGG,41.2286
2022-06-06,JAVA,48.9762
2022-06-06,JCPB,40.1014
2022-06-06,JEMA,34.5873
2022-06-06,JEPI,40.2564
2022-06-06,JEPQ,30.6258
2022-06-06,JMEE,46.7462
2022-06-06,JMST,45.0339
2022-06-06,JPIE,37.0779
2022-06-06,JPST,41.7776
2022-06-07,BBRE,83.1697
2022-06-07,JAGG,41.3482
2022-06-07,JAVA,49.567
2022-06-07,JCPB,40.184
2022-06-07,JEMA,34.7217
2022-06-07,JEPI,40.5006
2022-06-07,JEPQ,30.795
2022-06-07,JMEE,47.3121
2022-06-07,JMST,45.0606
2022-06-07,JPIE,37.1331
2022-06-07,JPST,41.7859
2022-06-08,BBRE,80.9976
2022-06-08,JAGG,41.2542
2022-06-08,JAVA,49.0457
2022-06-08,JCPB,40.0684
2022-06-08,JEMA,34.7576
2022-06-08,JEPI,40.1658
2022-06-08,JEPQ,30.607
2022-06-08,JMEE,46.4919
2022-06-08,JMST,45.0695
2022-06-08,JPIE,37.003
2022-06-08,JPST,41.7859
2022-06-09,BBRE,79.1046
2022-06-09,JAGG,41.1688
2022-06-09,JAVA,47.9918
2022-06-09,JCPB,39.9693
2022-06-09,JEMA,34.0047
2022-06-09,JEPI,39.6285
2022-06-09,JEPQ,30.0364
2022-06-09,JMEE,45.5854
2022-06-09,JMST,45.1407
2022-06-09,JPIE,36.8769
2022-06-09,JPST,41.7776
2022-06-10,BBRE,77.7263
2022-06-10,JAGG,40.827
2022-06-10,JAVA,46.9745
2022-06-10,JCPB,39.7299
2022-06-10,JEMA,33.6103
2022-06-10,JEPI,38.9239
2022-06-10,JEPQ,29.2089
2022-06-10,JMEE,44.3455
2022-06-10,JMST,45.0873
2022-06-10,JPIE,36.6482
2022-06-10,JPST,41.7526
2022-06-13,BBRE,73.7658
2022-06-13,JAGG,40.152
2022-06-13,JAVA,45.2761
2022-06-13,JCPB,39.0611
2022-06-13,JEMA,32.4004
2022-06-13,JEPI,37.7378
2022-06-13,JEPQ,28.0177
2022-06-13,JMEE,42.2781
2022-06-13,JMST,44.9449
2022-06-13,JPIE,36.0568
2022-06-13,JPST,41.7359
2022-06-14,BBRE,73.5041
2022-06-14,JAGG,39.8785
2022-06-14,JAVA,44.9699
2022-06-14,JCPB,38.8465
2022-06-14,JEMA,32.8306
2022-06-14,JEPI,37.5076
2022-06-14,JEPQ,28.0177
2022-06-14,JMEE,42.1082
2022-06-14,JMST,44.9983
2022-06-14,JPIE,35.9274
2022-06-14,JPST,41.7026
2022-06-15,BBRE,75.3186
2022-06-15,JAGG,40.3143
2022-06-15,JAVA,45.2686
2022-06-15,JCPB,39.0611
2022-06-15,JEMA,33.3773
2022-06-15,JEPI,37.7308
2022-06-15,JEPQ,28.6446
2022-06-15,JIRE,43.5525
2022-06-15,JMEE,42.5769
2022-06-15,JMST,44.9894
2022-06-15,JPIE,36.0741
2022-06-15,JPST,41.7026
2022-06-16,BBRE,73.6263
2022-06-16,JAGG,40.4339
2022-06-16,JAVA,43.9376
2022-06-16,JCPB,39.2345
2022-06-16,JEMA,32.3555
2022-06-16,JEPI,36.8796
2022-06-16,JEPQ,27.6228
2022-06-16,JIRE,42.7657
2022-06-16,JMEE,40.4205
2022-06-16,JMST,45.0072
2022-06-16,JPIE,35.9897
2022-06-16,JPST,41.7109
2022-06-17,BBRE,74.0799
2022-06-17,JAGG,40.4425
2022-06-17,JAVA,43.8333
2022-06-17,JCPB,39.2841
2022-06-17,JEMA,32.472
2022-06-17,JEPI,36.9145
2022-06-17,JEPQ,27.861
2022-06-17,JIRE,42.4316
2022-06-17,JMEE,40.7139
2022-06-17,JMST,45.0072
2022-06-17,JPIE,36.0189
2022-06-17,JPST,41.7109
2022-06-21,BBRE,74.6551
2022-06-21,JAGG,40.2801
2022-06-21,JAVA,44.8055
2022-06-21,JCPB,38.9621
2022-06-21,JEMA,33.0009
2022-06-21,JEPI,37.7587
2022-06-21,JEPQ,28.5067
2022-06-21,JIRE,43.2354
2022-06-21,JMEE,41.2435
2022-06-21,JMST,44.9627
2022-06-21,JPIE,35.9779
2022-06-21,JPST,41.6943
2022-06-22,BBRE,75.4618
2022-06-22,JAGG,40.6219
2022-06-22,JAVA,44.6961
2022-06-22,JCPB,39.3006
2022-06-22,JEMA,32.3555
2022-06-22,JEPI,37.8843
2022-06-22,JEPQ,28.4503
2022-06-22,JIRE,43.0479
2022-06-22,JMEE,41.1372
2022-06-22,JMST,45.0295
2022-06-22,JPIE,35.9582
2022-06-22,JPST,41.7109
2022-06-23,BBRE,76.8121
2022-06-23,JAGG,40.7928
2022-06-23,JAVA,44.5622
2022-06-23,JCPB,39.5483
2022-06-23,JEMA,32.4989
2022-06-23,JEPI,38.2959
2022-06-23,JEPQ,28.7074
2022-06-23,JIRE,42.9434
2022-06-23,JMEE,41.2008
2022-06-23,JMST,45.025
2022-06-23,JPIE,36.0812
2022-06-23,JPST,41.7109
2022-06-24,BBRE,78.4782
2022-06-24,JAGG,40.7245
2022-06-24,JAVA,45.8277
2022-06-24,JCPB,39.5648
2022-06-24,JEMA,33.2608
2022-06-24,JEPI,39.1541
2022-06-24,JEPQ,29.5537
2022-06-24,JIRE,44.2982
2022-06-24,JMEE,42.5833
2022-06-24,JMST,45.025
2022-06-24,JPIE,36.2105
2022-06-24,JPST,41.7026
2022-06-27,BBRE,78.5483
2022-06-27,JAGG,40.5707
2022-06-27,JAVA,45.9436
2022-06-27,JCPB,39.4244
2022-06-27,JEMA,33.2966
2022-06-27,JEPI,39.2099
2022-06-27,JEPQ,29.4095
2022-06-27,JIRE,44.0285
2022-06-27,JMEE,42.8785
2022-06-27,JMST,45.025
2022-06-27,JPIE,36.1932
2022-06-27,JPST,41.6943
2022-06-28,BBRE,77.9082
2022-06-28,JAGG,40.5304
2022-06-28,JAVA,45.6494
2022-06-28,JCPB,39.3996
2022-06-28,JEMA,33.0367
2022-06-28,JEPI,38.6936
2022-06-28,JEPQ,28.7575
2022-06-28,JIRE,43.6945
2022-06-28,JMEE,42.3317
2022-06-28,JMST,45.0517
2022-06-28,JPIE,35.9708
2022-06-28,JPST,41.7109
2022-06-29,BBRE,77.3119
2022-06-29,JAGG,40.7928
2022-06-29,JAVA,45.376
2022-06-29,JCPB,39.5152
2022-06-29,JEMA,32.8557
2022-06-29,JEPI,38.7425
2022-06-29,JEPQ,28.8265
2022-06-29,JIRE,43.4587
2022-06-29,JMEE,41.9502
2022-06-29,JMST,45.0517
2022-06-29,JPIE,35.9369
2022-06-29,JPST,41.7193
2022-06-30,BBRE,77.0138
2022-06-30,JAGG,40.9894
2022-06-30,JAVA,44.9847
2022-06-30,JCPB,39.6638
2022-06-30,JEMA,32.7589
2022-06-30,JEPI,38.6867
2022-06-30,JEPQ,28.6885
2022-06-30,JIRE,43.1327
2022-06-30,JMEE,41.6204
2022-06-30,JMST,45.0784
2022-06-30,JPIE,36.1648
2022-06-30,JPST,41.7193
2022-07-01,BBRE,78.3115
2022-07-01,JAGG,41.2999
2022-07-01,JAVA,45.5589
2022-07-01,JCPB,39.9766
2022-07-01,JEMA,32.4631
2022-07-01,JEPI,39.1601
2022-07-01,JEPQ,28.6696
2022-07-01,JIRE,43.3363
2022-07-01,JMEE,42.0655
2022-07-01,JMST,45.0945
2022-07-01,JPIE,36.3152
2022-07-01,JPST,41.6851
2022-07-05,BBRE,78.0573
2022-07-05,JAGG,41.4026
2022-07-05,JAVA,45.0412
2022-07-05,JCPB,40.0759
2022-07-05,JEMA,32.1404
2022-07-05,JEPI,38.8849
2022-07-05,JEPQ,29.0928
2022-07-05,JIRE,42.4781
2022-07-05,JMEE,41.9702
2022-07-05,JMST,45.1034
2022-07-05,JPIE,36.3398
2022-07-05,JPST,41.7101
2022-07-06,BBRE,77.9433
2022-07-06,JAGG,41.103
2022-07-06,JAVA,45.0224
2022-07-06,JCPB,39.927
2022-07-06,JEMA,31.9343
2022-07-06,JEPI,39.1248
2022-07-06,JEPQ,29.2065
2022-07-06,JIRE,42.5549
2022-07-06,JMEE,41.6486
2022-07-06,JMST,45.1034
2022-07-06,JPIE,36.3588
2022-07-06,JPST,41.7101
2022-07-07,BBRE,78.1099
2022-07-07,JAGG,41.0174
2022-07-07,JAVA,45.5287
2022-07-07,JCPB,39.8359
2022-07-07,JEMA,32.5079
2022-07-07,JEPI,39.2589
2022-07-07,JEPQ,29.636
2022-07-07,JIRE,43.0925
2022-07-07,JMEE,42.437
2022-07-07,JMST,45.1212
2022-07-07,JPIE,36.4221
2022-07-07,JPST,41.7101
2022-07-08,BBRE,77.6802
2022-07-08,JAGG,40.8291
2022-07-08,JAVA,45.5533
2022-07-08,JCPB,39.7863
2022-07-08,JEMA,32.5169
2022-07-08,JEPI,39.1813
2022-07-08,JEPQ,29.6486
2022-07-08,JIRE,43.3426
2022-07-08,JMEE,42.4225
2022-07-08,JMST,45.1256
2022-07-08,JPIE,36.3128
2022-07-08,JPST,41.7184
2022-07-11,BBRE,77.4172
2022-07-11,JAGG,41.0345
2022-07-11,JAVA,45.2147
2022-07-11,JCPB,39.8111
2022-07-11,JEMA,31.686
2022-07-11,JEPI,39.2448
2022-07-11,JEPQ,29.3581
2022-07-11,JIRE,42.5745
2022-07-11,JMEE,41.9266
2022-07-11,JMST,45.139
2022-07-11,JPIE,36.3232
2022-07-11,JPST,41.7268
2022-07-12,BBRE,77.1541
2022-07-12,JAGG,41.1107
2022-07-12,JAVA,44.995
2022-07-12,JCPB,39.8773
2022-07-12,JEMA,31.5892
2022-07-12,JEPI,38.9696
2022-07-12,JEPQ,29.1244
2022-07-12,JIRE,42.6192
2022-07-12,JMEE,41.8902
2022-07-12,JMST,45.1746
2022-07-12,JPIE,36.343
2022-07-12,JPST,41.7434
2022-07-13,BBRE,76.7507
2022-07-13,JAGG,41.2442
2022-07-13,JAVA,44.7169
2022-07-13,JCPB,39.9741
2022-07-13,JEMA,31.5399
2022-07-13,JEPI,38.7297
2022-07-13,JEPQ,29.0928
2022-07-13,JIRE,42.5656
2022-07-13,JMEE,41.8103
2022-07-13,JMST,45.1078
2022-07-13,JPIE,36.3992
2022-07-13,JPST,41.7434
2022-07-14,BBRE,75.8827
2022-07-14,JAGG,41.1116
2022-07-14,JAVA,44.2916
2022-07-14,JCPB,39.7698
2022-07-14,JEMA,31.2486
2022-07-14,JEPI,38.7297
2022-07-14,JEPQ,29.2128
2022-07-14,JIRE,42.0029
2022-07-14,JMEE,41.4188
2022-07-14,JMST,45.0588
2022-07-14,JPIE,36.2954
2022-07-14,JPST,41.7476
2022-07-15,BBRE,77.2681
2022-07-15,JAGG,41.2571
2022-07-15,JAVA,45.2025
2022-07-15,JCPB,39.96
2022-07-15,JEMA,31.4521
2022-07-15,JEPI,39.1813
2022-07-15,JEPQ,29.5665
2022-07-15,JIRE,42.5477
2022-07-15,JMEE,42.1518
2022-07-15,JMST,45.0588
2022-07-15,JPIE,36.3905
2022-07-15,JPST,41.7518
2022-07-18,BBRE,76.9349
2022-07-18,JAGG,41.1458
2022-07-18,JAVA,45.0016
2022-07-18,JCPB,39.9352
2022-07-18,JEMA,31.7022
2022-07-18,JEPI,38.9414
2022-07-18,JEPQ,29.5349
2022-07-18,JIRE,42.9318
2022-07-18,JMEE,42.1972
2022-07-18,JMST,45.0499
2022-07-18,JPIE,36.4609
2022-07-18,JPST,41.7351
2022-07-19,BBRE,78.8727
2022-07-19,JAGG,41.0517
2022-07-19,JAVA,46.1388
2022-07-19,JCPB,39.8939
2022-07-19,JEMA,32.1315
2022-07-19,JEPI,39.4282
2022-07-19,JEPQ,30.0402
2022-07-19,JIRE,43.9231
2022-07-19,JMEE,43.5552
2022-07-19,JMST,45.0855
2022-07-19,JPIE,36.5512
2022-07-19,JPST,41.7518
2022-07-20,BBRE,78.9867
2022-07-20,JAGG,41.045
2022-07-20,JAVA,46.1615
2022-07-20,JCPB,39.8028
2022-07-20,JEMA,32.1225
2022-07-20,JEPI,39.3506
2022-07-20,JEPQ,30.2613
2022-07-20,JIRE,43.5659
2022-07-20,JMEE,44.0893
2022-07-20,JMST,45.1034
2022-07-20,JPIE,36.628
2022-07-20,JPST,41.7518
2022-07-21,BBRE,79.3901
2022-07-21,JAGG,41.394
2022-07-21,JAVA,46.3237
2022-07-21,JCPB,40.1255
2022-07-21,JEMA,32.4281
2022-07-21,JEPI,39.5482
2022-07-21,JEPQ,30.4445
2022-07-21,JIRE,43.9499
2022-07-21,JMEE,44.2665
2022-07-21,JMST,45.0855
2022-07-21,JPIE,36.7784
2022-07-21,JPST,41.7768
2022-07-22,BBRE,79.8636
2022-07-22,JAGG,41.7107
2022-07-22,JAVA,46.1766
2022-07-22,JCPB,40.4068
2022-07-22,JEMA,32.0517
2022-07-22,JEPI,39.654
2022-07-22,JEPQ,30.0844
2022-07-22,JIRE,43.9589
2022-07-22,JMEE,43.8695
2022-07-22,JMST,45.0588
2022-07-22,JPIE,36.8956
2022-07-22,JPST,41.7851
2022-07-25,BBRE,80.1705
2022-07-25,JAGG,41.5481
2022-07-25,JAVA,46.4934
2022-07-25,JCPB,40.382
2022-07-25,JEMA,32.2587
2022-07-25,JEPI,39.8727
2022-07-25,JEPQ,30.1918
2022-07-25,JIRE,44.2446
2022-07-25,JMEE,44.1638
2022-07-25,JMST,45.0989
2022-07-25,JPIE,36.921
2022-07-25,JPST,41.7684
2022-07-26,BBRE,80.2231
2022-07-26,JAGG,41.5738
2022-07-26,JAVA,46.17
2022-07-26,JCPB,40.2992
2022-07-26,JEMA,32.0015
2022-07-26,JEPI,39.8657
2022-07-26,JEPQ,29.8886
2022-07-26,JIRE,43.6105
2022-07-26,JMEE,43.9367
2022-07-26,JMST,45.0677
2022-07-26,JPIE,36.8497
2022-07-26,JPST,41.7768
2022-07-27,BBRE,80.8018
2022-07-27,JAGG,41.7279
2022-07-27,JAVA,46.8461
2022-07-27,JCPB,40.3613
2022-07-27,JEMA,32.6181
2022-07-27,JEPI,40.035
2022-07-27,JEPQ,30.6655
2022-07-27,JIRE,44.6858
2022-07-27,JMEE,44.8106
2022-07-27,JMST,45.1301
2022-07-27,JPIE,36.9526
2022-07-27,JPST,41.7851
2022-07-28,BBRE,83.3973
2022-07-28,JAGG,41.9932
2022-07-28,JAVA,47.1289
2022-07-28,JCPB,40.5723
2022-07-28,JEMA,32.6997
2022-07-28,JEPI,40.4513
2022-07-28,JEPQ,30.7413
2022-07-28,JIRE,44.9323
2022-07-28,JMEE,45.3819
2022-07-28,JMST,45.139
2022-07-28,JPIE,37.111
2022-07-28,JPST,41.8018
2022-07-29,BBRE,83.8883
2022-07-29,JAGG,42.036
2022-07-29,JAVA,47.5486
2022-07-29,JCPB,40.746
2022-07-29,JEMA,32.4631
2022-07-29,JEPI,40.5219
2022-07-29,JEPQ,31.0445
2022-07-29,JIRE,45.5218
2022-07-29,JMEE,45.9351
2022-07-29,JMST,45.1568
2022-07-29,JPIE,37.2495
2022-07-29,JPST,41.7851
2022-08-01,BBRE,83.1079
2022-08-01,JAGG,42.1941
2022-08-01,JAVA,47.3364
2022-08-01,JCPB,40.8596
2022-08-01,JEMA,32.1315
2022-08-01,JEPI,40.376
2022-08-01,JEPQ,30.9853
2022-08-01,JIRE,45.6379
2022-08-01,JMEE,45.9769
2022-08-01,JMST,45.1506
2022-08-01,JPIE,37.3489
2022-08-01,JPST,41.8018
2022-08-02,BBRE,81.9943
2022-08-02,JAGG,41.7681
2022-08-02,JAVA,47.0252
2022-08-02,JCPB,40.6191
2022-08-02,JEMA,31.9164
2022-08-02,JEPI,40.2052
2022-08-02,JEPQ,30.928
2022-08-02,JIRE,44.9681
2022-08-02,JMEE,45.579
2022-08-02,JMST,45.1327
2022-08-02,JPIE,37.2575
2022-08-02,JPST,41.8018
2022-08-03,BBRE,82.082
2022-08-03,JAGG,41.9282
2022-08-03,JAVA,47.4062
2022-08-03,JCPB,40.6523
2022-08-03,JEMA,32.1494
2022-08-03,JEPI,40.3333
2022-08-03,JEPQ,31.2146
2022-08-03,JIRE,45.2003
2022-08-03,JMEE,45.9969
2022-08-03,JMST,45.1862
2022-08-03,JPIE,37.2694
2022-08-03,JPST,41.8018
2022-08-04,BBRE,81.933
2022-08-04,JAGG,42.0483
2022-08-04,JAVA,47.0818
2022-08-04,JCPB,40.7518
2022-08-04,JEMA,32.3914
2022-08-04,JEPI,40.3475
2022-08-04,JEPQ,31.1955
2022-08-04,JIRE,45.4325
2022-08-04,JMEE,45.658
2022-08-04,JMST,45.1773
2022-08-04,JPIE,37.356
2022-08-04,JPST,41.8102
2022-08-05,BBRE,82.1434
2022-08-05,JAGG,41.6109
2022-08-05,JAVA,47.2921
2022-08-05,JCPB,40.4574
2022-08-05,JEMA,32.464
2022-08-05,JEPI,40.4329
2022-08-05,JEPQ,31.0935
2022-08-05,JIRE,45.0931
2022-08-05,JMEE,45.8761
2022-08-05,JMST,45.1506
2022-08-05,JPIE,37.2774
2022-08-05,JPST,41.8102
2022-08-08,BBRE,82.9589
2022-08-08,JAGG,41.7653
2022-08-08,JAVA,47.4562
2022-08-08,JCPB,40.5362
2022-08-08,JEMA,32.5617
2022-08-08,JEPI,40.561
2022-08-08,JEPQ,31.1509
2022-08-08,JIRE,45.2181
2022-08-08,JMEE,46.1631
2022-08-08,JMST,45.1506
2022-08-08,JPIE,37.2495
2022-08-08,JPST,41.8269
2022-08-09,BBRE,83.5463
2022-08-09,JAGG,41.6538
2022-08-09,JAVA,47.5156
2022-08-09,JCPB,40.4698
2022-08-09,JEMA,32.4371
2022-08-09,JEPI,40.6536
2022-08-09,JEPQ,31.0108
2022-08-09,JGRO,49.1708
2022-08-09,JIRE,45.0038
2022-08-09,JMEE,45.7625
2022-08-09,JMST,45.1773
2022-08-09,JPIE,37.2217
2022-08-09,JPST,41.8144
2022-08-10,BBRE,84.8441
2022-08-10,JAGG,41.7409
2022-08-10,JAVA,48.2793
2022-08-10,JCPB,40.4533
2022-08-10,JEMA,32.7768
2022-08-10,JEPI,40.8173
2022-08-10,JEPQ,31.4247
2022-08-10,JGRO,50.5138
2022-08-10,JIRE,45.8522
2022-08-10,JMEE,46.7281
2022-08-10,JMST,45.1728
2022-08-10,JPIE,37.372
2022-08-10,JPST,41.8269
2022-08-11,BBRE,84.7389
2022-08-11,JAGG,41.5509
2022-08-11,JAVA,48.5868
2022-08-11,JCPB,40.3952
2022-08-11,JEMA,32.9829
2022-08-11,JEPI,40.7817
2022-08-11,JEPQ,31.3674
2022-08-11,JGRO,50.2911
2022-08-11,JIRE,45.8567
2022-08-11,JMEE,47.1414
2022-08-11,JMST,45.1417
2022-08-11,JPIE,37.3409
2022-08-11,JPST,41.8352
2022-08-12,BBRE,86.2032
2022-08-12,JAGG,41.731
2022-08-12,JAVA,49.2713
2022-08-12,JCPB,40.4864
2022-08-12,JEMA,33.3056
2022-08-12,JEPI,41.0094
2022-08-12,JEPQ,31.705
2022-08-12,JGRO,51.2425
2022-08-12,JIRE,46.3345
2022-08-12,JMEE,47.779
2022-08-12,JMST,45.1595
2022-08-12,JPIE,37.4244
2022-08-12,JPST,41.8519
2022-08-15,BBRE,86.4137
2022-08-15,JAGG,41.791
2022-08-15,JAVA,49.344
2022-08-15,JCPB,40.5901
2022-08-15,JEMA,33.1443
2022-08-15,JEPI,41.1162
2022-08-15,JEPQ,31.7814
2022-08-15,JGRO,51.5348
2022-08-15,JIRE,46.013
2022-08-15,JMEE,47.988
2022-08-15,JMST,45.106
2022-08-15,JPIE,37.4244
2022-08-15,JPST,41.8519
2022-08-16,BBRE,86.3242
2022-08-16,JAGG,41.7567
2022-08-16,JAVA,49.5241
2022-08-16,JCPB,40.5528
2022-08-16,JEMA,33.2052
2022-08-16,JEPI,41.1589
2022-08-16,JEPQ,31.7432
2022-08-16,JGRO,51.5696
2022-08-16,JIRE,46.0666
2022-08-16,JMEE,48.2868
2022-08-16,JMST,45.0971
2022-08-16,JPIE,37.3727
2022-08-16,JPST,41.8769
2022-08-17,BBRE,85.9402
2022-08-17,JAGG,41.5166
2022-08-17,JAVA,49.2317
2022-08-17,JCPB,40.3828
2022-08-17,JEMA,33.0636
2022-08-17,JEPI,41.0735
2022-08-17,JEPQ,31.5967
2022-08-17,JGRO,51.0606
2022-08-17,JIRE,45.6736
2022-08-17,JMEE,47.6873
2022-08-17,JMST,45.0614
2022-08-17,JPIE,37.2551
2022-08-17,JPST,41.8769
2022-08-18,BBRE,85.3088
2022-08-18,JAGG,41.5766
2022-08-18,JAVA,49.3722
2022-08-18,JCPB,40.3786
2022-08-18,JEMA,32.8861
2022-08-18,JEPI,41.1589
2022-08-18,JEPQ,31.6859
2022-08-18,JGRO,51.1869
2022-08-18,JIRE,45.5664
2022-08-18,JMEE,48.0052
2022-08-18,JMST,45.0258
2022-08-18,JPIE,37.2551
2022-08-18,JPST,41.8853
2022-08-19,BBRE,84.318
2022-08-19,JAGG,41.3022
2022-08-19,JAVA,49.0007
2022-08-19,JCPB,40.1713
2022-08-19,JEMA,32.4416
2022-08-19,JEPI,41.1304
2022-08-19,JEPQ,31.3674
2022-08-19,JGRO,50.3637
2022-08-19,JIRE,44.977
2022-08-19,JMEE,47.304
2022-08-19,JMST,45.0258
2022-08-19,JPIE,37.1144
2022-08-19,JPST,41.8769
2022-08-22,BBRE,82.6169
2022-08-22,JAGG,41.1221
2022-08-22,JAVA,48.1841
2022-08-22,JCPB,40.0552
2022-08-22,JEMA,32.2032
2022-08-22,JEPI,40.8457
2022-08-22,JEPQ,30.8069
2022-08-22,JGRO,49.2851
2022-08-22,JIRE,44.1803
2022-08-22,JMEE,46.2648
2022-08-22,JMST,45.0168
2022-08-22,JPIE,36.9237
2022-08-22,JPST,41.8936
2022-08-23,BBRE,81.4594
2022-08-23,JAGG,41.1221
2022-08-23,JAVA,48.1539
2022-08-23,JCPB,40.0054
2022-08-23,JEMA,32.3206
2022-08-23,JEPI,40.6891
2022-08-23,JEPQ,30.7815
2022-08-23,JGRO,49.2692
2022-08-23,JIRE,44.3072
2022-08-23,JMEE,46.243
2022-08-23,JMST,45.0079
2022-08-23,JPIE,36.9197
2022-08-23,JPST,41.902
2022-08-24,BBRE,82.0382
2022-08-24,JAGG,40.9763
2022-08-24,JAVA,48.3331
2022-08-24,JCPB,39.8479
2022-08-24,JEMA,32.3466
2022-08-24,JEPI,40.739
2022-08-24,JEPQ,30.8579
2022-08-24,JGRO,49.5157
2022-08-24,JIRE,44.2268
2022-08-24,JMEE,46.4347
2022-08-24,JMST,45.0436
2022-08-24,JPIE,36.926
2022-08-24,JPST,41.9062
2022-08-25,BBRE,83.1605
2022-08-25,JAGG,41.1821
2022-08-25,JAVA,48.8442
2022-08-25,JCPB,40.0262
2022-08-25,JEMA,32.965
2022-08-25,JEPI,41.1019
2022-08-25,JEPQ,31.2846
2022-08-25,JGRO,50.1649
2022-08-25,JIRE,44.7359
2022-08-25,JMEE,47.234
2022-08-25,JMST,45.0436
2022-08-25,JPIE,37.0047
2022-08-25,JPST,41.8936
2022-08-26,BBRE,81.2139
2022-08-26,JAGG,41.1478
2022-08-26,JAVA,47.6561
2022-08-26,JCPB,40.0137
2022-08-26,JEMA,32.4093
2022-08-26,JEPI,40.2977
2022-08-26,JEPQ,30.2974
2022-08-26,JGRO,48.4609
2022-08-26,JIRE,43.5837
2022-08-26,JMEE,45.8988
2022-08-26,JMST,45.0079
2022-08-26,JPIE,36.9316
2022-08-26,JPST,41.902
2022-08-29,BBRE,80.4248
2022-08-29,JAGG,40.9592
2022-08-29,JAVA,47.5401
2022-08-29,JCPB,39.823
2022-08-29,JEMA,32.1808
2022-08-29,JEPI,40.0842
2022-08-29,JEPQ,29.9535
2022-08-29,JGRO,47.9669
2022-08-29,JIRE,43.4623
2022-08-29,JMEE,45.5645
2022-08-29,JMST,45.0168
2022-08-29,JPIE,36.8044
2022-08-29,JPST,41.902
2022-08-30,BBRE,79.3375
2022-08-30,JAGG,40.9816
2022-08-30,JAVA,46.9328
2022-08-30,JCPB,39.8064
2022-08-30,JEMA,31.8599
2022-08-30,JEPI,39.6358
2022-08-30,JEPQ,29.6159
2022-08-30,JGRO,47.441
2022-08-30,JIRE,43.2176
2022-08-30,JMEE,44.8451
2022-08-30,JMST,44.9901
2022-08-30,JPIE,36.6971
2022-08-30,JPST,41.9187
2022-08-31,BBRE,78.8815
2022-08-31,JAGG,40.8305
2022-08-31,JAVA,46.7386
2022-08-31,JCPB,39.6571
2022-08-31,JEMA,32.0042
2022-08-31,JEPI,39.3298
2022-08-31,JEPQ,29.4503
2022-08-31,JGRO,47.1745
2022-08-31,JIRE,42.771
2022-08-31,JMEE,44.5353
2022-08-31,JMST,44.9812
2022-08-31,JPIE,36.6296
2022-08-31,JPST,41.9103
2022-09-01,BBRE,78.899
2022-09-01,JAGG,40.6002
2022-09-01,JAVA,46.7603
2022-09-01,JCPB,39.4883
2022-09-01,JEMA,31.7909
2022-09-01,JEPI,39.5951
2022-09-01,JEPQ,29.4156
2022-09-01,JGRO,47.0135
2022-09-01,JIRE,42.2977
2022-09-01,JMEE,44.0703
2022-09-01,JMST,45.0026
2022-09-01,JPIE,36.5418
2022-09-01,JPST,41.9204
2022-09-02,BBRE,77.9915
2022-09-02,JAGG,40.7119
2022-09-02,JAVA,46.4547
2022-09-02,JCPB,39.5798
2022-09-02,JEMA,31.4817
2022-09-02,JEPI,39.1493
2022-09-02,JEPQ,29.0675
2022-09-02,JGRO,46.5651
2022-09-02,JIRE,42.0029
2022-09-02,JMEE,43.7787
2022-09-02,JMST,44.9937
2022-09-02,JPIE,36.6096
2022-09-02,JPST,41.9371
2022-09-06,BBRE,78.7763
2022-09-06,JAGG,40.3167
2022-09-06,JAVA,46.2463
2022-09-06,JCPB,39.3387
2022-09-06,JEMA,31.1438
2022-09-06,JEPI,39.1996
2022-09-06,JEPQ,28.9451
2022-09-06,JGRO,46.3961
2022-09-06,JIRE,41.8868
2022-09-06,JMEE,43.3917
2022-09-06,JMST,44.9937
2022-09-06,JPIE,36.5194
2022-09-06,JPST,41.9162
2022-09-07,BBRE,80.2319
2022-09-07,JAGG,40.6174
2022-09-07,JAVA,46.9932
2022-09-07,JCPB,39.4717
2022-09-07,JEMA,31.3965
2022-09-07,JEPI,39.7892
2022-09-07,JEPQ,29.4542
2022-09-07,JGRO,47.2978
2022-09-07,JIRE,42.3647
2022-09-07,JMEE,44.192
2022-09-07,JMST,45.0472
2022-09-07,JPIE,36.6256
2022-09-07,JPST,41.9371
2022-09-08,BBRE,80.3108
2022-09-08,JAGG,40.583
2022-09-08,JAVA,47.4873
2022-09-08,JCPB,39.4301
2022-09-08,JEMA,31.349
2022-09-08,JEPI,40.0193
2022-09-08,JEPQ,29.5896
2022-09-08,JGRO,47.8575
2022-09-08,JIRE,42.387
2022-09-08,JMEE,44.5571
2022-09-08,JMST,45.0294
2022-09-08,JPIE,36.7054
2022-09-08,JPST,41.9371
2022-09-09,BBRE,81.2665
2022-09-09,JAGG,40.5057
2022-09-09,JAVA,48.0908
2022-09-09,JCPB,39.4551
2022-09-09,JEMA,31.8957
2022-09-09,JEPI,40.3716
2022-09-09,JEPQ,30.1954
2022-09-09,JGRO,48.7622
2022-09-09,JIRE,43.4676
2022-09-09,JMEE,45.3774
2022-09-09,JMST,45.0115
2022-09-09,JPIE,36.7636
2022-09-09,JPST,41.9454
2022-09-12,BBRE,81.9943
2022-09-12,JAGG,40.3854
2022-09-12,JAVA,48.4774
2022-09-12,JCPB,39.4135
2022-09-12,JEMA,32.308
2022-09-12,JEPI,40.5801
2022-09-12,JEPQ,30.4854
2022-09-12,JGRO,49.1539
2022-09-12,JIRE,44.1821
2022-09-12,JMEE,45.8606
2022-09-12,JMST,45.0294
2022-09-12,JPIE,36.7652
2022-09-12,JPST,41.9371
2022-09-13,BBRE,79.1025
2022-09-13,JAGG,40.205
2022-09-13,JAVA,46.8555
2022-09-13,JCPB,39.2056
2022-09-13,JEMA,31.289
2022-09-13,JEPI,39.3075
2022-09-13,JEPQ,29.0739
2022-09-13,JGRO,47.0473
2022-09-13,JIRE,42.7264
2022-09-13,JMEE,44.231
2022-09-13,JMST,45.0205
2022-09-13,JPIE,36.6048
2022-09-13,JPST,41.9287
2022-09-14,BBRE,78.1186
2022-09-14,JAGG,40.2147
2022-09-14,JAVA,46.9102
2022-09-14,JCPB,39.2264
2022-09-14,JEMA,31.4628
2022-09-14,JEPI,39.4513
2022-09-14,JEPQ,29.2609
2022-09-14,JGRO,47.1835
2022-09-14,JIRE,42.7621
2022-09-14,JMEE,44.1175
2022-09-14,JMST,45.0205
2022-09-14,JPIE,36.4899
2022-09-14,JPST,41.9371
2022-09-15,BBRE,76.7771
2022-09-15,JAGG,40.1277
2022-09-15,JAVA,46.8017
2022-09-15,JCPB,39.11
2022-09-15,JEMA,31.15
2022-09-15,JEPI,39.1349
2022-09-15,JEPQ,28.8613
2022-09-15,JGRO,46.7461
2022-09-15,JIRE,42.387
2022-09-15,JMEE,43.9013
2022-09-15,JMST,45.0026
2022-09-15,JPIE,36.4061
2022-09-15,JPST,41.9287
2022-09-16,BBRE,76.7946
2022-09-16,JAGG,40.0418
2022-09-16,JAVA,46.4934
2022-09-16,JCPB,39.0435
2022-09-16,JEMA,30.7781
2022-09-16,JEPI,38.9696
2022-09-16,JEPQ,28.6808
2022-09-16,JGRO,46.3395
2022-09-16,JIRE,42.1816
2022-09-16,JMEE,43.3263
2022-09-16,JMST,44.9848
2022-09-16,JPIE,36.3183
2022-09-16,JPST,41.9204
2022-09-19,BBRE,76.5403
2022-09-19,JAGG,39.9902
2022-09-19,JAVA,46.6735
2022-09-19,JCPB,39.0352
2022-09-19,JEMA,30.9663
2022-09-19,JEPI,39.1924
2022-09-19,JEPQ,28.9386
2022-09-19,JGRO,46.6844
2022-09-19,JIRE,42.3512
2022-09-19,JMEE,43.8141
2022-09-19,JMST,45.0026
2022-09-19,JPIE,36.4221
2022-09-19,JPST,41.9204
2022-09-20,BBRE,74.8593
2022-09-20,JAGG,39.7926
2022-09-20,JAVA,46.1695
2022-09-20,JCPB,38.8938
2022-09-20,JEMA,30.7781
2022-09-20,JEPI,38.8401
2022-09-20,JEPQ,28.6937
2022-09-20,JGRO,46.1824
2022-09-20,JIRE,41.6368
2022-09-20,JMEE,43.1619
2022-09-20,JMST,45.0026
2022-09-20,JPIE,36.3127
2022-09-20,JPST,41.9204
2022-09-21,BBRE,73.6737
2022-09-21,JAGG,39.9129
2022-09-21,JAVA,45.4131
2022-09-21,JCPB,38.9728
2022-09-21,JEMA,30.321
2022-09-21,JEPI,38.344
2022-09-21,JEPQ,28.2683
2022-09-21,JGRO,45.4964
2022-09-21,JIRE,41.092
2022-09-21,JMEE,42.5833
2022-09-21,JMST,45.0205
2022-09-21,JPIE,36.0255
2022-09-21,JPST,41.9287
2022-09-22,BBRE,72.7889
2022-09-22,JAGG,39.5435
2022-09-22,JAVA,45.0444
2022-09-22,JCPB,38.6535
2022-09-22,JEMA,30.1148
2022-09-22,JEPI,38.1715
2022-09-22,JEPQ,27.9461
2022-09-22,JGRO,44.8155
2022-09-22,JIRE,41.0116
2022-09-22,JMEE,41.7204
2022-09-22,JMST,44.9401
2022-09-22,JPIE,35.9193
2022-09-22,JPST,41.9287
2022-09-23,BBRE,71.8865
2022-09-23,JAGG,39.4264
2022-09-23,JAVA,44.1007
2022-09-23,JCPB,38.6236
2022-09-23,JEMA,29.3172
2022-09-23,JEPI,37.7688
2022-09-23,JEPQ,27.5593
2022-09-23,JGRO,44.0182
2022-09-23,JIRE,39.6809
2022-09-23,JMEE,40.7966
2022-09-23,JMST,44.9223
2022-09-23,JPIE,35.7517
2022-09-23,JPST,41.9287
2022-09-26,BBRE,69.8516
2022-09-26,JAGG,38.9507
2022-09-26,JAVA,43.6242
2022-09-26,JCPB,38.2244
2022-09-26,JEMA,29.0662
2022-09-26,JEPI,37.4021
2022-09-26,JEPQ,27.4884
2022-09-26,JGRO,43.8502
2022-09-26,JIRE,39.0289
2022-09-26,JMEE,40.267
2022-09-26,JMST,44.8509
2022-09-26,JPIE,35.4405
2022-09-26,JPST,41.9204
2022-09-27,BBRE,68.8164
2022-09-27,JAGG,38.736
2022-09-27,JAVA,43.4275
2022-09-27,JCPB,37.896
2022-09-27,JEMA,28.9497
2022-09-27,JEPI,37.1433
2022-09-27,JEPQ,27.4691
2022-09-27,JGRO,43.9118
2022-09-27,JIRE,38.8681
2022-09-27,JMEE,40.2661
2022-09-27,JMST,44.8848
2022-09-27,JPIE,35.2961
2022-09-27,JPST,41.9287
2022-09-28,BBRE,70.3559
2022-09-28,JAGG,39.3201
2022-09-28,JAVA,44.4014
2022-09-28,JCPB,38.2452
2022-09-28,JEMA,29.1558
2022-09-28,JEPI,37.7904
2022-09-28,JEPQ,27.9783
2022-09-28,JGRO,44.8155
2022-09-28,JIRE,39.8148
2022-09-28,JMEE,41.3825
2022-09-28,JMST,44.8509
2022-09-28,JPIE,35.3607
2022-09-28,JPST,41.9538
2022-09-29,BBRE,68.3837
2022-09-29,JAGG,39.2342
2022-09-29,JAVA,43.8388
2022-09-29,JCPB,38.1954
2022-09-29,JEMA,28.5553
2022-09-29,JEPI,37.2871
2022-09-29,JEPQ,27.2951
2022-09-29,JGRO,43.7219
2022-09-29,JIRE,39.2879
2022-09-29,JMEE,40.5758
2022-09-29,JMST,44.9401
2022-09-29,JPIE,35.3647
2022-09-29,JPST,41.9204
2022-09-30,BBRE,69.3295
2022-09-30,JAGG,39.0882
2022-09-30,JAVA,43.2763
2022-09-30,JCPB,38.1496
2022-09-30,JEMA,28.5553
2022-09-30,JEPI,36.8341
2022-09-30,JEPQ,26.8439
2022-09-30,JGRO,43.0419
2022-09-30,JIRE,38.8949
2022-09-30,JMEE,40.3297
2022-09-30,JMST,44.8955
2022-09-30,JPIE,35.3543
2022-09-30,JPST,41.9371
2022-10-03,BBRE,70.4797
2022-10-03,JAGG,39.4332
2022-10-03,JAVA,44.5054
2022-10-03,JCPB,38.3122
2022-10-03,JEMA,28.9138
2022-10-03,JEPI,37.7058
2022-10-03,JEPQ,27.5009
2022-10-03,JGRO,44.0291
2022-10-03,JIRE,39.922
2022-10-03,JMEE,41.4297
2022-10-03,JMST,44.8964
2022-10-03,JPIE,35.5243
2022-10-03,JPST,41.922
2022-10-04,BBRE,71.7538
2022-10-04,JAGG,39.4849
2022-10-04,JAVA,45.727
2022-10-04,JCPB,38.4664
2022-10-04,JEMA,29.8818
2022-10-04,JEPI,38.4316
2022-10-04,JEPQ,28.1578
2022-10-04,JGRO,45.4776
2022-10-04,JIRE,41.5296
2022-10-04,JMEE,42.9939
2022-10-04,JMST,44.9455
2022-10-04,JPIE,35.8378
2022-10-04,JPST,41.9388
2022-10-05,BBRE,70.4266
2022-10-05,JAGG,39.2783
2022-10-05,JAVA,45.6741
2022-10-05,JCPB,38.3581
2022-10-05,JEMA,29.9087
2022-10-05,JEPI,38.3373
2022-10-05,JEPQ,28.1904
2022-10-05,JGRO,45.395
2022-10-05,JIRE,41.0295
2022-10-05,JMEE,42.8867
2022-10-05,JMST,44.9053
2022-10-05,JPIE,35.7688
2022-10-05,JPST,41.9304
2022-10-06,BBRE,68.7987
2022-10-06,JAGG,39.1491
2022-10-06,JAVA,45.2637
2022-10-06,JCPB,38.2246
2022-10-06,JEMA,29.6757
2022-10-06,JEPI,37.9091
2022-10-06,JEPQ,27.9952
2022-10-06,JGRO,45.1097
2022-10-06,JIRE,40.3239
2022-10-06,JMEE,42.5406
2022-10-06,JMST,44.9053
2022-10-06,JPIE,35.7175
2022-10-06,JPST,41.9388
2022-10-07,BBRE,67.215
2022-10-07,JAGG,38.9339
2022-10-07,JAVA,44.3835
2022-10-07,JCPB,38.0579
2022-10-07,JEMA,29.0662
2022-10-07,JEPI,37.2486
2022-10-07,JEPQ,27.1562
2022-10-07,JGRO,43.6324
2022-10-07,JIRE,39.7094
2022-10-07,JMEE,41.5114
2022-10-07,JMST,44.8964
2022-10-07,JPIE,35.5491
2022-10-07,JPST,41.9388
2022-10-10,BBRE,66.6576
2022-10-10,JAGG,38.736
2022-10-10,JAVA,44.184
2022-10-10,JCPB,37.9328
2022-10-10,JEMA,28.627
2022-10-10,JEPI,37.1978
2022-10-10,JEPQ,26.896
2022-10-10,JGRO,43.2388
2022-10-10,JIRE,39.4308
2022-10-10,JMEE,41.4996
2022-10-10,JMST,44.9232
2022-10-10,JPIE,35.4602
2022-10-10,JPST,41.9388
2022-10-11,BBRE,67.5335
2022-10-11,JAGG,38.7618
2022-10-11,JAVA,44.0525
2022-10-11,JCPB,37.8203
2022-10-11,JEMA,28.1699
2022-10-11,JEPI,37.1107
2022-10-11,JEPQ,26.5447
2022-10-11,JGRO,42.8133
2022-10-11,JIRE,38.9664
2022-10-11,JMEE,41.5214
2022-10-11,JMST,44.9232
2022-10-11,JPIE,35.3543
2022-10-11,JPST,41.9388
2022-10-12,BBRE,67.0292
2022-10-12,JAGG,38.8307
2022-10-12,JAVA,43.8918
2022-10-12,JCPB,37.8953
2022-10-12,JEMA,28.2147
2022-10-12,JEPI,36.9292
2022-10-12,JEPQ,26.5285
2022-10-12,JGRO,42.7715
2022-10-12,JIRE,38.8681
2022-10-12,JMEE,41.3025
2022-10-12,JMST,44.95
2022-10-12,JPIE,35.376
2022-10-12,JPST,41.9555
2022-10-13,BBRE,68.1882
2022-10-13,JAGG,38.6757
2022-10-13,JAVA,45.0926
2022-10-13,JCPB,37.7869
2022-10-13,JEMA,28.3492
2022-10-13,JEPI,37.6332
2022-10-13,JEPQ,27.0976
2022-10-13,JGRO,43.6474
2022-10-13,JIRE,39.6451
2022-10-13,JMEE,42.2463
2022-10-13,JMST,44.9411
2022-10-13,JPIE,35.2838
2022-10-13,JPST,41.9471
2022-10-14,BBRE,66.5603
2022-10-14,JAGG,38.5207
2022-10-14,JAVA,44.2832
2022-10-14,JCPB,37.6577
2022-10-14,JEMA,27.9279
2022-10-14,JEPI,37.1107
2022-10-14,JEPQ,26.4407
2022-10-14,JGRO,42.347
2022-10-14,JIRE,39.0825
2022-10-14,JMEE,41.288
2022-10-14,JMST,44.9545
2022-10-14,JPIE,35.1988
2022-10-14,JPST,41.9304
2022-10-17,BBRE,68.958
2022-10-17,JAGG,38.5294
2022-10-17,JAVA,45.0652
2022-10-17,JCPB,37.6785
2022-10-17,JEMA,28.6539
2022-10-17,JEPI,37.7421
2022-10-17,JEPQ,27.1692
2022-10-17,JGRO,43.5629
2022-10-17,JIRE,40.0274
2022-10-17,JMEE,42.3389
2022-10-17,JMST,44.9411
2022-10-17,JPIE,35.2838
2022-10-17,JPST,41.9471
2022-10-18,BBRE,69.6056
2022-10-18,JAGG,38.6413
2022-10-18,JAVA,45.502
2022-10-18,JCPB,37.7244
2022-10-18,JEMA,28.5643
2022-10-18,JEPI,38.105
2022-10-18,JEPQ,27.3708
2022-10-18,JGRO,43.9804
2022-10-18,JIRE,40.315
2022-10-18,JMEE,42.8703
2022-10-18,JMST,44.9679
2022-10-18,JPIE,35.4521
2022-10-18,JPST,41.9471
2022-10-19,BBRE,67.9936
2022-10-19,JAGG,38.3228
2022-10-19,JAVA,45.2666
2022-10-19,JCPB,37.5493
2022-10-19,JEMA,28.0355
2022-10-19,JEPI,37.8292
2022-10-19,JEPQ,27.3188
2022-10-19,JGRO,43.6623
2022-10-19,JIRE,39.8684
2022-10-19,JMEE,42.2617
2022-10-19,JMST,44.959
2022-10-19,JPIE,35.2998
2022-10-19,JPST,41.9471
2022-10-20,BBRE,67.9405
2022-10-20,JAGG,38.1334
2022-10-20,JAVA,44.912
2022-10-20,JCPB,37.3283
2022-10-20,JEMA,28.1879
2022-10-20,JEPI,37.4663
2022-10-20,JEPQ,27.2212
2022-10-20,JGRO,43.3342
2022-10-20,JIRE,39.7478
2022-10-20,JMEE,41.7621
2022-10-20,JMST,45.0126
2022-10-20,JPIE,35.1876
2022-10-20,JPST,41.9471
2022-10-21,BBRE,68.551
2022-10-21,JAGG,38.0731
2022-10-21,JAVA,45.8953
2022-10-21,JCPB,37.2741
2022-10-21,JEMA,28.5464
2022-10-21,JEPI,38.0542
2022-10-21,JEPQ,27.735
2022-10-21,JGRO,44.2886
2022-10-21,JIRE,40.3775
2022-10-21,JMEE,42.5742
2022-10-21,JMST,44.9411
2022-10-21,JPIE,35.2317
2022-10-21,JPST,41.9723
2022-10-24,BBRE,68.6925
2022-10-24,JAGG,38.0818
2022-10-24,JAVA,46.3983
2022-10-24,JCPB,37.245
2022-10-24,JEMA,27.5425
2022-10-24,JEPI,38.4534
2022-10-24,JEPQ,27.9952
2022-10-24,JGRO,44.7727
2022-10-24,JIRE,40.4847
2022-10-24,JMEE,42.9003
2022-10-24,JMST,44.959
2022-10-24,JPIE,35.2934
2022-10-24,JPST,41.9555
2022-10-25,BBRE,71.3114
2022-10-25,JAGG,38.4088
2022-10-25,JAVA,46.9988
2022-10-25,JCPB,37.4742
2022-10-25,JEMA,27.7308
2022-10-25,JEPI,38.78
2022-10-25,JEPQ,28.405
2022-10-25,JGRO,45.7002
2022-10-25,JIRE,41.4046
2022-10-25,JMEE,43.9049
2022-10-25,JMST,44.9679
2022-10-25,JPIE,35.4377
2022-10-25,JPST,41.9806
2022-10-26,BBRE,71.1256
2022-10-26,JAGG,38.6068
2022-10-26,JAVA,47.2588
2022-10-26,JCPB,37.6702
2022-10-26,JEMA,28.1789
2022-10-26,JEPI,38.9107
2022-10-26,JEPQ,27.9757
2022-10-26,JGRO,45.1435
2022-10-26,JIRE,41.7261
2022-10-26,JMEE,44.1302
2022-10-26,JMST,44.9232
2022-10-26,JPIE,35.5884
2022-10-26,JPST,41.9555
2022-10-27,BBRE,71.2937
2022-10-27,JAGG,38.7962
2022-10-27,JAVA,47.185
2022-10-27,JCPB,37.7911
2022-10-27,JEMA,28.0803
2022-10-27,JEPI,39.0631
2022-10-27,JEPQ,27.631
2022-10-27,JGRO,44.9447
2022-10-27,JIRE,41.3599
2022-10-27,JMEE,44.073
2022-10-27,JMST,44.9232
2022-10-27,JPIE,35.7889
2022-10-27,JPST,41.9639
2022-10-28,BBRE,72.7916
2022-10-28,JAGG,38.7101
2022-10-28,JAVA,48.123
2022-10-28,JCPB,37.8494
2022-10-28,JEMA,27.9638
2022-10-28,JEPI,39.651
2022-10-28,JEPQ,28.1839
2022-10-28,JGRO,45.919
2022-10-28,JIRE,41.7529
2022-10-28,JMEE,44.9632
2022-10-28,JMST,45.0036
2022-10-28,JPIE,35.8209
2022-10-28,JPST,41.9471
2022-10-31,BBRE,72.6385
2022-10-31,JAGG,38.5724
2022-10-31,JAVA,47.983
2022-10-31,JCPB,37.6785
2022-10-31,JEMA,27.919
2022-10-31,JEPI,39.6074
2022-10-31,JEPQ,28.0473
2022-10-31,JGRO,45.5412
2022-10-31,JIRE,41.3331
2022-10-31,JMEE,45.0086
2022-10-31,JMST,44.9947
2022-10-31,JPIE,35.6485
2022-10-31,JPST,41.9555
2022-11-01,BBRE,72.5058
2022-11-01,JAGG,38.7009
2022-11-01,JAVA,48.0738
2022-11-01,JCPB,37.727
2022-11-01,JEMA,28.4478
2022-11-01,JEPI,39.5678
2022-11-01,JEPQ,27.8166
2022-11-01,JGRO,45.1535
2022-11-01,JIRE,41.6993
2022-11-01,JMEE,45.2284
2022-11-01,JMST,45.0198
2022-11-01,JPIE,35.6687
2022-11-01,JPST,41.9773
2022-11-02,BBRE,70.5151
2022-11-02,JAGG,38.5973
2022-11-02,JAVA,47.2966
2022-11-02,JCPB,37.6518
2022-11-02,JEMA,28.143
2022-11-02,JEPI,39.1568
2022-11-02,JEPQ,27.1029
2022-11-02,JGRO,43.8681
2022-11-02,JIRE,41.1098
2022-11-02,JMEE,43.9667
2022-11-02,JMST,45.0645
2022-11-02,JPIE,35.5753
2022-11-02,JPST,41.9857
2022-11-03,BBRE,70.5594
2022-11-03,JAGG,38.3989
2022-11-03,JAVA,47.1689
2022-11-03,JCPB,37.5305
2022-11-03,JEMA,28.3133
2022-11-03,JEPI,39.1054
2022-11-03,JEPQ,26.6469
2022-11-03,JGRO,43.3243
2022-11-03,JIRE,40.7972
2022-11-03,JMEE,43.6724
2022-11-03,JMST,45.0511
2022-11-03,JPIE,35.4561
2022-11-03,JPST,41.9773
2022-11-04,BBRE,71.5237
2022-11-04,JAGG,38.3989
2022-11-04,JAVA,47.8034
2022-11-04,JCPB,37.472
2022-11-04,JEMA,29.4158
2022-11-04,JEPI,39.4871
2022-11-04,JEPQ,26.9839
2022-11-04,JGRO,43.8412
2022-11-04,JIRE,42.3602
2022-11-04,JMEE,44.2819
2022-11-04,JMST,45.0198
2022-11-04,JPIE,35.4963
2022-11-04,JPST,42.0109
2022-11-07,BBRE,71.4618
2022-11-07,JAGG,38.2781
2022-11-07,JAVA,48.3442
2022-11-07,JCPB,37.3883
2022-11-07,JEMA,29.3978
2022-11-07,JEPI,39.7513
2022-11-07,JEPQ,27.2549
2022-11-07,JGRO,44.0599
2022-11-07,JIRE,42.512
2022-11-07,JMEE,44.6997
2022-11-07,JMST,45.0377
2022-11-07,JPIE,35.4601
2022-11-07,JPST,42.0025
2022-11-08,BBRE,71.8069
2022-11-08,JAGG,38.4248
2022-11-08,JAVA,48.6468
2022-11-08,JCPB,37.5221
2022-11-08,JEMA,29.604
2022-11-08,JEPI,40.0008
2022-11-08,JEPQ,27.4201
2022-11-08,JGRO,44.3582
2022-11-08,JIRE,42.9675
2022-11-08,JMEE,44.7779
2022-11-08,JMST,45.0645
2022-11-08,JPIE,35.5165
2022-11-08,JPST,42.0361
2022-11-09,BBRE,71.0902
2022-11-09,JAGG,38.5197
2022-11-09,JAVA,47.7013
2022-11-09,JCPB,37.5138
2022-11-09,JEMA,29.12
2022-11-09,JEPI,39.5751
2022-11-09,JEPQ,26.9178
2022-11-09,JGRO,43.2845
2022-11-09,JIRE,42.4048
2022-11-09,JMEE,43.8368
2022-11-09,JMST,45.0824
2022-11-09,JPIE,35.4883
2022-11-09,JPST,42.0361
2022-11-10,BBRE,75.9298
2022-11-10,JAGG,39.253
2022-11-10,JAVA,49.5072
2022-11-10,JCPB,38.0992
2022-11-10,JEMA,30.1417
2022-11-10,JEPI,40.5073
2022-11-10,JEPQ,28.3982
2022-11-10,JGRO,45.8891
2022-11-10,JIRE,44.7091
2022-11-10,JMEE,46.1213
2022-11-10,JMST,45.1093
2022-11-10,JPIE,35.9755
2022-11-10,JPST,42.0445
2022-11-11,BBRE,75.5582
2022-11-11,JAGG,39.3479
2022-11-11,JAVA,49.6869
2022-11-11,JCPB,38.2162
2022-11-11,JEMA,31.0022
2022-11-11,JEPI,40.2944
2022-11-11,JEPQ,28.6956
2022-11-11,JGRO,46.5552
2022-11-11,JIRE,45.5575
2022-11-11,JMEE,46.4047
2022-11-11,JMST,45.1451
2022-11-11,JPIE,36.0963
2022-11-11,JPST,42.0613
2022-11-14,BBRE,73.8772
2022-11-14,JAGG,39.184
2022-11-14,JAVA,49.338
2022-11-14,JCPB,38.1242
2022-11-14,JEMA,30.9036
2022-11-14,JEPI,40.3385
2022-11-14,JEPQ,28.6031
2022-11-14,JGRO,45.9786
2022-11-14,JIRE,45.1378
2022-11-14,JMEE,45.9169
2022-11-14,JMST,45.163
2022-11-14,JPIE,36.052
2022-11-14,JPST,42.0613
2022-11-15,BBRE,74.5938
2022-11-15,JAGG,39.4342
2022-11-15,JAVA,49.6367
2022-11-15,JCPB,38.4002
2022-11-15,JEMA,31.6206
2022-11-15,JEPI,40.4119
2022-11-15,JEPQ,28.841
2022-11-15,JGRO,46.5254
2022-11-15,JIRE,45.4325
2022-11-15,JMEE,46.5782
2022-11-15,JMST,45.1361
2022-11-15,JPIE,36.1849
2022-11-15,JPST,42.0865
2022-11-16,BBRE,73.8683
2022-11-16,JAGG,39.7016
2022-11-16,JAVA,49.3559
2022-11-16,JCPB,38.6176
2022-11-16,JEMA,31.2262
2022-11-16,JEPI,40.5146
2022-11-16,JEPQ,28.6758
2022-11-16,JGRO,46.078
2022-11-16,JIRE,45.1199
2022-11-16,JMEE,45.9142
2022-11-16,JMST,45.1451
2022-11-16,JPIE,36.2655
2022-11-16,JPST,42.0865
2022-11-17,BBRE,73.4702
2022-11-17,JAGG,39.5204
2022-11-17,JAVA,49.2803
2022-11-17,JCPB,38.4838
2022-11-17,JEMA,31.2262
2022-11-17,JEPI,40.4853
2022-11-17,JEPQ,28.6956
2022-11-17,JGRO,45.909
2022-11-17,JIRE,45.361
2022-11-17,JMEE,45.7153
2022-11-17,JMST,45.172
2022-11-17,JPIE,36.1688
2022-11-17,JPST,42.1033
2022-11-18,BBRE,74.6027
2022-11-18,JAGG,39.4514
2022-11-18,JAVA,49.4713
2022-11-18,JCPB,38.442
2022-11-18,JEMA,31.1456
2022-11-18,JEPI,40.8009
2022-11-18,JEPQ,28.7815
2022-11-18,JGRO,46.0084
2022-11-18,JIRE,45.7183
2022-11-18,JMEE,46.144
2022-11-18,JMST,45.1854
2022-11-18,JPIE,36.1688
2022-11-18,JPST,42.1033
2022-11-21,BBRE,74.8858
2022-11-21,JAGG,39.4169
2022-11-21,JAVA,49.5734
2022-11-21,JCPB,38.442
2022-11-21,JEMA,30.7422
2022-11-21,JEPI,41.0284
2022-11-21,JEPQ,28.6758
2022-11-21,JGRO,45.5909
2022-11-21,JIRE,45.1913
2022-11-21,JMEE,45.9424
2022-11-21,JMST,45.1899
2022-11-21,JPIE,36.1326
2022-11-21,JPST,42.1117
2022-11-22,BBRE,75.4255
2022-11-22,JAGG,39.6067
2022-11-22,JAVA,50.2636
2022-11-22,JCPB,38.6176
2022-11-22,JEMA,30.796
2022-11-22,JEPI,41.2559
2022-11-22,JEPQ,28.9864
2022-11-22,JGRO,46.257
2022-11-22,JIRE,45.6111
2022-11-22,JMEE,46.6472
2022-11-22,JMST,45.2346
2022-11-22,JPIE,36.2171
2022-11-22,JPST,42.1285
2022-11-23,BBRE,75.284
2022-11-23,JAGG,39.8396
2022-11-23,JAVA,50.3393
2022-11-23,JCPB,38.7849
2022-11-23,JEMA,31.0765
2022-11-23,JEPI,41.344
2022-11-23,JEPQ,29.145
2022-11-23,JGRO,46.6745
2022-11-23,JIRE,46.0398
2022-11-23,JMEE,46.689
2022-11-23,JMST,45.2436
2022-11-23,JPIE,36.3943
2022-11-23,JPST,42.1537
2022-11-25,BBRE,75.7352
2022-11-25,JAGG,39.9087
2022-11-25,JAVA,50.4499
2022-11-25,JCPB,38.8183
2022-11-25,JEMA,30.9403
2022-11-25,JEPI,41.4835
2022-11-25,JEPQ,29.112
2022-11-25,JGRO,46.6646
2022-11-25,JIRE,46.3256
2022-11-25,JMEE,46.8861
2022-11-25,JMST,45.2525
2022-11-25,JPIE,36.433
2022-11-25,JPST,42.1452
2022-11-28,BBRE,73.771
2022-11-28,JAGG,39.8138
2022-11-28,JAVA,49.753
2022-11-28,JCPB,38.7347
2022-11-28,JEMA,30.7691
2022-11-28,JEPI,41.2266
2022-11-28,JEPQ,28.8938
2022-11-28,JGRO,46.0084
2022-11-28,JIRE,45.879
2022-11-28,JMEE,46.1168
2022-11-28,JMST,45.2615
2022-11-28,JPIE,36.3299
2022-11-28,JPST,42.162
2022-11-29,BBRE,75.1159
2022-11-29,JAGG,39.6962
2022-11-29,JAVA,49.9705
2022-11-29,JCPB,38.6845
2022-11-29,JEMA,31.3517
2022-11-29,JEPI,41.2119
2022-11-29,JEPQ,28.7418
2022-11-29,JGRO,45.7798
2022-11-29,JIRE,45.9505
2022-11-29,JMEE,46.2167
2022-11-29,JMST,45.2883
2022-11-29,JPIE,36.3299
2022-11-29,JPST,42.1704
2022-11-30,BBRE,76.7704
2022-11-30,JAGG,39.9087
2022-11-30,JAVA,50.8782
2022-11-30,JCPB,38.8434
2022-11-30,JEMA,32.2659
2022-11-30,JEPI,41.6743
2022-11-30,JEPQ,29.4887
2022-11-30,JGRO,47.43
2022-11-30,JIRE,46.8347
2022-11-30,JMEE,47.3067
2022-11-30,JMST,45.2883
2022-11-30,JPIE,36.5055
2022-11-30,JPST,42.1872
2022-12-01,BBRE,76.4342
2022-12-01,JAGG,40.3018
2022-12-01,JAVA,50.7411
2022-12-01,JCPB,39.2436
2022-12-01,JEMA,32.0149
2022-12-01,JEPI,41.6372
2022-12-01,JEPQ,29.4793
2022-12-01,JGRO,47.5593
2022-12-01,JIRE,47.2098
2022-12-01,JMEE,47.1241
2022-12-01,JMST,45.2865
2022-12-01,JPIE,36.6996
2022-12-01,JPST,42.1965
2022-12-02,BBRE,76.3545
2022-12-02,JAGG,40.4488
2022-12-02,JAVA,50.7647
2022-12-02,JCPB,39.3946
2022-12-02,JEMA,32.1315
2022-12-02,JEPI,41.6669
2022-12-02,JEPQ,29.4057
2022-12-02,JGRO,47.5394
2022-12-02,JIRE,47.1383
2022-12-02,JMEE,47.2013
2022-12-02,JMST,45.3224
2022-12-02,JPIE,36.7765
2022-12-02,JPST,42.2133
2022-12-05,BBRE,74.9823
2022-12-05,JAGG,40.2067
2022-12-05,JAVA,49.8344
2022-12-05,JCPB,39.252
2022-12-05,JEMA,31.8357
2022-12-05,JEPI,41.4888
2022-12-05,JEPQ,29.2317
2022-12-05,JGRO,46.6447
2022-12-05,JIRE,46.5846
2022-12-05,JMEE,46.0168
2022-12-05,JMST,45.3403
2022-12-05,JPIE,36.6406
2022-12-05,JPST,42.2049
2022-12-06,BBRE,74.4523
2022-12-06,JAGG,40.2845
2022-12-06,JAVA,49.2047
2022-12-06,JCPB,39.2603
2022-12-06,JEMA,31.7371
2022-12-06,JEPI,41.2291
2022-12-06,JEPQ,28.8503
2022-12-06,JGRO,45.8494
2022-12-06,JIRE,46.3435
2022-12-06,JMEE,45.5436
2022-12-06,JMST,45.3583
2022-12-06,JPIE,36.6123
2022-12-06,JPST,42.2217
2022-12-07,BBRE,74.6292
2022-12-07,JAGG,40.6218
2022-12-07,JAVA,49.1574
2022-12-07,JCPB,39.5288
2022-12-07,JEMA,31.6206
2022-12-07,JEPI,41.2514
2022-12-07,JEPQ,28.7701
2022-12-07,JGRO,45.7599
2022-12-07,JIRE,46.3524
2022-12-07,JMEE,45.4464
2022-12-07,JMST,45.3493
2022-12-07,JPIE,36.7336
2022-12-07,JPST,42.2301
2022-12-08,BBRE,75.2663
2022-12-08,JAGG,40.5872
2022-12-08,JAVA,49.3748
2022-12-08,JCPB,39.5707
2022-12-08,JEMA,31.8895
2022-12-08,JEPI,41.4591
2022-12-08,JEPQ,29.0176
2022-12-08,JGRO,46.247
2022-12-08,JIRE,46.5399
2022-12-08,JMEE,45.7244
2022-12-08,JMST,45.3493
2022-12-08,JPIE,36.7053
2022-12-08,JPST,42.247
2022-12-09,BBRE,75.0141
2022-12-09,JAGG,40.3105
2022-12-09,JAVA,48.9399
2022-12-09,JCPB,39.3526
2022-12-09,JEMA,31.773
2022-12-09,JEPI,41.2143
2022-12-09,JEPQ,28.8704
2022-12-09,JGRO,45.7102
2022-12-09,JIRE,46.5846
2022-12-09,JMEE,45.2902
2022-12-09,JMST,45.3403
2022-12-09,JPIE,36.7012
2022-12-09,JPST,42.247
2022-12-12,BBRE,75.5405
2022-12-12,JAGG,40.3018
2022-12-12,JAVA,49.6207
2022-12-12,JCPB,39.3023
2022-12-12,JEMA,31.7156
2022-12-12,JEPI,41.7262
2022-12-12,JEPQ,29.2518
2022-12-12,JGRO,46.3763
2022-12-12,JIRE,46.7186
2022-12-12,JMEE,45.728
2022-12-12,JMST,45.3134
2022-12-12,JPIE,36.7053
2022-12-12,JPST,42.247
2022-12-13,BBRE,76.6642
2022-12-13,JAGG,40.5612
2022-12-13,JAVA,49.876
2022-12-13,JCPB,39.5078
2022-12-13,JEMA,31.8715
2022-12-13,JEPI,41.793
2022-12-13,JEPQ,29.4325
2022-12-13,JGRO,46.764
2022-12-13,JIRE,47.3348
2022-12-13,JMEE,45.9714
2022-12-13,JMST,45.3762
2022-12-13,JPIE,36.8914
2022-12-13,JPST,42.2638
2022-12-14,BBRE,76.343
2022-12-14,JAGG,40.6563
2022-12-14,JAVA,49.493
2022-12-14,JCPB,39.6127
2022-12-14,JEMA,31.9791
2022-12-14,JEPI,41.704
2022-12-14,JEPQ,29.3254
2022-12-14,JGRO,46.4657
2022-12-14,JIRE,47.3527
2022-12-14,JMEE,45.7798
2022-12-14,JMST,45.3134
2022-12-14,JPIE,36.9075
2022-12-14,JPST,42.2638
2022-12-15,BBRE,75.3043
2022-12-15,JAGG,40.7168
2022-12-15,JAVA,48.5806
2022-12-15,JCPB,39.6714
2022-12-15,JEMA,31.2621
2022-12-15,JEPI,41.0362
2022-12-15,JEPQ,28.4556
2022-12-15,JGRO,45.2231
2022-12-15,JIRE,46.1738
2022-12-15,JMEE,44.6841
2022-12-15,JMST,45.3493
2022-12-15,JPIE,36.9148
2022-12-15,JPST,42.2841
2022-12-16,BBRE,73.3818
2022-12-16,JAGG,40.639
2022-12-16,JAVA,48.1457
2022-12-16,JCPB,39.5959
2022-12-16,JEMA,31.2442
2022-12-16,JEPI,40.6727
2022-12-16,JEPQ,28.2214
2022-12-16,JGRO,44.8155
2022-12-16,JIRE,45.8076
2022-12-16,JMEE,44.3017
2022-12-16,JMST,45.3224
2022-12-16,JPIE,36.9148
2022-12-16,JPST,42.3009
2022-12-19,BBRE,72.4669
2022-12-19,JAGG,40.4013
2022-12-19,JAVA,47.8904
2022-12-19,JCPB,39.4155
2022-12-19,JEMA,31.3069
2022-12-19,JEPI,40.4427
2022-12-19,JEPQ,27.8668
2022-12-19,JGRO,44.3283
2022-12-19,JIRE,45.6647
2022-12-19,JMEE,43.8507
2022-12-19,JMST,45.3403
2022-12-19,JPIE,36.8015
2022-12-19,JPST,42.3009
2022-12-20,BBRE,72.217
2022-12-20,JAGG,40.1289
2022-12-20,JAVA,48.0138
2022-12-20,JCPB,39.1513
2022-12-20,JEMA,31.2636
2022-12-20,JEPI,40.4723
2022-12-20,JEPQ,27.8735
2022-12-20,JGRO,44.397
2022-12-20,JIRE,45.8398
2022-12-20,JMEE,43.991
2022-12-20,JMST,45.3224
2022-12-20,JPIE,36.7287
2022-12-20,JPST,42.3178
2022-12-21,BBRE,72.7971
2022-12-21,JAGG,40.2067
2022-12-21,JAVA,48.6878
2022-12-21,JCPB,39.21
2022-12-21,JEMA,31.595
2022-12-21,JEPI,40.9769
2022-12-21,JEPQ,28.275
2022-12-21,JGRO,44.9845
2022-12-21,JIRE,46.2889
2022-12-21,JMEE,44.852
2022-12-21,JMST,45.3403
2022-12-21,JPIE,36.8663
2022-12-21,JPST,42.3347
2022-12-22,BBRE,72.458
2022-12-22,JAGG,40.1937
2022-12-22,JAVA,48.2416
2022-12-22,JCPB,39.2184
2022-12-22,JEMA,31.2268
2022-12-22,JEPI,40.6801
2022-12-22,JEPQ,27.6126
2022-12-22,JGRO,44.2178
2022-12-22,JIRE,45.9131
2022-12-22,JMEE,44.3393
2022-12-22,JMST,45.3583
2022-12-22,JPIE,36.842
2022-12-22,JPST,42.3431
2022-12-23,BBRE,73.0558
2022-12-23,JAGG,40.077
2022-12-23,JAVA,48.6023
2022-12-23,JCPB,39.0758
2022-12-23,JEMA,31.3004
2022-12-23,JEPI,40.9323
2022-12-23,JEPQ,27.6661
2022-12-23,JGRO,44.3274
2022-12-23,JIRE,46.1147
2022-12-23,JMEE,44.6276
2022-12-23,JMST,45.3314
2022-12-23,JPIE,36.8177
2022-12-23,JPST,42.3515
2022-12-27,BBRE,73.0648
2022-12-27,JAGG,39.8003
2022-12-27,JAVA,48.6878
2022-12-27,JCPB,38.8703
2022-12-27,JEMA,31.8066
2022-12-27,JEPI,41.0288
2022-12-27,JEPQ,27.4252
2022-12-27,JGRO,43.9958
2022-12-27,JIRE,46.1147
2022-12-27,JMEE,44.6585
2022-12-27,JMST,45.3672
2022-12-27,JPIE,36.6802
2022-12-27,JPST,42.3515
2022-12-28,BBRE,71.7352
2022-12-28,JAGG,39.7225
2022-12-28,JAVA,48.1657
2022-12-28,JCPB,38.7067
2022-12-28,JEMA,31.2544
2022-12-28,JEPI,40.6207
2022-12-28,JEPQ,27.0974
2022-12-28,JGRO,43.5009
2022-12-28,JIRE,45.6381
2022-12-28,JMEE,43.8072
2022-12-28,JMST,45.3403
2022-12-28,JPIE,36.6235
2022-12-28,JPST,42.36
2022-12-29,BBRE,73.2432
2022-12-29,JAGG,39.8278
2022-12-29,JAVA,48.7562
2022-12-29,JCPB,38.8119
2022-12-29,JEMA,31.7054
2022-12-29,JEPI,41.0354
2022-12-29,JEPQ,27.7259
2022-12-29,JGRO,44.2995
2022-12-29,JIRE,46.3347
2022-12-29,JMEE,44.7456
2022-12-29,JMST,45.3682
2022-12-29,JPIE,36.6438
2022-12-29,JPST,42.3862
2022-12-30,BBRE,72.8149
2022-12-30,JAGG,39.6892
2022-12-30,JAVA,48.6423
2022-12-30,JCPB,38.6604
2022-12-30,JEMA,31.3004
2022-12-30,JEPI,40.8554
2022-12-30,JEPQ,27.692
2022-12-30,JGRO,44.2368
2022-12-30,JIRE,45.8856
2022-12-30,JMEE,44.5473
2022-12-30,JMST,45.3906
2022-12-30,JPIE,36.6682
2022-12-30,JPST,42.3946
2023-01-03,BBRE,72.69
2023-01-03,JAGG,39.9145
2023-01-03,JAVA,48.5094
2023-01-03,JCPB,38.8624
2023-01-03,JEMA,31.5397
2023-01-03,JEPI,40.8404
2023-01-03,JEPQ,27.6037
2023-01-03,JGRO,43.9112
2023-01-03,JIRE,46.2532
2023-01-03,JMEE,44.3954
2023-01-03,JMST,45.3861
2023-01-03,JPIE,36.7332
2023-01-03,JPST,42.3862
2023-01-04,BBRE,74.2516
2023-01-04,JAGG,40.1052
2023-01-04,JAVA,49.0316
2023-01-04,JCPB,39.0391
2023-01-04,JEMA,32.4601
2023-01-04,JEPI,41.0429
2023-01-04,JEPQ,27.692
2023-01-04,JGRO,44.1004
2023-01-04,JIRE,46.9764
2023-01-04,JMEE,44.973
2023-01-04,JMST,45.4086
2023-01-04,JPIE,36.912
2023-01-04,JPST,42.4031
2023-01-05,BBRE,72.2527
2023-01-05,JAGG,40.0532
2023-01-05,JAVA,48.7373
2023-01-05,JCPB,39.0476
2023-01-05,JEMA,32.368
2023-01-05,JEPI,40.623
2023-01-05,JEPQ,27.3186
2023-01-05,JGRO,43.4432
2023-01-05,JIRE,46.5181
2023-01-05,JMEE,44.5347
2023-01-05,JMST,45.4221
2023-01-05,JPIE,36.8714
2023-01-05,JPST,42.4116
2023-01-06,BBRE,74.0463
2023-01-06,JAGG,40.4692
2023-01-06,JAVA,49.8292
2023-01-06,JCPB,39.3758
2023-01-06,JEMA,33.0031
2023-01-06,JEPI,41.3728
2023-01-06,JEPQ,27.8209
2023-01-06,JGRO,44.3692
2023-01-06,JIRE,47.7096
2023-01-06,JMEE,45.5834
2023-01-06,JMST,45.431
2023-01-06,JPIE,37.1883
2023-01-06,JPST,42.4285
2023-01-09,BBRE,73.9928
2023-01-09,JAGG,40.5992
2023-01-09,JAVA,49.5443
2023-01-09,JCPB,39.5442
2023-01-09,JEMA,33.4264
2023-01-09,JEPI,41.2528
2023-01-09,JEPQ,28.0177
2023-01-09,JGRO,44.5255
2023-01-09,JIRE,47.9663
2023-01-09,JMEE,45.6163
2023-01-09,JMST,45.4221
2023-01-09,JPIE,37.2802
2023-01-09,JPST,42.4369
2023-01-10,BBRE,73.9571
2023-01-10,JAGG,40.4779
2023-01-10,JAVA,49.8482
2023-01-10,JCPB,39.4684
2023-01-10,JEMA,33.6372
2023-01-10,JEPI,41.3802
2023-01-10,JEPQ,28.1671
2023-01-10,JGRO,44.8471
2023-01-10,JIRE,48.168
2023-01-10,JMEE,46.0894
2023-01-10,JMST,45.458
2023-01-10,JPIE,37.2127
2023-01-10,JPST,42.4454
2023-01-11,BBRE,76.7243
2023-01-11,JAGG,40.6772
2023-01-11,JAVA,50.209
2023-01-11,JCPB,39.662
2023-01-11,JEMA,33.8037
2023-01-11,JEPI,41.6127
2023-01-11,JEPQ,28.4793
2023-01-11,JGRO,45.5541
2023-01-11,JIRE,48.5942
2023-01-11,JMEE,46.6873
2023-01-11,JMST,45.458
2023-01-11,JPIE,37.3143
2023-01-11,JPST,42.4454
2023-01-12,BBRE,77.7522
2023-01-12,JAGG,40.9806
2023-01-12,JAVA,50.4653
2023-01-12,JCPB,39.9566
2023-01-12,JEMA,33.997
2023-01-12,JEPI,41.6577
2023-01-12,JEPQ,28.6014
2023-01-12,JGRO,45.7732
2023-01-12,JIRE,49.3229
2023-01-12,JMEE,47.2069
2023-01-12,JMST,45.4939
2023-01-12,JPIE,37.472
2023-01-12,JPST,42.4708
2023-01-13,BBRE,77.1784
2023-01-13,JAGG,40.8536
2023-01-13,JAVA,50.5793
2023-01-13,JCPB,39.9482
2023-01-13,JEMA,34.0983
2023-01-13,JEPI,41.7626
2023-01-13,JEPQ,28.8254
2023-01-13,JGRO,46.042
2023-01-13,JIRE,49.5704
2023-01-13,JMEE,47.4545
2023-01-13,JMST,45.4849
2023-01-13,JPIE,37.4793
2023-01-13,JPST,42.4623
2023-01-17,BBRE,77.5532
2023-01-17,JAGG,40.7899
2023-01-17,JAVA,50.4397
2023-01-17,JCPB,39.8725
2023-01-17,JEMA,34.0246
2023-01-17,JEPI,41.6577
2023-01-17,JEPQ,28.9001
2023-01-17,JGRO,46.0818
2023-01-17,JIRE,49.6712
2023-01-17,JMEE,47.2997
2023-01-17,JMST,45.4939
2023-01-17,JPIE,37.4167
2023-01-17,JPST,42.4877
2023-01-18,BBRE,76.652
2023-01-18,JAGG,41.154
2023-01-18,JAVA,49.6013
2023-01-18,JCPB,40.1502
2023-01-18,JEMA,33.859
2023-01-18,JEPI,41.1853
2023-01-18,JEPQ,28.7032
2023-01-18,JGRO,45.5123
2023-01-18,JIRE,49.5245
2023-01-18,JMEE,46.6806
2023-01-18,JMST,45.5119
2023-01-18,JPIE,37.6109
2023-01-18,JPST,42.5046
2023-01-19,BBRE,76.2682
2023-01-19,JAGG,41.1106
2023-01-19,JAVA,49.288
2023-01-19,JCPB,40.1418
2023-01-19,JEMA,34.043
2023-01-19,JEPI,40.9604
2023-01-19,JEPQ,28.5743
2023-01-19,JGRO,44.9467
2023-01-19,JIRE,49.4659
2023-01-19,JMEE,46.3323
2023-01-19,JMST,45.5209
2023-01-19,JPIE,37.5955
2023-01-19,JPST,42.5299
2023-01-20,BBRE,77.2409
2023-01-20,JAGG,40.8939
2023-01-20,JAVA,49.9811
2023-01-20,JCPB,39.965
2023-01-20,JEMA,34.5308
2023-01-20,JEPI,41.2453
2023-01-20,JEPQ,28.9951
2023-01-20,JGRO,45.9624
2023-01-20,JIRE,49.8784
2023-01-20,JMEE,46.9843
2023-01-20,JMST,45.5388
2023-01-20,JPIE,37.5126
2023-01-20,JPST,42.5469
2023-01-23,BBRE,77.9815
2023-01-23,JAGG,40.8382
2023-01-23,JAVA,50.4368
2023-01-23,JCPB,39.8977
2023-01-23,JEMA,34.8934
2023-01-23,JEPI,41.3278
2023-01-23,JEPQ,29.2327
2023-01-23,JGRO,46.6793
2023-01-23,JIRE,50.0287
2023-01-23,JMEE,47.6238
2023-01-23,JMST,45.5478
2023-01-23,JPIE,37.4484
2023-01-23,JPST,42.5553
2023-01-24,BBRE,78.3296
2023-01-24,JAGG,41.0066
2023-01-24,JAVA,50.4463
2023-01-24,JCPB,40.0071
2023-01-24,JEMA,34.991
2023-01-24,JEPI,41.3802
2023-01-24,JEPQ,29.1716
2023-01-24,JGRO,46.5598
2023-01-24,JIRE,50.0745
2023-01-24,JMEE,47.4565
2023-01-24,JMST,45.5388
2023-01-24,JPIE,37.5053
2023-01-24,JPST,42.5553
2023-01-25,BBRE,78.169
2023-01-25,JAGG,41.0586
2023-01-25,JAVA,50.6267
2023-01-25,JCPB,40.0745
2023-01-25,JEMA,35.0554
2023-01-25,JEPI,41.3578
2023-01-25,JEPQ,29.1376
2023-01-25,JGRO,46.5
2023-01-25,JIRE,50.4054
2023-01-25,JMEE,47.619
2023-01-25,JMST,45.5568
2023-01-25,JPIE,37.5093
2023-01-25,JPST,42.5722
2023-01-26,BBRE,78.9274
2023-01-26,JAGG,40.998
2023-01-26,JAVA,51.054
2023-01-26,JCPB,40.0576
2023-01-26,JEMA,35.4788
2023-01-26,JEPI,41.3802
2023-01-26,JEPQ,29.3141
2023-01-26,JGRO,47.1373
2023-01-26,JIRE,50.4228
2023-01-26,JMEE,47.9354
2023-01-26,JMST,45.5748
2023-01-26,JPIE,37.5093
2023-01-26,JPST,42.5807
2023-01-27,BBRE,79.9536
2023-01-27,JAGG,40.9719
2023-01-27,JAVA,50.9021
2023-01-27,JCPB,39.9903
2023-01-27,JEMA,35.3407
2023-01-27,JEPI,41.2528
2023-01-27,JEPQ,29.4091
2023-01-27,JGRO,47.3862
2023-01-27,JIRE,50.3128
2023-01-27,JMEE,48.0834
2023-01-27,JMST,45.5568
2023-01-27,JPIE,37.5029
2023-01-27,JPST,42.5638
2023-01-30,BBRE,78.9721
2023-01-30,JAGG,40.8246
2023-01-30,JAVA,50.4843
2023-01-30,JCPB,39.9061
2023-01-30,JEMA,34.6118
2023-01-30,JEPI,41.2528
2023-01-30,JEPQ,29.1173
2023-01-30,JGRO,46.7191
2023-01-30,JIRE,50.0287
2023-01-30,JMEE,47.6287
2023-01-30,JMST,45.5388
2023-01-30,JPIE,37.3996
2023-01-30,JPST,42.5722
2023-01-31,BBRE,80.5158
2023-01-31,JAGG,40.9546
2023-01-31,JAVA,51.2249
2023-01-31,JCPB,40.0576
2023-01-31,JEMA,34.3099
2023-01-31,JEPI,41.5902
2023-01-31,JEPQ,29.4227
2023-01-31,JGRO,47.4659
2023-01-31,JIRE,50.3862
2023-01-31,JMEE,48.7606
2023-01-31,JMST,45.6197
2023-01-31,JPIE,37.5012
2023-01-31,JPST,42.5891
2023-02-01,BBRE,80.8906
2023-02-01,JAGG,41.251
2023-02-01,JAVA,51.4053
2023-02-01,JCPB,40.3186
2023-02-01,JEMA,34.8529
2023-02-01,JEPI,41.6008
2023-02-01,JEPQ,29.6154
2023-02-01,JGRO,48.1828
2023-02-01,JIRE,50.7895
2023-02-01,JMEE,49.4475
2023-02-01,JMST,45.5747
2023-02-01,JPIE,37.6759
2023-02-01,JPST,42.607
2023-02-02,BBRE,82.818
2023-02-02,JAGG,41.3161
2023-02-02,JAVA,51.5098
2023-02-02,JCPB,40.4538
2023-02-02,JEMA,34.8069
2023-02-02,JEPI,41.5252
2023-02-02,JEPQ,29.7937
2023-02-02,JGRO,49.2582
2023-02-02,JIRE,50.5731
2023-02-02,JMEE,50.2215
2023-02-02,JMST,45.6017
2023-02-02,JPIE,37.8678
2023-02-02,JPST,42.6239
2023-02-03,BBRE,81.4795
2023-02-03,JAGG,41.0077
2023-02-03,JAVA,51.2496
2023-02-03,JCPB,40.2046
2023-02-03,JEMA,34.0798
2023-02-03,JEPI,41.3362
2023-02-03,JEPQ,29.6017
2023-02-03,JGRO,48.612
2023-02-03,JIRE,50.1799
2023-02-03,JMEE,49.9409
2023-02-03,JMST,45.5837
2023-02-03,JPIE,37.6433
2023-02-03,JPST,42.6155
2023-02-06,BBRE,81.0244
2023-02-06,JAGG,40.721
2023-02-06,JAVA,51.13
2023-02-06,JCPB,39.8794
2023-02-06,JEMA,33.5461
2023-02-06,JEPI,41.4118
2023-02-06,JEPQ,29.5605
2023-02-06,JGRO,48.1828
2023-02-06,JIRE,49.6895
2023-02-06,JMEE,49.4282
2023-02-06,JMST,45.5657
2023-02-06,JPIE,37.4065
2023-02-06,JPST,42.607
2023-02-07,BBRE,80.6853
2023-02-07,JAGG,40.6428
2023-02-07,JAVA,51.5382
2023-02-07,JCPB,39.7696
2023-02-07,JEMA,33.7209
2023-02-07,JEPI,41.4269
2023-02-07,JEPQ,29.7594
2023-02-07,JGRO,48.8798
2023-02-07,JIRE,50.1478
2023-02-07,JMEE,49.7842
2023-02-07,JMST,45.5657
2023-02-07,JPIE,37.4041
2023-02-07,JPST,42.607
2023-02-08,BBRE,80.5515
2023-02-08,JAGG,40.7123
2023-02-08,JAVA,51.0445
2023-02-08,JCPB,39.8203
2023-02-08,JEMA,33.7393
2023-02-08,JEPI,41.2833
2023-02-08,JEPQ,29.5468
2023-02-08,JGRO,48.2625
2023-02-08,JIRE,49.8362
2023-02-08,JMEE,49.225
2023-02-08,JMST,45.5747
2023-02-08,JPIE,37.3779
2023-02-08,JPST,42.6155
2023-02-09,BBRE,79.5967
2023-02-09,JAGG,40.5429
2023-02-09,JAVA,50.6267
2023-02-09,JCPB,39.7358
2023-02-09,JEMA,33.8958
2023-02-09,JEPI,41.1397
2023-02-09,JEPQ,29.4508
2023-02-09,JGRO,47.904
2023-02-09,JIRE,50.0378
2023-02-09,JMEE,48.5894
2023-02-09,JMST,45.5747
2023-02-09,JPIE,37.3208
2023-02-09,JPST,42.6239
2023-02-10,BBRE,79.8912
2023-02-10,JAGG,40.3748
2023-02-10,JAVA,51.035
2023-02-10,JCPB,39.5668
2023-02-10,JEMA,33.5553
2023-02-10,JEPI,41.3967
2023-02-10,JEPQ,29.3754
2023-02-10,JGRO,47.7248
2023-02-10,JIRE,49.7537
2023-02-10,JMEE,48.7152
2023-02-10,JMST,45.5747
2023-02-10,JPIE,37.1298
2023-02-10,JPST,42.6324
2023-02-13,BBRE,80.605
2023-02-13,JAGG,40.4484
2023-02-13,JAVA,51.5003
2023-02-13,JCPB,39.5922
2023-02-13,JEMA,33.8866
2023-02-13,JEPI,41.6159
2023-02-13,JEPQ,29.5948
2023-02-13,JGRO,48.3421
2023-02-13,JIRE,50.2853
2023-02-13,JMEE,49.2347
2023-02-13,JMST,45.5567
2023-02-13,JPIE,37.1861
2023-02-13,JPST,42.6324
2023-02-14,BBRE,80.0072
2023-02-14,JAGG,40.341
2023-02-14,JAVA,51.4765
2023-02-14,JCPB,39.4993
2023-02-14,JEMA,33.813
2023-02-14,JEPI,41.5327
2023-02-14,JEPQ,29.8142
2023-02-14,JGRO,48.611
2023-02-14,JIRE,50.3953
2023-02-14,JMEE,49.3353
2023-02-14,JMST,45.5567
2023-02-14,JPIE,37.1004
2023-02-14,JPST,42.6409
2023-02-15,BBRE,80.1705
2023-02-15,JAGG,40.2228
2023-02-15,JAVA,51.4148
2023-02-15,JCPB,39.3979
2023-02-15,JEMA,33.5184
2023-02-15,JEPI,41.6386
2023-02-15,JEPQ,29.9308
2023-02-15,JGRO,48.9694
2023-02-15,JIRE,50.1295
2023-02-15,JMEE,49.5636
2023-02-15,JMST,45.5477
2023-02-15,JPIE,37.0514
2023-02-15,JPST,42.6494
2023-02-16,BBRE,79.6056
2023-02-16,JAGG,40.0867
2023-02-16,JAVA,50.9591
2023-02-16,JCPB,39.2627
2023-02-16,JEMA,33.5368
2023-02-16,JEPI,41.4194
2023-02-16,JEPQ,29.6565
2023-02-16,JGRO,48.0235
2023-02-16,JIRE,49.882
2023-02-16,JMEE,49.3121
2023-02-16,JMST,45.5161
2023-02-16,JPIE,36.9812
2023-02-16,JPST,42.6579
2023-02-17,BBRE,79.2487
2023-02-17,JAGG,40.1997
2023-02-17,JAVA,50.8831
2023-02-17,JCPB,39.3134
2023-02-17,JEMA,33.1871
2023-02-17,JEPI,41.495
2023-02-17,JEPQ,29.5674
2023-02-17,JGRO,47.7547
2023-02-17,JIRE,50.0378
2023-02-17,JMEE,49.2705
2023-02-17,JMST,45.5117
2023-02-17,JPIE,36.9951
2023-02-17,JPST,42.6664
2023-02-21,BBRE,77.9191
2023-02-21,JAGG,39.7914
2023-02-21,JAVA,50.057
2023-02-21,JCPB,39.0473
2023-02-21,JEMA,32.9386
2023-02-21,JEPI,41.049
2023-02-21,JEPQ,29.1354
2023-02-21,JGRO,46.7091
2023-02-21,JIRE,49.5264
2023-02-21,JMEE,48.0273
2023-02-21,JMST,45.5027
2023-02-21,JPIE,36.7534
2023-02-21,JPST,42.6833
2023-02-22,BBRE,77.4729
2023-02-22,JAGG,39.9304
2023-02-22,JAVA,49.9336
2023-02-22,JCPB,39.0938
2023-02-22,JEMA,32.7822
2023-02-22,JEPI,40.9357
2023-02-22,JEPQ,29.1697
2023-02-22,JGRO,46.7888
2023-02-22,JIRE,49.2651
2023-02-22,JMEE,48.0582
2023-02-22,JMST,45.5027
2023-02-22,JPIE,36.8514
2023-02-22,JPST,42.6749
2023-02-23,BBRE,77.9994
2023-02-23,JAGG,40.0259
2023-02-23,JAVA,50.02
2023-02-23,JCPB,39.229
2023-02-23,JEMA,32.9755
2023-02-23,JEPI,41.0112
2023-02-23,JEPQ,29.3754
2023-02-23,JGRO,47.207
2023-02-23,JIRE,49.5154
2023-02-23,JMEE,48.3349
2023-02-23,JMST,45.5279
2023-02-23,JPIE,37.0024
2023-02-23,JPST,42.6833
2023-02-24,BBRE,76.8661
2023-02-24,JAGG,39.7827
2023-02-24,JAVA,49.6772
2023-02-24,JCPB,39.06
2023-02-24,JEMA,32.1656
2023-02-24,JEPI,40.7013
2023-02-24,JEPQ,28.9982
2023-02-24,JGRO,46.52
2023-02-24,JIRE,48.7088
2023-02-24,JMEE,48.094
2023-02-24,JMST,45.5117
2023-02-24,JPIE,36.88
2023-02-24,JPST,42.6579
2023-02-27,BBRE,76.9562
2023-02-27,JAGG,39.8614
2023-02-27,JAVA,49.8102
2023-02-27,JCPB,39.0938
2023-02-27,JEMA,32.4509
2023-02-27,JEPI,40.8147
2023-02-27,JEPQ,29.2177
2023-02-27,JGRO,46.7589
2023-02-27,JIRE,49.2587
2023-02-27,JMEE,48.1985
2023-02-27,JMST,45.5206
2023-02-27,JPIE,36.9485
2023-02-27,JPST,42.6749
2023-02-28,BBRE,76.7323
2023-02-28,JAGG,39.8956
2023-02-28,JAVA,49.6108
2023-02-28,JCPB,39.1107
2023-02-28,JEMA,32.2852
2023-02-28,JEPI,40.656
2023-02-28,JEPQ,29.204
2023-02-28,JGRO,46.7291
2023-02-28,JIRE,48.9333
2023-02-28,JMEE,48.1995
2023-02-28,JMST,45.5251
2023-02-28,JPIE,36.9412
2023-02-28,JPST,42.6833
2023-03-01,BBRE,75.6258
2023-03-01,JAGG,39.6754
2023-03-01,JAVA,49.6013
2023-03-01,JCPB,38.9599
2023-03-01,JEMA,32.9847
2023-03-01,JEPI,40.4892
2023-03-01,JEPQ,28.9982
2023-03-01,JGRO,46.4413
2023-03-01,JIRE,49.2679
2023-03-01,JMEE,48.2962
2023-03-01,JMST,45.5387
2023-03-01,JPIE,36.8682
2023-03-01,JPST,42.6782
2023-03-02,BBRE,76.6698
2023-03-02,JAGG,39.5621
2023-03-02,JAVA,49.8577
2023-03-02,JCPB,38.8413
2023-03-02,JEMA,33.1043
2023-03-02,JEPI,40.8015
2023-03-02,JEPQ,29.213
2023-03-02,JGRO,46.739
2023-03-02,JIRE,49.3321
2023-03-02,JMEE,48.5962
2023-03-02,JMST,45.5477
2023-03-02,JPIE,36.7821
2023-03-02,JPST,42.6782
2023-03-03,BBRE,77.7852
2023-03-03,JAGG,39.8234
2023-03-03,JAVA,50.4606
2023-03-03,JCPB,39.0954
2023-03-03,JEMA,33.2994
2023-03-03,JEPI,41.1518
2023-03-03,JEPQ,29.6494
2023-03-03,JGRO,47.7248
2023-03-03,JIRE,50.0287
2023-03-03,JMEE,49.1476
2023-03-03,JMST,45.5748
2023-03-03,JPIE,36.9625
2023-03-03,JPST,42.6867
2023-03-06,BBRE,77.7406
2023-03-06,JAGG,39.7625
2023-03-06,JAVA,50.4558
2023-03-06,JCPB,39.0827
2023-03-06,JEMA,33.1779
2023-03-06,JEPI,41.2128
2023-03-06,JEPQ,29.6702
2023-03-06,JGRO,47.7148
2023-03-06,JIRE,49.9251
2023-03-06,JMEE,48.4414
2023-03-06,JMST,45.5748
2023-03-06,JPIE,36.9584
2023-03-06,JPST,42.6953
2023-03-07,BBRE,76.0184
2023-03-07,JAGG,39.7363
2023-03-07,JAVA,49.5614
2023-03-07,JCPB,39.0361
2023-03-07,JEMA,32.6533
2023-03-07,JEPI,40.7177
2023-03-07,JEPQ,29.4346
2023-03-07,JGRO,47.0278
2023-03-07,JIRE,49.1313
2023-03-07,JMEE,47.8996
2023-03-07,JMST,45.5838
2023-03-07,JPIE,36.86
2023-03-07,JPST,42.6867
2023-03-08,BBRE,76.7769
2023-03-08,JAGG,39.69
2023-03-08,JAVA,49.4589
2023-03-08,JCPB,38.998
2023-03-08,JEMA,32.7822
2023-03-08,JEPI,40.7481
2023-03-08,JEPQ,29.5455
2023-03-08,JGRO,47.1771
2023-03-08,JIRE,49.3696
2023-03-08,JMEE,47.9383
2023-03-08,JMST,45.5838
2023-03-08,JPIE,36.7575
2023-03-08,JPST,42.6782
2023-03-09,BBRE,75.0279
2023-03-09,JAGG,39.8343
2023-03-09,JAVA,48.4144
2023-03-09,JCPB,39.07
2023-03-09,JEMA,32.0735
2023-03-09,JEPI,40.2455
2023-03-09,JEPQ,29.1506
2023-03-09,JGRO,45.9723
2023-03-09,JIRE,49.0662
2023-03-09,JMEE,46.816
2023-03-09,JMST,45.5838
2023-03-09,JPIE,36.7624
2023-03-09,JPST,42.6953
2023-03-10,BBRE,72.1367
2023-03-10,JAGG,40.2677
2023-03-10,JAVA,47.6928
2023-03-10,JCPB,39.4683
2023-03-10,JEMA,31.8895
2023-03-10,JEPI,39.7047
2023-03-10,JEPQ,28.7696
2023-03-10,JGRO,44.9268
2023-03-10,JIRE,48.5172
2023-03-10,JMEE,45.4877
2023-03-10,JMST,45.656
2023-03-10,JPIE,36.9461
2023-03-10,JPST,42.7463
2023-03-13,BBRE,73.0282
2023-03-13,JAGG,40.6086
2023-03-13,JAVA,47.1991
2023-03-13,JCPB,39.7987
2023-03-13,JEMA,31.9539
2023-03-13,JEPI,39.758
2023-03-13,JEPQ,29.0328
2023-03-13,JGRO,45.0363
2023-03-13,JIRE,48.2596
2023-03-13,JMEE,44.5424
2023-03-13,JMST,45.6921
2023-03-13,JPIE,37.1224
2023-03-13,JPST,42.7889
2023-03-14,BBRE,73.7429
2023-03-14,JAGG,40.3983
2023-03-14,JAVA,47.8068
2023-03-14,JCPB,39.6801
2023-03-14,JEMA,31.9769
2023-03-14,JEPI,40.2379
2023-03-14,JEPQ,29.5455
2023-03-14,JGRO,46.042
2023-03-14,JIRE,48.7913
2023-03-14,JMEE,45.3938
2023-03-14,JMST,45.7011
2023-03-14,JPIE,37.2249
2023-03-14,JPST,42.7634
2023-03-15,BBRE,73.5288
2023-03-15,JAGG,40.7903
2023-03-15,JAVA,46.9617
2023-03-15,JCPB,39.875
2023-03-15,JEMA,31.3253
2023-03-15,JEPI,39.9941
2023-03-15,JEPQ,29.6771
2023-03-15,JGRO,45.7632
2023-03-15,JIRE,47.2239
2023-03-15,JMEE,44.3344
2023-03-15,JMST,45.6921
2023-03-15,JPIE,37.1602
2023-03-15,JPST,42.84
2023-03-16,BBRE,73.1361
2023-03-16,JAGG,40.6248
2023-03-16,JAVA,47.5979
2023-03-16,JCPB,39.8496
2023-03-16,JEMA,31.8527
2023-03-16,JEPI,40.4587
2023-03-16,JEPQ,30.2105
2023-03-16,JGRO,46.8784
2023-03-16,JIRE,47.893
2023-03-16,JMEE,45.0746
2023-03-16,JMST,45.7282
2023-03-16,JPIE,37.1971
2023-03-16,JPST,42.8314
2023-03-17,BBRE,71.3961
2023-03-17,JAGG,40.8861
2023-03-17,JAVA,46.7623
2023-03-17,JCPB,40.1292
2023-03-17,JEMA,31.6005
2023-03-17,JEPI,40.0093
2023-03-17,JEPQ,30.1343
2023-03-17,JGRO,46.4702
2023-03-17,JIRE,47.4686
2023-03-17,JMEE,44.019
2023-03-17,JMST,45.7643
2023-03-17,JPIE,37.2208
2023-03-17,JPST,42.8059
2023-03-20,BBRE,72.2795
2023-03-20,JAGG,40.7264
2023-03-20,JAVA,47.3425
2023-03-20,JCPB,39.9428
2023-03-20,JEMA,31.7146
2023-03-20,JEPI,40.3749
2023-03-20,JEPQ,30.2036
2023-03-20,JGRO,46.6494
2023-03-20,JIRE,48.2138
2023-03-20,JMEE,44.6982
2023-03-20,JMST,45.7372
2023-03-20,JPIE,37.229
2023-03-20,JPST,42.8314
2023-03-21,BBRE,72.0237
2023-03-21,JAGG,40.5899
2023-03-21,JAVA,47.9815
2023-03-21,JCPB,39.8157
2023-03-21,JEMA,31.9815
2023-03-21,JEPI,40.672
2023-03-21,JEPQ,30.5153
2023-03-21,JGRO,47.5157
2023-03-21,JIRE,48.8737
2023-03-21,JMEE,45.4519
2023-03-21,JMST,45.7011
2023-03-21,JPIE,37.1962
2023-03-21,JPST,42.8059
2023-03-22,BBRE,69.2953
2023-03-22,JAGG,41.0603
2023-03-22,JAVA,47.1053
2023-03-22,JCPB,40.0444
2023-03-22,JEMA,32.2024
2023-03-22,JEPI,40.1845
2023-03-22,JEPQ,30.3837
2023-03-22,JGRO,46.9322
2023-03-22,JIRE,48.7546
2023-03-22,JMEE,44.4602
2023-03-22,JMST,45.7192
2023-03-22,JPIE,37.2741
2023-03-22,JPST,42.8229
2023-03-23,BBRE,68.8809
2023-03-23,JAGG,41.0777
2023-03-23,JAVA,46.9529
2023-03-23,JCPB,40.2139
2023-03-23,JEMA,32.5889
2023-03-23,JEPI,40.2607
2023-03-23,JEPQ,30.5638
2023-03-23,JGRO,47.197
2023-03-23,JIRE,48.7088
2023-03-23,JMEE,44.1187
2023-03-23,JMST,45.7823
2023-03-23,JPIE,37.4505
2023-03-23,JPST,42.8655
2023-03-24,BBRE,70.3402
2023-03-24,JAGG,41.1387
2023-03-24,JAVA,47.2291
2023-03-24,JCPB,40.2732
2023-03-24,JEMA,32.4877
2023-03-24,JEPI,40.5654
2023-03-24,JEPQ,30.6677
2023-03-24,JGRO,47.217
2023-03-24,JIRE,48.4979
2023-03-24,JMEE,44.347
2023-03-24,JMST,45.7552
2023-03-24,JPIE,37.4488
2023-03-24,JPST,42.8655
2023-03-27,BBRE,70.7095
2023-03-27,JAGG,40.6945
2023-03-27,JAVA,47.591
2023-03-27,JCPB,39.9936
2023-03-27,JEMA,32.3772
2023-03-27,JEPI,40.7481
2023-03-27,JEPQ,30.6192
2023-03-27,JGRO,47.1074
2023-03-27,JIRE,48.9837
2023-03-27,JMEE,44.8598
2023-03-27,JMST,45.7823
2023-03-27,JPIE,37.3275
2023-03-27,JPST,42.8655
2023-03-28,BBRE,70.5897
2023-03-28,JAGG,40.6509
2023-03-28,JAVA,47.7148
2023-03-28,JCPB,39.875
2023-03-28,JEMA,32.8006
2023-03-28,JEPI,40.7862
2023-03-28,JEPQ,30.6123
2023-03-28,JGRO,46.9382
2023-03-28,JIRE,49.0479
2023-03-28,JMEE,44.9391
2023-03-28,JMST,45.7643
2023-03-28,JPIE,37.2085
2023-03-28,JPST,42.8144
2023-03-29,BBRE,72.1597
2023-03-29,JAGG,40.677
2023-03-29,JAVA,48.3625
2023-03-29,JCPB,39.875
2023-03-29,JEMA,32.8742
2023-03-29,JEPI,41.129
2023-03-29,JEPQ,30.8963
2023-03-29,JGRO,47.7148
2023-03-29,JIRE,49.6254
2023-03-29,JMEE,45.4132
2023-03-29,JMST,45.7733
2023-03-29,JPIE,37.2897
2023-03-29,JPST,42.8144
2023-03-30,BBRE,73.0316
2023-03-30,JAGG,40.7554
2023-03-30,JAVA,48.5148
2023-03-30,JCPB,39.9682
2023-03-30,JEMA,33.4172
2023-03-30,JEPI,41.2889
2023-03-30,JEPQ,30.9795
2023-03-30,JGRO,48.0633
2023-03-30,JIRE,50.212
2023-03-30,JMEE,45.5283
2023-03-30,JMST,45.8004
2023-03-30,JPIE,37.3398
2023-03-30,JPST,42.8144
2023-03-31,BBRE,74.6638
2023-03-31,JAGG,40.8948
2023-03-31,JAVA,49.0291
2023-03-31,JCPB,40.1546
2023-03-31,JEMA,33.362
2023-03-31,JEPI,41.586
2023-03-31,JEPQ,31.2358
2023-03-31,JGRO,48.9396
2023-03-31,JIRE,50.4778
2023-03-31,JMEE,46.4
2023-03-31,JMST,45.8274
2023-03-31,JPIE,37.5407
2023-03-31,JPST,42.8314
2023-04-03,BBRE,74.2585
2023-04-03,JAGG,41.1189
2023-04-03,JAVA,49.4482
2023-04-03,JCPB,40.3331
2023-04-03,JEMA,33.3252
2023-04-03,JEPI,41.6666
2023-04-03,JEPQ,31.1686
2023-04-03,JGRO,48.9196
2023-04-03,JIRE,50.8628
2023-04-03,JMEE,46.4135
2023-04-03,JMST,45.8003
2023-04-03,JPIE,37.6338
2023-04-03,JPST,42.8562
2023-04-04,BBRE,73.9342
2023-04-04,JAGG,41.2411
2023-04-04,JAVA,48.9434
2023-04-04,JCPB,40.4692
2023-04-04,JEMA,33.3454
2023-04-04,JEPI,41.5591
2023-04-04,JEPQ,31.1826
2023-04-04,JGRO,48.611
2023-04-04,JIRE,50.8078
2023-04-04,JMEE,45.6357
2023-04-04,JMST,45.8274
2023-04-04,JPIE,37.7285
2023-04-04,JPST,42.8904
2023-04-05,BBRE,73.5919
2023-04-05,JAGG,41.3808
2023-04-05,JAVA,49.0577
2023-04-05,JCPB,40.5712
2023-04-05,JEMA,33.0795
2023-04-05,JEPI,41.6973
2023-04-05,JEPQ,31.1196
2023-04-05,JGRO,48.0026
2023-04-05,JIRE,50.5603
2023-04-05,JMEE,45.2777
2023-04-05,JMST,45.8455
2023-04-05,JPIE,37.7244
2023-04-05,JPST,42.9416
2023-04-06,BBRE,74.0693
2023-04-06,JAGG,41.3546
2023-04-06,JAVA,49.1482
2023-04-06,JCPB,40.5967
2023-04-06,JEMA,33.1595
2023-04-06,JEPI,41.728
2023-04-06,JEPQ,31.2106
2023-04-06,JGRO,48.2326
2023-04-06,JIRE,50.707
2023-04-06,JMEE,45.239
2023-04-06,JMST,45.8545
2023-04-06,JPIE,37.7821
2023-04-06,JPST,42.9416
2023-04-10,BBRE,74.3215
2023-04-10,JAGG,41.0914
2023-04-10,JAVA,49.353
2023-04-10,JCPB,40.4011
2023-04-10,JEMA,33.1927
2023-04-10,JEPI,41.8125
2023-04-10,JEPQ,31.2106
2023-04-10,JGRO,48.2525
2023-04-10,JIRE,50.7528
2023-04-10,JMEE,45.7615
2023-04-10,JMST,45.8455
2023-04-10,JPIE,37.642
2023-04-10,JPST,42.9075
2023-04-11,BBRE,74.6296
2023-04-11,JAGG,41.0927
2023-04-11,JAVA,49.6387
2023-04-11,JCPB,40.3672
2023-04-11,JEMA,33.4172
2023-04-11,JEPI,41.9277
2023-04-11,JEPQ,31.1616
2023-04-11,JGRO,48.133
2023-04-11,JIRE,50.9636
2023-04-11,JMEE,46.103
2023-04-11,JMST,45.8726
2023-04-11,JPIE,37.6255
2023-04-11,JPST,42.8989
2023-04-12,BBRE,74.1954
2023-04-12,JAGG,41.1363
2023-04-12,JAVA,49.5339
2023-04-12,JCPB,40.3927
2023-04-12,JEMA,33.2055
2023-04-12,JEPI,41.9814
2023-04-12,JEPQ,31.0706
2023-04-12,JGRO,47.8542
2023-04-12,JIRE,51.3303
2023-04-12,JMEE,45.8485
2023-04-12,JMST,45.8726
2023-04-12,JPIE,37.6972
2023-04-12,JPST,42.916
2023-04-13,BBRE,73.745
2023-04-13,JAGG,41.1189
2023-04-13,JAVA,49.9434
2023-04-13,JCPB,40.4011
2023-04-13,JEMA,33.697
2023-04-13,JEPI,42.1274
2023-04-13,JEPQ,31.3995
2023-04-13,JGRO,48.6906
2023-04-13,JIRE,51.9627
2023-04-13,JMEE,46.131
2023-04-13,JMST,45.9043
2023-04-13,JPIE,37.8068
2023-04-13,JPST,42.9416
2023-04-14,BBRE,72.6822
2023-04-14,JAGG,40.9268
2023-04-14,JAVA,49.8196
2023-04-14,JCPB,40.2311
2023-04-14,JEMA,33.5368
2023-04-14,JEPI,42.0659
2023-04-14,JEPQ,31.4205
2023-04-14,JGRO,48.6408
2023-04-14,JIRE,51.7382
2023-04-14,JMEE,45.9163
2023-04-14,JMST,45.8545
2023-04-14,JPIE,37.6708
2023-04-14,JPST,42.9246
2023-04-17,BBRE,74.2954
2023-04-17,JAGG,40.7609
2023-04-17,JAVA,50.153
2023-04-17,JCPB,40.0356
2023-04-17,JEMA,33.5829
2023-04-17,JEPI,42.1581
2023-04-17,JEPQ,31.4695
2023-04-17,JGRO,48.7006
2023-04-17,JIRE,51.6419
2023-04-17,JMEE,46.1939
2023-04-17,JMST,45.8545
2023-04-17,JPIE,37.5349
2023-04-17,JPST,42.916
2023-04-18,BBRE,74.1233
2023-04-18,JAGG,40.7609
2023-04-18,JAVA,50.2387
2023-04-18,JCPB,40.0696
2023-04-18,JEMA,33.5461
2023-04-18,JEPI,42.1888
2023-04-18,JEPQ,31.5045
2023-04-18,JGRO,48.8201
2023-04-18,JIRE,51.9169
2023-04-18,JMEE,46.1049
2023-04-18,JMST,45.8455
2023-04-18,JPIE,37.5226
2023-04-18,JPST,42.8989
2023-04-19,BBRE,74.6638
2023-04-19,JAGG,40.7179
2023-04-19,JAVA,50.2292
2023-04-19,JCPB,40.0101
2023-04-19,JEMA,33.2055
2023-04-19,JEPI,42.1965
2023-04-19,JEPQ,31.5395
2023-04-19,JGRO,48.9097
2023-04-19,JIRE,51.7565
2023-04-19,JMEE,46.1484
2023-04-19,JMST,45.7912
2023-04-19,JPIE,37.4566
2023-04-19,JPST,42.9075
2023-04-20,BBRE,74.0693
2023-04-20,JAGG,40.8919
2023-04-20,JAVA,49.8768
2023-04-20,JCPB,40.1206
2023-04-20,JEMA,33.1687
2023-04-20,JEPI,42.2118
2023-04-20,JEPQ,31.3995
2023-04-20,JGRO,48.5512
2023-04-20,JIRE,51.7794
2023-04-20,JMEE,46.0082
2023-04-20,JMST,45.8093
2023-04-20,JPIE,37.5431
2023-04-20,JPST,42.9331
2023-04-21,BBRE,74.2765
2023-04-21,JAGG,40.8439
2023-04-21,JAVA,49.7911
2023-04-21,JCPB,40.1078
2023-04-21,JEMA,32.819
2023-04-21,JEPI,42.2963
2023-04-21,JEPQ,31.4345
2023-04-21,JGRO,48.5811
2023-04-21,JIRE,52.0544
2023-04-21,JMEE,45.9259
2023-04-21,JMST,45.8003
2023-04-21,JPIE,37.5802
2023-04-21,JPST,42.9331
2023-04-24,BBRE,74.0693
2023-04-24,JAGG,41.0054
2023-04-24,JAVA,49.9244
2023-04-24,JCPB,40.2141
2023-04-24,JEMA,32.7638
2023-04-24,JEPI,42.3577
2023-04-24,JEPQ,31.4275
2023-04-24,JGRO,48.4417
2023-04-24,JIRE,52.2011
2023-04-24,JMEE,45.9027
2023-04-24,JMST,45.8093
2023-04-24,JPIE,37.6396
2023-04-24,JPST,42.9673
2023-04-25,BBRE,73.4028
2023-04-25,JAGG,41.2586
2023-04-25,JAVA,49.2339
2023-04-25,JCPB,40.4522
2023-04-25,JEMA,32.0551
2023-04-25,JEPI,41.9814
2023-04-25,JEPQ,30.8817
2023-04-25,JGRO,47.4061
2023-04-25,JIRE,51.4678
2023-04-25,JMEE,44.9875
2023-04-25,JMST,45.8365
2023-04-25,JPIE,37.7895
2023-04-25,JPST,43.0014
2023-04-26,BBRE,72.8082
2023-04-26,JAGG,41.1451
2023-04-26,JAVA,48.6768
2023-04-26,JCPB,40.3587
2023-04-26,JEMA,32.3128
2023-04-26,JEPI,41.6359
2023-04-26,JEPQ,31.1406
2023-04-26,JGRO,47.6551
2023-04-26,JIRE,51.4632
2023-04-26,JMEE,44.6024
2023-04-26,JMST,45.8455
2023-04-26,JPIE,37.7961
2023-04-26,JPST,43.0185
2023-04-27,BBRE,74.2783
2023-04-27,JAGG,40.9705
2023-04-27,JAVA,49.4291
2023-04-27,JCPB,40.2311
2023-04-27,JEMA,32.7178
2023-04-27,JEPI,42.2272
2023-04-27,JEPQ,31.8404
2023-04-27,JGRO,48.6607
2023-04-27,JIRE,52.1369
2023-04-27,JMEE,45.239
2023-04-27,JMST,45.8365
2023-04-27,JPIE,37.7541
2023-04-27,JPST,43.0014
2023-04-28,BBRE,75.3403
2023-04-28,JAGG,41.1363
2023-04-28,JAVA,49.9787
2023-04-28,JCPB,40.4097
2023-04-28,JEMA,32.9294
2023-04-28,JEPI,42.542
2023-04-28,JEPQ,32.0293
2023-04-28,JGRO,48.9794
2023-04-28,JIRE,52.0819
2023-04-28,JMEE,45.6937
2023-04-28,JMST,45.8726
2023-04-28,JPIE,37.8299
2023-04-28,JPST,43.01
2023-05-01,BBRE,74.898
2023-05-01,JAGG,40.7725
2023-05-01,JAVA,49.9815
2023-05-01,JCPB,40.1229
2023-05-01,JEMA,32.8374
2023-05-01,JEPI,42.6155
2023-05-01,JEPQ,32.0605
2023-05-01,JGRO,48.9495
2023-05-01,JIRE,52.1277
2023-05-01,JMEE,45.7218
2023-05-01,JMST,45.8119
2023-05-01,JPIE,37.7355
2023-05-01,JPST,42.9817
2023-05-02,BBRE,73.8576
2023-05-02,JAGG,41.1281
2023-05-02,JAVA,49.1815
2023-05-02,JCPB,40.3704
2023-05-02,JEMA,32.5429
2023-05-02,JEPI,42.3756
2023-05-02,JEPQ,31.8907
2023-05-02,JGRO,48.5612
2023-05-02,JIRE,51.5228
2023-05-02,JMEE,45.0455
2023-05-02,JMST,45.83
2023-05-02,JPIE,37.8266
2023-05-02,JPST,43.016
2023-05-03,BBRE,73.6883
2023-05-03,JAGG,41.3154
2023-05-03,JAVA,48.7053
2023-05-03,JCPB,40.5752
2023-05-03,JEMA,32.4509
2023-05-03,JEPI,42.097
2023-05-03,JEPQ,31.7987
2023-05-03,JGRO,48.2425
2023-05-03,JIRE,51.6144
2023-05-03,JMEE,44.9101
2023-05-03,JMST,45.8663
2023-05-03,JPIE,37.9672
2023-05-03,JPST,43.0503
2023-05-04,BBRE,74.4296
2023-05-04,JAGG,41.2979
2023-05-04,JAVA,48.1625
2023-05-04,JCPB,40.5795
2023-05-04,JEMA,32.7389
2023-05-04,JEPI,41.8958
2023-05-04,JEPQ,31.6715
2023-05-04,JGRO,48.0733
2023-05-04,JIRE,51.4586
2023-05-04,JMEE,44.2522
2023-05-04,JMST,45.8663
2023-05-04,JPIE,37.9896
2023-05-04,JPST,43.0932
2023-05-05,BBRE,75.6907
2023-05-05,JAGG,41.1665
2023-05-05,JAVA,48.9815
2023-05-05,JCPB,40.4728
2023-05-05,JEMA,33.0307
2023-05-05,JEPI,42.3447
2023-05-05,JEPQ,32.1383
2023-05-05,JGRO,49.0192
2023-05-05,JIRE,52.1369
2023-05-05,JMEE,45.1616
2023-05-05,JMST,45.8935
2023-05-05,JPIE,37.9921
2023-05-05,JPST,43.0846
2023-05-08,BBRE,75.4565
2023-05-08,JAGG,40.9739
2023-05-08,JAVA,49.0006
2023-05-08,JCPB,40.2424
2023-05-08,JEMA,33.0307
2023-05-08,JEPI,42.3292
2023-05-08,JEPQ,32.2726
2023-05-08,JGRO,49.2283
2023-05-08,JIRE,52.1846
2023-05-08,JMEE,45.0552
2023-05-08,JMST,45.8935
2023-05-08,JPIE,37.8472
2023-05-08,JPST,43.0588
2023-05-09,BBRE,74.9701
2023-05-09,JAGG,40.9126
2023-05-09,JAVA,48.8768
2023-05-09,JCPB,40.1912
2023-05-09,JEMA,32.8098
2023-05-09,JEPI,42.2131
2023-05-09,JEPQ,32.1453
2023-05-09,JGRO,49.059
2023-05-09,JIRE,52.0177
2023-05-09,JMEE,44.8714
2023-05-09,JMST,45.8935
2023-05-09,JPIE,37.7934
2023-05-09,JPST,43.0674
2023-05-10,BBRE,75.6546
2023-05-10,JAGG,41.1052
2023-05-10,JAVA,48.7149
2023-05-10,JCPB,40.3832
2023-05-10,JEMA,32.819
2023-05-10,JEPI,42.3137
2023-05-10,JEPQ,32.4353
2023-05-10,JGRO,49.5171
2023-05-10,JIRE,51.7886
2023-05-10,JMEE,44.9023
2023-05-10,JMST,45.9025
2023-05-10,JPIE,37.9631
2023-05-10,JPST,43.076
2023-05-11,BBRE,74.853
2023-05-11,JAGG,41.2453
2023-05-11,JAVA,48.5529
2023-05-11,JCPB,40.5411
2023-05-11,JEMA,32.6165
2023-05-11,JEPI,42.2596
2023-05-11,JEPQ,32.5343
2023-05-11,JGRO,49.5569
2023-05-11,JIRE,51.7061
2023-05-11,JMEE,44.6489
2023-05-11,JMST,45.9116
2023-05-11,JPIE,37.9838
2023-05-11,JPST,43.1103
2023-05-12,BBRE,74.6728
2023-05-12,JAGG,41.0527
2023-05-12,JAVA,48.4958
2023-05-12,JCPB,40.14
2023-05-12,JEMA,32.23
2023-05-12,JEPI,42.2828
2023-05-12,JEPQ,32.4777
2023-05-12,JGRO,49.4573
2023-05-12,JIRE,51.6786
2023-05-12,JMEE,44.6847
2023-05-12,JMST,45.8844
2023-05-12,JPIE,37.9341
2023-05-12,JPST,43.1017
2023-05-15,BBRE,74.6908
2023-05-15,JAGG,40.9126
2023-05-15,JAVA,48.7625
2023-05-15,JCPB,40.3021
2023-05-15,JEMA,32.842
2023-05-15,JEPI,42.3369
2023-05-15,JEPQ,32.5838
2023-05-15,JGRO,49.6963
2023-05-15,JIRE,52.0544
2023-05-15,JMEE,45.0562
2023-05-15,JMST,45.8844
2023-05-15,JPIE,37.8886
2023-05-15,JPST,43.1017
2023-05-16,BBRE,72.7803
2023-05-16,JAGG,40.825
2023-05-16,JAVA,48.1053
2023-05-16,JCPB,40.2253
2023-05-16,JEMA,32.5797
2023-05-16,JEPI,41.9887
2023-05-16,JEPQ,32.6334
2023-05-16,JGRO,49.5569
2023-05-16,JIRE,51.5411
2023-05-16,JMEE,44.5037
2023-05-16,JMST,45.9207
2023-05-16,JPIE,37.8183
2023-05-16,JPST,43.0932
2023-05-17,BBRE,73.5595
2023-05-17,JAGG,40.7987
2023-05-17,JAVA,48.8101
2023-05-17,JCPB,40.1229
2023-05-17,JEMA,32.6902
2023-05-17,JEPI,42.3292
2023-05-17,JEPQ,32.895
2023-05-17,JGRO,50.2539
2023-05-17,JIRE,51.7794
2023-05-17,JMEE,45.2584
2023-05-17,JMST,45.9116
2023-05-17,JPIE,37.7844
2023-05-17,JPST,43.076
2023-05-18,BBRE,73.1848
2023-05-18,JAGG,40.5886
2023-05-18,JAVA,48.991
2023-05-18,JCPB,39.9693
2023-05-18,JEMA,32.5889
2023-05-18,JEPI,42.4375
2023-05-18,JEPQ,33.1284
2023-05-18,JGRO,51.0803
2023-05-18,JIRE,51.8436
2023-05-18,JMEE,45.7034
2023-05-18,JMST,45.83
2023-05-18,JPIE,37.6817
2023-05-18,JPST,43.0503
2023-05-19,BBRE,73.1253
2023-05-19,JAGG,40.466
2023-05-19,JAVA,48.9339
2023-05-19,JCPB,39.8499
2023-05-19,JEMA,32.6902
2023-05-19,JEPI,42.4685
2023-05-19,JEPQ,33.0577
2023-05-19,JGRO,50.8812
2023-05-19,JIRE,52.1002
2023-05-19,JMEE,45.3454
2023-05-19,JMST,45.821
2023-05-19,JPIE,37.6064
2023-05-19,JPST,43.0417
2023-05-22,BBRE,73.419
2023-05-22,JAGG,40.466
2023-05-22,JAVA,48.9244
2023-05-22,JCPB,39.8158
2023-05-22,JEMA,32.8834
2023-05-22,JEPI,42.3834
2023-05-22,JEPQ,33.1001
2023-05-22,JGRO,51.0405
2023-05-22,JIRE,52.1222
2023-05-22,JMEE,45.5612
2023-05-22,JMST,45.8119
2023-05-22,JPIE,37.6155
2023-05-22,JPST,43.0503
2023-05-23,BBRE,72.9344
2023-05-23,JAGG,40.4879
2023-05-23,JAVA,48.6006
2023-05-23,JCPB,39.8413
2023-05-23,JEMA,32.4417
2023-05-23,JEPI,42.0351
2023-05-23,JEPQ,32.9445
2023-05-23,JGRO,50.234
2023-05-23,JIRE,51.3926
2023-05-23,JMEE,45.239
2023-05-23,JMST,45.7983
2023-05-23,JPIE,37.5948
2023-05-23,JPST,43.0588
2023-05-24,BBRE,71.4211
2023-05-24,JAGG,40.4222
2023-05-24,JAVA,48.0863
2023-05-24,JCPB,39.7475
2023-05-24,JEMA,32.2668
2023-05-24,JEPI,41.6714
2023-05-24,JEPQ,32.8667
2023-05-24,JGRO,49.9651
2023-05-24,JIRE,50.6483
2023-05-24,JMEE,44.7775
2023-05-24,JMST,45.7847
2023-05-24,JPIE,37.5535
2023-05-24,JPST,43.0674
2023-05-25,BBRE,71.385
2023-05-25,JAGG,40.2435
2023-05-25,JAVA,47.9244
2023-05-25,JCPB,39.6024
2023-05-25,JEMA,32.2392
2023-05-25,JEPI,41.7024
2023-05-25,JEPQ,33.2699
2023-05-25,JGRO,51.0007
2023-05-25,JIRE,50.652
2023-05-25,JMEE,44.8037
2023-05-25,JMST,45.7756
2023-05-25,JPIE,37.3466
2023-05-25,JPST,43.0246
2023-05-26,BBRE,72.3939
2023-05-26,JAGG,40.2645
2023-05-26,JAVA,48.2672
2023-05-26,JCPB,39.628
2023-05-26,JEMA,32.773
2023-05-26,JEPI,41.8958
2023-05-26,JEPQ,33.4821
2023-05-26,JGRO,51.9765
2023-05-26,JIRE,51.1194
2023-05-26,JMEE,45.239
2023-05-26,JMST,45.7938
2023-05-26,JPIE,37.3631
2023-05-26,JPST,42.9903
2023-05-30,BBRE,72.7452
2023-05-30,JAGG,40.5448
2023-05-30,JAVA,48.0768
2023-05-30,JCPB,39.82
2023-05-30,JEMA,32.4141
2023-05-30,JEPI,41.8262
2023-05-30,JEPQ,33.4679
2023-05-30,JGRO,52.1657
2023-05-30,JIRE,50.652
2023-05-30,JMEE,45.0687
2023-05-30,JMST,45.8391
2023-05-30,JPIE,37.5121
2023-05-30,JPST,43.0417
2023-05-31,BBRE,73.1145
2023-05-31,JAGG,40.7199
2023-05-31,JAVA,47.791
2023-05-31,JCPB,39.9779
2023-05-31,JEMA,32.1011
2023-05-31,JEPI,41.803
2023-05-31,JEPQ,33.4184
2023-05-31,JGRO,51.7973
2023-05-31,JIRE,50.157
2023-05-31,JMEE,44.4689
2023-05-31,JMST,45.8663
2023-05-31,JPIE,37.5824
2023-05-31,JPST,43.0674
2023-06-01,BBRE,72.983
2023-06-01,JAGG,40.8098
2023-06-01,JAVA,48.1244
2023-06-01,JCPB,40.0866
2023-06-01,JEMA,32.6533
2023-06-01,JEPI,42.0095
2023-06-01,JEPQ,33.5303
2023-06-01,JGRO,52.4246
2023-06-01,JIRE,51.0003
2023-06-01,JMEE,44.8037
2023-06-01,JMST,45.9108
2023-06-01,JPIE,37.6855
2023-06-01,JPST,43.0864
2023-06-02,BBRE,74.889
2023-06-02,JAGG,40.6316
2023-06-02,JAVA,49.1339
2023-06-02,JCPB,39.9839
2023-06-02,JEMA,33.0951
2023-06-02,JEPI,42.3601
2023-06-02,JEPQ,33.6158
2023-06-02,JGRO,53.1017
2023-06-02,JIRE,51.5778
2023-06-02,JMEE,46.3516
2023-06-02,JMST,45.9108
2023-06-02,JPIE,37.7129
2023-06-02,JPST,43.0778
2023-06-05,BBRE,74.4386
2023-06-05,JAGG,40.6228
2023-06-05,JAVA,48.991
2023-06-05,JCPB,39.9325
2023-06-05,JEMA,33.0583
2023-06-05,JEPI,42.3912
2023-06-05,JEPQ,33.6728
2023-06-05,JGRO,53.1216
2023-06-05,JIRE,51.2753
2023-06-05,JMEE,45.7731
2023-06-05,JMST,45.8836
2023-06-05,JPIE,37.6231
2023-06-05,JPST,43.0864
2023-06-06,BBRE,75.1592
2023-06-06,JAGG,40.6579
2023-06-06,JAVA,49.2339
2023-06-06,JCPB,39.9839
2023-06-06,JEMA,33.3436
2023-06-06,JEPI,42.3055
2023-06-06,JEPQ,33.6942
2023-06-06,JGRO,53.2411
2023-06-06,JIRE,51.7244
2023-06-06,JMEE,46.8354
2023-06-06,JMST,45.9381
2023-06-06,JPIE,37.6356
2023-06-06,JPST,43.0778
2023-06-07,BBRE,76.5374
2023-06-07,JAGG,40.4296
2023-06-07,JAVA,49.591
2023-06-07,JCPB,39.7998
2023-06-07,JEMA,33.2239
2023-06-07,JEPI,42.3912
2023-06-07,JEPQ,33.4804
2023-06-07,JGRO,52.3927
2023-06-07,JIRE,51.1689
2023-06-07,JMEE,47.6577
2023-06-07,JMST,45.929
2023-06-07,JPIE,37.5483
2023-06-07,JPST,43.0778
2023-06-08,BBRE,75.9969
2023-06-08,JAGG,40.614
2023-06-08,JAVA,49.7187
2023-06-08,JCPB,39.9154
2023-06-08,JEMA,33.454
2023-06-08,JEPI,42.4691
2023-06-08,JEPQ,33.6443
2023-06-08,JGRO,52.8926
2023-06-08,JIRE,51.6786
2023-06-08,JMEE,47.4062
2023-06-08,JMST,45.9472
2023-06-08,JPIE,37.6522
2023-06-08,JPST,43.095
2023-06-09,BBRE,75.6853
2023-06-09,JAGG,40.5525
2023-06-09,JAVA,49.6863
2023-06-09,JCPB,39.8982
2023-06-09,JEMA,33.6197
2023-06-09,JEPI,42.4146
2023-06-09,JEPQ,33.7013
2023-06-09,JGRO,53.0817
2023-06-09,JIRE,51.6511
2023-06-09,JMEE,47.1353
2023-06-09,JMST,45.9472
2023-06-09,JPIE,37.6065
2023-06-09,JPST,43.095
2023-06-12,BBRE,75.5141
2023-06-12,JAGG,40.6052
2023-06-12,JAVA,49.7815
2023-06-12,JCPB,39.9325
2023-06-12,JEMA,33.7485
2023-06-12,JEPI,42.4769
2023-06-12,JEPQ,33.908
2023-06-12,JGRO,53.9281
2023-06-12,JIRE,51.9077
2023-06-12,JMEE,47.3384
2023-06-12,JMST,45.9381
2023-06-12,JPIE,37.6273
2023-06-12,JPST,43.0864
2023-06-13,BBRE,75.9249
2023-06-13,JAGG,40.4472
2023-06-13,JAVA,50.153
2023-06-13,JCPB,39.804
2023-06-13,JEMA,34.0983
2023-06-13,JEPI,42.547
2023-06-13,JEPQ,33.9436
2023-06-13,JGRO,54.3563
2023-06-13,JIRE,52.3202
2023-06-13,JMEE,47.8028
2023-06-13,JMST,45.9472
2023-06-13,JPIE,37.5899
2023-06-13,JPST,43.0864
2023-06-14,BBRE,76.2221
2023-06-14,JAGG,40.5086
2023-06-14,JAVA,49.8863
2023-06-14,JCPB,39.7955
2023-06-14,JEMA,34.3191
2023-06-14,JEPI,42.4691
2023-06-14,JEPQ,33.9935
2023-06-14,JGRO,54.5554
2023-06-14,JIRE,52.5402
2023-06-14,JMEE,47.4449
2023-06-14,JMST,45.9744
2023-06-14,JPIE,37.54
2023-06-14,JPST,43.0778
2023-06-15,BBRE,76.4194
2023-06-15,JAGG,40.7545
2023-06-15,JAVA,50.4768
2023-06-15,JCPB,39.9582
2023-06-15,JEMA,34.6689
2023-06-15,JEPI,42.6951
2023-06-15,JEPQ,34.0648
2023-06-15,JGRO,55.3121
2023-06-15,JIRE,53.0443
2023-06-15,JMEE,47.9092
2023-06-15,JMST,45.9653
2023-06-15,JPIE,37.6855
2023-06-15,JPST,43.1036
2023-06-16,BBRE,76.577
2023-06-16,JAGG,40.614
2023-06-16,JAVA,50.4387
2023-06-16,JCPB,39.9582
2023-06-16,JEMA,34.5032
2023-06-16,JEPI,42.734
2023-06-16,JEPQ,33.9935
2023-06-16,JGRO,54.9636
2023-06-16,JIRE,52.9618
2023-06-16,JMEE,47.7158
2023-06-16,JMST,45.9835
2023-06-16,JPIE,37.6647
2023-06-16,JPST,43.1122
2023-06-20,BBRE,75.6688
2023-06-20,JAGG,40.6843
2023-06-20,JAVA,50.1009
2023-06-20,JCPB,39.9967
2023-06-20,JEMA,33.8866
2023-06-20,JEPI,42.5938
2023-06-20,JEPQ,34.079
2023-06-20,JGRO,54.8939
2023-06-20,JIRE,52.3202
2023-06-20,JMEE,47.4691
2023-06-20,JMST,46.0017
2023-06-20,JPIE,37.6315
2023-06-20,JPST,43.1208
2023-06-21,BBRE,75.1956
2023-06-21,JAGG,40.7282
2023-06-21,JAVA,50.0722
2023-06-21,JCPB,40.0267
2023-06-21,JEMA,33.7568
2023-06-21,JEPI,42.6639
2023-06-21,JEPQ,33.9793
2023-06-21,JGRO,54.3762
2023-06-21,JIRE,52.4852
2023-06-21,JMEE,47.4352
2023-06-21,JMST,45.9926
2023-06-21,JPIE,37.6107
2023-06-21,JPST,43.1294
2023-06-22,BBRE,74.0945
2023-06-22,JAGG,40.5086
2023-06-22,JAVA,49.8435
2023-06-22,JCPB,39.8897
2023-06-22,JEMA,33.7025
2023-06-22,JEPI,42.6717
2023-06-22,JEPQ,34.1646
2023-06-22,JGRO,54.8641
2023-06-22,JIRE,52.1369
2023-06-22,JMEE,47.1295
2023-06-22,JMST,45.9835
2023-06-22,JPIE,37.5359
2023-06-22,JPST,43.138
2023-06-23,BBRE,72.9296
2023-06-23,JAGG,40.693
2023-06-23,JAVA,49.5268
2023-06-23,JCPB,39.9282
2023-06-23,JEMA,33.2147
2023-06-23,JEPI,42.5704
2023-06-23,JEPQ,34.0434
2023-06-23,JGRO,54.406
2023-06-23,JIRE,51.3303
2023-06-23,JMEE,46.5548
2023-06-23,JMST,45.9835
2023-06-23,JPIE,37.5567
2023-06-23,JPST,43.1466
2023-06-26,BBRE,74.7679
2023-06-26,JAGG,40.7457
2023-06-26,JAVA,49.699
2023-06-26,JCPB,40.0267
2023-06-26,JEMA,33.304
2023-06-26,JEPI,42.6795
2023-06-26,JEPQ,33.8153
2023-06-26,JGRO,53.8385
2023-06-26,JIRE,51.3853
2023-06-26,JMEE,46.8547
2023-06-26,JMST,46.0108
2023-06-26,JPIE,37.5899
2023-06-26,JPST,43.1638
2023-06-27,BBRE,75.7243
2023-06-27,JAGG,40.6491
2023-06-27,JAVA,50.1392
2023-06-27,JCPB,39.9839
2023-06-27,JEMA,33.6841
2023-06-27,JEPI,42.8197
2023-06-27,JEPQ,34.1147
2023-06-27,JGRO,54.5853
2023-06-27,JIRE,51.8069
2023-06-27,JMEE,47.5851
2023-06-27,JMST,46.0017
2023-06-27,JPIE,37.5824
2023-06-27,JPST,43.1552
2023-06-28,BBRE,75.293
2023-06-28,JAGG,40.7545
2023-06-28,JAVA,50.0339
2023-06-28,JCPB,40.0353
2023-06-28,JEMA,33.4172
2023-06-28,JEPI,42.7418
2023-06-28,JEPQ,34.136
2023-06-28,JGRO,54.645
2023-06-28,JIRE,51.9627
2023-06-28,JMEE,47.5726
2023-06-28,JMST,46.029
2023-06-28,JPIE,37.698
2023-06-28,JPST,43.1638
2023-06-29,BBRE,76.2958
2023-06-29,JAGG,40.4559
2023-06-29,JAVA,50.4262
2023-06-29,JCPB,39.804
2023-06-29,JEMA,33.2516
2023-06-29,JEPI,42.8976
2023-06-29,JEPQ,34.1574
2023-06-29,JGRO,54.655
2023-06-29,JIRE,51.8986
2023-06-29,JMEE,48.2188
2023-06-29,JMST,46.0108
2023-06-29,JPIE,37.5359
2023-06-29,JPST,43.1552
2023-06-30,BBRE,76.8336
2023-06-30,JAGG,40.5525
2023-06-30,JAVA,50.8568
2023-06-30,JCPB,39.8897
2023-06-30,JEMA,33.5184
2023-06-30,JEPI,43.108
2023-06-30,JEPQ,34.471
2023-06-30,JGRO,55.5013
2023-06-30,JIRE,52.366
2023-06-30,JMEE,48.5284
2023-06-30,JMST,46.029
2023-06-30,JPIE,37.5733
2023-06-30,JPST,43.1638
2023-07-03,BBRE,77.6654
2023-07-03,JAGG,40.4674
2023-07-03,JAVA,51.163
2023-07-03,JCPB,39.8579
2023-07-03,JEMA,33.8958
2023-07-03,JEPI,43.1307
2023-07-03,JEPQ,34.4832
2023-07-03,JGRO,55.4515
2023-07-03,JIRE,52.421
2023-07-03,JMEE,48.4317
2023-07-03,JMST,46.0472
2023-07-03,JPIE,37.5532
2023-07-03,JPST,43.1638
2023-07-05,BBRE,77.7054
2023-07-05,JAGG,40.3001
2023-07-05,JAVA,50.8855
2023-07-05,JCPB,39.686
2023-07-05,JEMA,33.7117
2023-07-05,JEPI,43.0915
2023-07-05,JEPQ,34.5407
2023-07-05,JGRO,55.4615
2023-07-05,JIRE,51.7794
2023-07-05,JMEE,48.2285
2023-07-05,JMST,46.0426
2023-07-05,JPIE,37.4697
2023-07-05,JPST,43.1811
2023-07-06,BBRE,77.2595
2023-07-06,JAGG,40.0711
2023-07-06,JAVA,50.3975
2023-07-06,JCPB,39.4668
2023-07-06,JEMA,32.9939
2023-07-06,JEPI,42.8955
2023-07-06,JEPQ,34.4186
2023-07-06,JGRO,54.9636
2023-07-06,JIRE,50.8811
2023-07-06,JMEE,47.6771
2023-07-06,JMST,46.0517
2023-07-06,JPIE,37.2944
2023-07-06,JPST,43.1725
2023-07-07,BBRE,76.9656
2023-07-07,JAGG,40.0359
2023-07-07,JAVA,50.388
2023-07-07,JCPB,39.4324
2023-07-07,JEMA,33.3528
2023-07-07,JEPI,42.7935
2023-07-07,JEPQ,34.3827
2023-07-07,JGRO,54.8143
2023-07-07,JIRE,51.2111
2023-07-07,JMEE,48.1414
2023-07-07,JMST,46.0426
2023-07-07,JPIE,37.3069
2023-07-07,JPST,43.1898
2023-07-10,BBRE,77.316
2023-07-10,JAGG,40.168
2023-07-10,JAVA,50.6846
2023-07-10,JCPB,39.5141
2023-07-10,JEMA,33.3712
2023-07-10,JEPI,43.0209
2023-07-10,JEPQ,34.3468
2023-07-10,JGRO,54.9338
2023-07-10,JIRE,51.4128
2023-07-10,JMEE,48.7413
2023-07-10,JMST,46.0335
2023-07-10,JPIE,37.4647
2023-07-10,JPST,43.2157
2023-07-11,BBRE,78.4435
2023-07-11,JAGG,40.2208
2023-07-11,JAVA,51.163
2023-07-11,JCPB,39.5854
2023-07-11,JEMA,33.7117
2023-07-11,JEPI,43.1699
2023-07-11,JEPQ,34.4545
2023-07-11,JGRO,55.3221
2023-07-11,JIRE,51.8436
2023-07-11,JMEE,49.256
2023-07-11,JMST,46.0426
2023-07-11,JPIE,37.5249
2023-07-11,JPST,43.233
2023-07-12,BBRE,78.7629
2023-07-12,JAGG,40.5378
2023-07-12,JAVA,51.3831
2023-07-12,JCPB,39.8536
2023-07-12,JEMA,34.3559
2023-07-12,JEPI,43.3111
2023-07-12,JEPQ,34.7274
2023-07-12,JGRO,55.9395
2023-07-12,JIRE,52.7968
2023-07-12,JMEE,49.6701
2023-07-12,JMST,46.0791
2023-07-12,JPIE,37.7912
2023-07-12,JPST,43.2676
2023-07-13,BBRE,79.3098
2023-07-13,JAGG,40.8019
2023-07-13,JAVA,51.5362
2023-07-13,JCPB,40.163
2023-07-13,JEMA,34.8281
2023-07-13,JEPI,43.2797
2023-07-13,JEPQ,34.9859
2023-07-13,JGRO,56.734
2023-07-13,JIRE,53.7043
2023-07-13,JMEE,49.9603
2023-07-13,JMST,46.0791
2023-07-13,JPIE,37.9992
2023-07-13,JPST,43.3021
2023-07-14,BBRE,79.2907
2023-07-14,JAGG,40.6875
2023-07-14,JAVA,51.2109
2023-07-14,JCPB,40.0513
2023-07-14,JEMA,34.5676
2023-07-14,JEPI,43.3817
2023-07-14,JEPQ,35.029
2023-07-14,JGRO,56.7759
2023-07-14,JIRE,53.4293
2023-07-14,JMEE,49.5636
2023-07-14,JMST,46.0973
2023-07-14,JPIE,37.8121
2023-07-14,JPST,43.2935
2023-07-17,BBRE,79.1906
2023-07-17,JAGG,40.6523
2023-07-17,JAVA,51.3448
2023-07-17,JCPB,40.0598
2023-07-17,JEMA,34.7333
2023-07-17,JEPI,43.4287
2023-07-17,JEPQ,35.1941
2023-07-17,JGRO,57.2239
2023-07-17,JIRE,53.3743
2023-07-17,JMEE,49.9119
2023-07-17,JMST,46.1155
2023-07-17,JPIE,37.8856
2023-07-17,JPST,43.2935
2023-07-18,BBRE,78.4298
2023-07-18,JAGG,40.7139
2023-07-18,JAVA,51.8137
2023-07-18,JCPB,40.12
2023-07-18,JEMA,34.5216
2023-07-18,JEPI,43.4444
2023-07-18,JEPQ,35.3449
2023-07-18,JGRO,57.8333
2023-07-18,JIRE,53.6676
2023-07-18,JMEE,50.4537
2023-07-18,JMST,46.1155
2023-07-18,JPIE,37.929
2023-07-18,JPST,43.3108
2023-07-19,BBRE,79.3025
2023-07-19,JAGG,40.8284
2023-07-19,JAVA,52.0912
2023-07-19,JCPB,40.2146
2023-07-19,JEMA,34.4388
2023-07-19,JEPI,43.5071
2023-07-19,JEPQ,35.3234
2023-07-19,JGRO,57.7706
2023-07-19,JIRE,53.4568
2023-07-19,JMEE,50.6375
2023-07-19,JMST,46.1246
2023-07-19,JPIE,37.9524
2023-07-19,JPST,43.3281
2023-07-20,BBRE,79.5801
2023-07-20,JAGG,40.6347
2023-07-20,JAVA,52.4165
2023-07-20,JCPB,40.0427
2023-07-20,JEMA,34.1535
2023-07-20,JEPI,43.6562
2023-07-20,JEPQ,34.9931
2023-07-20,JGRO,56.4771
2023-07-20,JIRE,53.2185
2023-07-20,JMEE,50.2796
2023-07-20,JMST,46.1383
2023-07-20,JPIE,37.8288
2023-07-20,JPST,43.3194
2023-07-21,BBRE,80.0497
2023-07-21,JAGG,40.6347
2023-07-21,JAVA,52.493
2023-07-21,JCPB,40.0384
2023-07-21,JEMA,34.1443
2023-07-21,JEPI,43.8208
2023-07-21,JEPQ,34.9428
2023-07-21,JGRO,56.3079
2023-07-21,JIRE,53.3193
2023-07-21,JMEE,50.1925
2023-07-21,JMST,46.152
2023-07-21,JPIE,37.8497
2023-07-21,JPST,43.3108
2023-07-24,BBRE,80.5183
2023-07-24,JAGG,40.5994
2023-07-24,JAVA,52.7131
2023-07-24,JCPB,39.9825
2023-07-24,JEMA,34.4848
2023-07-24,JEPI,43.8522
2023-07-24,JEPQ,34.9787
2023-07-24,JGRO,56.3676
2023-07-24,JIRE,53.191
2023-07-24,JMEE,50.2892
2023-07-24,JMST,46.152
2023-07-24,JPIE,37.8038
2023-07-24,JPST,43.3281
2023-07-25,BBRE,79.9505
2023-07-25,JAGG,40.5818
2023-07-25,JAVA,52.5505
2023-07-25,JCPB,39.9309
2023-07-25,JEMA,34.7701
2023-07-25,JEPI,43.7816
2023-07-25,JEPQ,35.1726
2023-07-25,JGRO,56.746
2023-07-25,JIRE,53.3193
2023-07-25,JMEE,50.3763
2023-07-25,JMST,46.1611
2023-07-25,JPIE,37.762
2023-07-25,JPST,43.3367
2023-07-26,BBRE,80.2981
2023-07-26,JAGG,40.6611
2023-07-26,JAVA,52.6079
2023-07-26,JCPB,39.9825
2023-07-26,JEMA,34.9634
2023-07-26,JEPI,43.8444
2023-07-26,JEPQ,35.151
2023-07-26,JGRO,56.5369
2023-07-26,JIRE,53.3459
2023-07-26,JMEE,50.6085
2023-07-26,JMST,46.152
2023-07-26,JPIE,37.8455
2023-07-26,JPST,43.354
2023-07-27,BBRE,78.4963
2023-07-27,JAGG,40.3177
2023-07-27,JAVA,52.2443
2023-07-27,JCPB,39.7332
2023-07-27,JEMA,34.6044
2023-07-27,JEPI,43.6797
2023-07-27,JEPQ,35.1367
2023-07-27,JGRO,56.3477
2023-07-27,JIRE,53.2368
2023-07-27,JMEE,50.0183
2023-07-27,JMST,46.1337
2023-07-27,JPIE,37.6618
2023-07-27,JPST,43.354
2023-07-28,BBRE,78.5481
2023-07-28,JAGG,40.4321
2023-07-28,JAVA,52.4835
2023-07-28,JCPB,39.802
2023-07-28,JEMA,35.3499
2023-07-28,JEPI,43.7738
2023-07-28,JEPQ,35.467
2023-07-28,JGRO,57.2936
2023-07-28,JIRE,53.7685
2023-07-28,JMEE,50.4827
2023-07-28,JMST,46.1429
2023-07-28,JPIE,37.7787
2023-07-28,JPST,43.3713
2023-07-31,BBRE,78.9549
2023-07-31,JAGG,40.4938
2023-07-31,JAVA,52.6844
2023-07-31,JCPB,39.8622
2023-07-31,JEMA,35.3959
2023-07-31,JEPI,43.8208
2023-07-31,JEPQ,35.4957
2023-07-31,JGRO,57.3932
2023-07-31,JIRE,53.7501
2023-07-31,JMEE,50.7633
2023-07-31,JMST,46.152
2023-07-31,JPIE,37.7937
2023-07-31,JPST,43.3885
2023-08-01,BBRE,78.6901
2023-08-01,JAGG,40.3118
2023-08-01,JAVA,52.5122
2023-08-01,JCPB,39.7086
2023-08-01,JEMA,34.945
2023-08-01,JEPI,43.8051
2023-08-01,JEPQ,35.4784
2023-08-01,JGRO,57.204
2023-08-01,JIRE,53.2002
2023-08-01,JMEE,50.6762
2023-08-01,JMST,46.1118
2023-08-01,JPIE,37.5656
2023-08-01,JPST,43.3938
2023-08-02,BBRE,78.3907
2023-08-02,JAGG,40.1351
2023-08-02,JAVA,52.0433
2023-08-02,JCPB,39.5663
2023-08-02,JEMA,34.1535
2023-08-02,JEPI,43.6474
2023-08-02,JEPQ,35.0588
2023-08-02,JGRO,55.8498
2023-08-02,JIRE,52.1644
2023-08-02,JMEE,50.2215
2023-08-02,JMST,46.1255
2023-08-02,JPIE,37.5152
2023-08-02,JPST,43.4111
2023-08-03,BBRE,77.6144
2023-08-03,JAGG,39.8876
2023-08-03,JAVA,51.8615
2023-08-03,JCPB,39.342
2023-08-03,JEMA,34.3099
2023-08-03,JEPI,43.5922
2023-08-03,JEPQ,34.9936
2023-08-03,JGRO,55.8996
2023-08-03,JIRE,51.8802
2023-08-03,JMEE,50.1054
2023-08-03,JMST,46.13
2023-08-03,JPIE,37.4272
2023-08-03,JPST,43.4198
2023-08-04,BBRE,76.8801
2023-08-04,JAGG,40.2146
2023-08-04,JAVA,51.5649
2023-08-04,JCPB,39.6181
2023-08-04,JEMA,34.2823
2023-08-04,JEPI,43.4582
2023-08-04,JEPQ,34.9719
2023-08-04,JGRO,55.6308
2023-08-04,JIRE,52.1002
2023-08-04,JMEE,50.0087
2023-08-04,JMST,46.1392
2023-08-04,JPIE,37.6075
2023-08-04,JPST,43.4458
2023-08-07,BBRE,78.1495
2023-08-07,JAGG,40.1527
2023-08-07,JAVA,51.9955
2023-08-07,JCPB,39.5749
2023-08-07,JEMA,34.2455
2023-08-07,JEPI,43.8445
2023-08-07,JEPQ,35.2613
2023-08-07,JGRO,56.0988
2023-08-07,JIRE,52.5677
2023-08-07,JMEE,50.3947
2023-08-07,JMST,46.0935
2023-08-07,JPIE,37.6453
2023-08-07,JPST,43.4545
2023-08-08,BBRE,77.3706
2023-08-08,JAGG,40.2941
2023-08-08,JAVA,51.7371
2023-08-08,JCPB,39.7302
2023-08-08,JEMA,33.8406
2023-08-08,JEPI,43.7026
2023-08-08,JEPQ,35.0226
2023-08-08,JGRO,55.7005
2023-08-08,JIRE,52.2927
2023-08-08,JMEE,49.9603
2023-08-08,JMST,46.1483
2023-08-08,JPIE,37.6914
2023-08-08,JPST,43.4632
2023-08-09,BBRE,77.3524
2023-08-09,JAGG,40.3648
2023-08-09,JAVA,51.584
2023-08-09,JCPB,39.7776
2023-08-09,JEMA,33.8774
2023-08-09,JEPI,43.6316
2023-08-09,JEPQ,34.7043
2023-08-09,JGRO,55.0334
2023-08-09,JIRE,52.311
2023-08-09,JMEE,49.6604
2023-08-09,JMST,46.1483
2023-08-09,JPIE,37.7317
2023-08-09,JPST,43.4632
2023-08-10,BBRE,76.9929
2023-08-10,JAGG,40.0909
2023-08-10,JAVA,51.5649
2023-08-10,JCPB,39.5404
2023-08-10,JEMA,33.8958
2023-08-10,JEPI,43.6947
2023-08-10,JEPQ,34.7621
2023-08-10,JGRO,55.1329
2023-08-10,JIRE,52.5219
2023-08-10,JMEE,49.6023
2023-08-10,JMST,46.1757
2023-08-10,JPIE,37.6285
2023-08-10,JPST,43.4632
2023-08-11,BBRE,77.0948
2023-08-11,JAGG,39.976
2023-08-11,JAVA,51.6606
2023-08-11,JCPB,39.4283
2023-08-11,JEMA,33.3804
2023-08-11,JEPI,43.7657
2023-08-11,JEPQ,34.5957
2023-08-11,JGRO,54.8143
2023-08-11,JIRE,52.2194
2023-08-11,JMEE,49.5636
2023-08-11,JMST,46.1483
2023-08-11,JPIE,37.532
2023-08-11,JPST,43.4719
2023-08-14,BBRE,76.4969
2023-08-14,JAGG,39.8965
2023-08-14,JAVA,51.6223
2023-08-14,JCPB,39.3334
2023-08-14,JEMA,33.27
2023-08-14,JEPI,43.876
2023-08-14,JEPQ,34.9575
2023-08-14,JGRO,55.4615
2023-08-14,JIRE,51.9627
2023-08-14,JMEE,49.5627
2023-08-14,JMST,46.1666
2023-08-14,JPIE,37.4817
2023-08-14,JPST,43.4719
2023-08-15,BBRE,75.6925
2023-08-15,JAGG,39.8434
2023-08-15,JAVA,50.9429
2023-08-15,JCPB,39.2989
2023-08-15,JEMA,32.8116
2023-08-15,JEPI,43.4582
2023-08-15,JEPQ,34.6753
2023-08-15,JGRO,54.9636
2023-08-15,JIRE,51.2661
2023-08-15,JMEE,49.0025
2023-08-15,JMST,46.1849
2023-08-15,JPIE,37.4481
2023-08-15,JPST,43.4806
2023-08-16,BBRE,75.1319
2023-08-16,JAGG,39.7288
2023-08-16,JAVA,50.6272
2023-08-16,JCPB,39.1782
2023-08-16,JEMA,32.5337
2023-08-16,JEPI,43.2139
2023-08-16,JEPQ,34.3208
2023-08-16,JGRO,54.4927
2023-08-16,JIRE,50.9086
2023-08-16,JMEE,48.4607
2023-08-16,JMST,46.2031
2023-08-16,JPIE,37.3726
2023-08-16,JPST,43.4719
2023-08-17,BBRE,74.5404
2023-08-17,JAGG,39.7109
2023-08-17,JAVA,50.4167
2023-08-17,JCPB,39.1091
2023-08-17,JEMA,32.6395
2023-08-17,JEPI,42.9695
2023-08-17,JEPQ,33.9953
2023-08-17,JGRO,53.8385
2023-08-17,JIRE,50.542
2023-08-17,JMEE,47.8802
2023-08-17,JMST,46.194
2023-08-17,JPIE,37.339
2023-08-17,JPST,43.4806
2023-08-18,BBRE,74.6587
2023-08-18,JAGG,39.7551
2023-08-18,JAVA,50.5411
2023-08-18,JCPB,39.1868
2023-08-18,JEMA,32.4417
2023-08-18,JEPI,42.9695
2023-08-18,JEPQ,33.9519
2023-08-18,JGRO,53.8186
2023-08-18,JIRE,50.5786
2023-08-18,JMEE,48.064
2023-08-18,JMST,46.1757
2023-08-18,JPIE,37.3726
2023-08-18,JPST,43.4979
2023-08-21,BBRE,74.0399
2023-08-21,JAGG,39.5872
2023-08-21,JAVA,50.5028
2023-08-21,JCPB,39.0143
2023-08-21,JEMA,32.5429
2023-08-21,JEPI,43.0483
2023-08-21,JEPQ,34.4366
2023-08-21,JGRO,54.645
2023-08-21,JIRE,50.7253
2023-08-21,JMEE,48.0321
2023-08-21,JMST,46.1575
2023-08-21,JPIE,37.3139
2023-08-21,JPST,43.4892
2023-08-22,BBRE,74.2674
2023-08-22,JAGG,39.6314
2023-08-22,JAVA,50.2062
2023-08-22,JCPB,39.0531
2023-08-22,JEMA,32.4785
2023-08-22,JEPI,42.9695
2023-08-22,JEPQ,34.4004
2023-08-22,JGRO,54.6251
2023-08-22,JIRE,50.7253
2023-08-22,JMEE,47.8512
2023-08-22,JMST,46.1483
2023-08-22,JPIE,37.3139
2023-08-22,JPST,43.4979
2023-08-23,BBRE,75.4022
2023-08-23,JAGG,40.0379
2023-08-23,JAVA,50.4932
2023-08-23,JCPB,39.3808
2023-08-23,JEMA,32.819
2023-08-23,JEPI,43.2927
2023-08-23,JEPQ,34.8634
2023-08-23,JGRO,55.4914
2023-08-23,JIRE,51.1928
2023-08-23,JMEE,48.3814
2023-08-23,JMST,46.1757
2023-08-23,JPIE,37.4817
2023-08-23,JPST,43.5326
2023-08-24,BBRE,75.2138
2023-08-24,JAGG,39.8611
2023-08-24,JAVA,50.1009
2023-08-24,JCPB,39.2989
2023-08-24,JEMA,32.6257
2023-08-24,JEPI,42.9537
2023-08-24,JEPQ,34.2123
2023-08-24,JGRO,54.3762
2023-08-24,JIRE,50.4687
2023-08-24,JMEE,47.9963
2023-08-24,JMST,46.1757
2023-08-24,JPIE,37.3894
2023-08-24,JPST,43.5326
2023-08-25,BBRE,75.2575
2023-08-25,JAGG,39.8965
2023-08-25,JAVA,50.3593
2023-08-25,JCPB,39.2903
2023-08-25,JEMA,32.6073
2023-08-25,JEPI,43.2769
2023-08-25,JEPQ,34.4945
2023-08-25,JGRO,54.7446
2023-08-25,JIRE,50.7895
2023-08-25,JMEE,48.0902
2023-08-25,JMST,46.1666
2023-08-25,JPIE,37.4146
2023-08-25,JPST,43.5413
2023-08-28,BBRE,75.9236
2023-08-28,JAGG,39.9672
2023-08-28,JAVA,50.7037
2023-08-28,JCPB,39.3593
2023-08-28,JEMA,32.9663
2023-08-28,JEPI,43.4819
2023-08-28,JEPQ,34.6753
2023-08-28,JGRO,55.113
2023-08-28,JIRE,51.4586
2023-08-28,JMEE,48.5381
2023-08-28,JMST,46.1849
2023-08-28,JPIE,37.4985
2023-08-28,JPST,43.55
2023-08-29,BBRE,76.779
2023-08-29,JAGG,40.2234
2023-08-29,JAVA,51.1917
2023-08-29,JCPB,39.6267
2023-08-29,JEMA,33.362
2023-08-29,JEPI,43.8129
2023-08-29,JEPQ,35.2107
2023-08-29,JGRO,56.278
2023-08-29,JIRE,52.0452
2023-08-29,JMEE,49.196
2023-08-29,JMST,46.2305
2023-08-29,JPIE,37.6411
2023-08-29,JPST,43.5847
2023-08-30,BBRE,77.0994
2023-08-30,JAGG,40.2146
2023-08-30,JAVA,51.2683
2023-08-30,JCPB,39.6094
2023-08-30,JEMA,33.3344
2023-08-30,JEPI,43.9312
2023-08-30,JEPQ,35.3699
2023-08-30,JGRO,56.6365
2023-08-30,JIRE,51.9536
2023-08-30,JMEE,49.3121
2023-08-30,JMST,46.2123
2023-08-30,JPIE,37.6704
2023-08-30,JPST,43.5934
2023-08-31,BBRE,76.577
2023-08-31,JAGG,40.2941
2023-08-31,JAVA,51.0386
2023-08-31,JCPB,39.7043
2023-08-31,JEMA,32.8558
2023-08-31,JEPI,43.8208
2023-08-31,JEPQ,35.4494
2023-08-31,JGRO,56.8157
2023-08-31,JIRE,51.7886
2023-08-31,JMEE,49.3605
2023-08-31,JMST,46.2305
2023-08-31,JPIE,37.6788
2023-08-31,JPST,43.6107
2023-09-01,BBRE,76.6307
2023-09-01,JAGG,40.0442
2023-09-01,JAVA,51.297
2023-09-01,JCPB,39.5086
2023-09-01,JEMA,33.3252
2023-09-01,JEPI,43.9065
2023-09-01,JEPQ,35.4502
2023-09-01,JGRO,56.9053
2023-09-01,JIRE,51.7684
2023-09-01,JMEE,49.8529
2023-09-01,JMST,46.2351
2023-09-01,JPIE,37.6822
2023-09-01,JPST,43.6177
2023-09-05,BBRE,75.6579
2023-09-05,JAGG,39.8314
2023-09-05,JAVA,50.7611
2023-09-05,JCPB,39.2922
2023-09-05,JEMA,33.0583
2023-09-05,JEPI,43.6686
2023-09-05,JEPQ,35.4867
2023-09-05,JGRO,56.9551
2023-09-05,JIRE,51.3578
2023-09-05,JMEE,48.6552
2023-09-05,JMST,46.2443
2023-09-05,JPIE,37.5684
2023-09-05,JPST,43.6003
2023-09-06,BBRE,75.6415
2023-09-06,JAGG,39.8048
2023-09-06,JAVA,50.608
2023-09-06,JCPB,39.2316
2023-09-06,JEMA,32.911
2023-09-06,JEPI,43.6686
2023-09-06,JEPQ,35.3187
2023-09-06,JGRO,56.5767
2023-09-06,JIRE,51.3119
2023-09-06,JMEE,48.5478
2023-09-06,JMST,46.2443
2023-09-06,JPIE,37.4842
2023-09-06,JPST,43.6177
2023-09-07,BBRE,76.0283
2023-09-07,JAGG,39.9289
2023-09-07,JAVA,50.5124
2023-09-07,JCPB,39.3181
2023-09-07,JEMA,32.5061
2023-09-07,JEPI,43.732
2023-09-07,JEPQ,35.1946
2023-09-07,JGRO,56.3278
2023-09-07,JIRE,51.1469
2023-09-07,JMEE,48.1115
2023-09-07,JMST,46.2626
2023-09-07,JPIE,37.5768
2023-09-07,JPST,43.6439
2023-09-08,BBRE,75.717
2023-09-08,JAGG,39.9732
2023-09-08,JAVA,50.675
2023-09-08,JCPB,39.3744
2023-09-08,JEMA,32.6165
2023-09-08,JEPI,43.7637
2023-09-08,JEPQ,35.2165
2023-09-08,JGRO,56.3975
2023-09-08,JIRE,51.0736
2023-09-08,JMEE,48.0931
2023-09-08,JMST,46.2809
2023-09-08,JPIE,37.6105
2023-09-08,JPST,43.6439
2023-09-11,BBRE,75.7398
2023-09-11,JAGG,39.9023
2023-09-11,JAVA,50.7324
2023-09-11,JCPB,39.3181
2023-09-11,JEMA,32.9755
2023-09-11,JEPI,43.9382
2023-09-11,JEPQ,35.5086
2023-09-11,JGRO,57.0148
2023-09-11,JIRE,51.5044
2023-09-11,JMEE,48.1414
2023-09-11,JMST,46.2718
2023-09-11,JPIE,37.6105
2023-09-11,JPST,43.6351
2023-09-12,BBRE,75.9045
2023-09-12,JAGG,39.9023
2023-09-12,JAVA,50.8186
2023-09-12,JCPB,39.3571
2023-09-12,JEMA,32.8834
2023-09-12,JEPI,43.7637
2023-09-12,JEPQ,35.253
2023-09-12,JGRO,56.2879
2023-09-12,JIRE,51.3578
2023-09-12,JMEE,48.1221
2023-09-12,JMST,46.2626
2023-09-12,JPIE,37.5684
2023-09-12,JPST,43.6526
2023-09-13,BBRE,75.2102
2023-09-13,JAGG,39.9821
2023-09-13,JAVA,50.7324
2023-09-13,JCPB,39.4047
2023-09-13,JEMA,32.9202
2023-09-13,JEPI,43.843
2023-09-13,JEPQ,35.3917
2023-09-13,JGRO,56.4273
2023-09-13,JIRE,51.2203
2023-09-13,JMEE,47.8609
2023-09-13,JMST,46.3038
2023-09-13,JPIE,37.6316
2023-09-13,JPST,43.67
2023-09-14,BBRE,76.6052
2023-09-14,JAGG,39.9378
2023-09-14,JAVA,51.2874
2023-09-14,JCPB,39.3355
2023-09-14,JEMA,33.1043
2023-09-14,JEPI,44.0889
2023-09-14,JEPQ,35.5743
2023-09-14,JGLO,46.9473
2023-09-14,JGRO,56.6962
2023-09-14,JIRE,51.8252
2023-09-14,JMEE,48.4772
2023-09-14,JMST,46.2626
2023-09-14,JPIE,37.6443
2023-09-14,JPST,43.6787
2023-09-15,BBRE,76.3877
2023-09-15,JAGG,39.8491
2023-09-15,JAVA,50.9047
2023-09-15,JCPB,39.2662
2023-09-15,JEMA,32.9571
2023-09-15,JEPI,43.7716
2023-09-15,JEPQ,35.2019
2023-09-15,JGLO,46.3919
2023-09-15,JGRO,55.7304
2023-09-15,JIRE,51.7858
2023-09-15,JMEE,48.0157
2023-09-15,JMST,46.2718
2023-09-15,JPIE,37.56
2023-09-15,JPST,43.6787
2023-09-18,BBRE,75.6169
2023-09-18,JAGG,39.8934
2023-09-18,JAVA,50.9238
2023-09-18,JCPB,39.3008
2023-09-18,JEMA,32.8908
2023-09-18,JEPI,43.843
2023-09-18,JEPQ,35.2603
2023-09-18,JGLO,46.3677
2023-09-18,JGRO,55.6806
2023-09-18,JIRE,51.5228
2023-09-18,JMEE,47.9276
2023-09-18,JMST,46.2809
2023-09-18,JPIE,37.5853
2023-09-18,JPST,43.6787
2023-09-19,BBRE,75.2919
2023-09-19,JAGG,39.787
2023-09-19,JAVA,50.7855
2023-09-19,JCPB,39.1969
2023-09-19,JEMA,32.5613
2023-09-19,JEPI,43.7558
2023-09-19,JEPQ,35.2238
2023-09-19,JGLO,46.2702
2023-09-19,JGRO,55.5212
2023-09-19,JIRE,51.4861
2023-09-19,JMEE,47.8319
2023-09-19,JMST,46.2992
2023-09-19,JPIE,37.5179
2023-09-19,JPST,43.6962
2023-09-20,BBRE,75.4755
2023-09-20,JAGG,39.7604
2023-09-20,JAVA,50.6029
2023-09-20,JCPB,39.1839
2023-09-20,JEMA,32.4693
2023-09-20,JEPI,43.6051
2023-09-20,JEPQ,34.8295
2023-09-20,JGLO,45.9166
2023-09-20,JGRO,54.7446
2023-09-20,JIRE,51.3935
2023-09-20,JMEE,47.561
2023-09-20,JMST,46.2626
2023-09-20,JPIE,37.501
2023-09-20,JPST,43.6875
2023-09-21,BBRE,72.96
2023-09-21,JAGG,39.5122
2023-09-21,JAVA,49.9496
2023-09-21,JCPB,38.9328
2023-09-21,JEMA,31.8434
2023-09-21,JEPI,42.9944
2023-09-21,JEPQ,34.2308
2023-09-21,JGLO,45.1796
2023-09-21,JGRO,53.5796
2023-09-21,JIRE,50.6428
2023-09-21,JMEE,46.8131
2023-09-21,JMST,46.2809
2023-09-21,JPIE,37.3662
2023-09-21,JPST,43.7136
2023-09-22,BBRE,72.4734
2023-09-22,JAGG,39.6452
2023-09-22,JAVA,49.7671
2023-09-22,JCPB,39.0497
2023-09-22,JEMA,32.23
2023-09-22,JEPI,42.9548
2023-09-22,JEPQ,34.2527
2023-09-22,JGLO,45.1506
2023-09-22,JGRO,53.5856
2023-09-22,JIRE,50.6556
2023-09-22,JMEE,46.7444
2023-09-22,JMST,46.2626
2023-09-22,JPIE,37.4757
2023-09-22,JPST,43.731
2023-09-25,BBRE,72.3706
2023-09-25,JAGG,39.3259
2023-09-25,JAVA,49.9592
2023-09-25,JCPB,38.7986
2023-09-25,JEMA,32.1932
2023-09-25,JEPI,43.0579
2023-09-25,JEPQ,34.3914
2023-09-25,JGLO,45.2279
2023-09-25,JGRO,53.8484
2023-09-25,JIRE,50.4137
2023-09-25,JMEE,47.0037
2023-09-25,JMST,46.2443
2023-09-25,JPIE,37.4252
2023-09-25,JPST,43.731
2023-09-26,BBRE,71.0504
2023-09-26,JAGG,39.3082
2023-09-26,JAVA,49.3251
2023-09-26,JCPB,38.7553
2023-09-26,JEMA,31.6778
2023-09-26,JEPI,42.5106
2023-09-26,JEPQ,33.9314
2023-09-26,JGLO,44.6561
2023-09-26,JGRO,53.0519
2023-09-26,JIRE,49.838
2023-09-26,JMEE,46.2936
2023-09-26,JMST,46.2351
2023-09-26,JPIE,37.3409
2023-09-26,JPST,43.731
2023-09-27,BBRE,70.5427
2023-09-27,JAGG,39.1575
2023-09-27,JAVA,49.3251
2023-09-27,JCPB,38.5908
2023-09-27,JEMA,31.7146
2023-09-27,JEPI,42.4313
2023-09-27,JEPQ,33.9825
2023-09-27,JGLO,44.6242
2023-09-27,JGRO,53.2012
2023-09-27,JIRE,49.6529
2023-09-27,JMEE,46.5867
2023-09-27,JMST,46.226
2023-09-27,JPIE,37.265
2023-09-27,JPST,43.731
2023-09-28,BBRE,71.2726
2023-09-28,JAGG,39.2727
2023-09-28,JAVA,49.5077
2023-09-28,JCPB,38.7164
2023-09-28,JEMA,31.7974
2023-09-28,JEPI,42.6137
2023-09-28,JEPQ,34.2454
2023-09-28,JGLO,44.9864
2023-09-28,JGRO,53.709
2023-09-28,JIRE,50.0103
2023-09-28,JMEE,47.1469
2023-09-28,JMST,46.2351
2023-09-28,JPIE,37.3746
2023-09-28,JPST,43.7572
2023-09-29,BBRE,71.4084
2023-09-29,HELO,48.9683
2023-09-29,JAGG,39.2195
2023-09-29,JAVA,49.2483
2023-09-29,JCPB,38.6774
2023-09-29,JEMA,31.779
2023-09-29,JEPI,42.4789
2023-09-29,JEPQ,34.2673
2023-09-29,JGLO,44.8975
2023-09-29,JGRO,53.6593
2023-09-29,JIRE,49.8362
2023-09-29,JMEE,46.8808
2023-09-29,JMST,46.2168
2023-09-29,JPIE,37.4167
2023-09-29,JPST,43.7397
2023-10-02,BBRE,70.0864
2023-10-02,HELO,49.0793
2023-10-02,JAGG,38.9451
2023-10-02,JAVA,48.691
2023-10-02,JCPB,38.4296
2023-10-02,JEMA,31.6226
2023-10-02,JEPI,42.2896
2023-10-02,JEPQ,34.5082
2023-10-02,JGLO,44.6628
2023-10-02,JGRO,53.9878
2023-10-02,JIRE,49.1212
2023-10-02,JMEE,46.3497
2023-10-02,JMST,46.2021
2023-10-02,JPIE,37.3066
2023-10-02,JPST,43.7415
2023-10-03,BBRE,68.6909
2023-10-03,HELO,48.6755
2023-10-03,JAGG,38.6515
2023-10-03,JAVA,48.153
2023-10-03,JCPB,38.134
2023-10-03,JEMA,31.2636
2023-10-03,JEPI,41.8425
2023-10-03,JEPQ,33.9483
2023-10-03,JGLO,43.9934
2023-10-03,JGRO,52.9224
2023-10-03,JIRE,48.5896
2023-10-03,JMEE,45.6086
2023-10-03,JMST,46.2205
2023-10-03,JPIE,37.1372
2023-10-03,JPST,43.7327
2023-10-04,BBRE,69.677
2023-10-04,HELO,48.9388
2023-10-04,JAGG,38.9095
2023-10-04,JAVA,48.2202
2023-10-04,JCPB,38.3688
2023-10-04,JEMA,31.3097
2023-10-04,JEPI,42.1938
2023-10-04,JEPQ,34.3461
2023-10-04,JGLO,44.3412
2023-10-04,JGRO,53.6294
2023-10-04,JIRE,48.6996
2023-10-04,JMEE,45.804
2023-10-04,JMST,46.2756
2023-10-04,JPIE,37.2473
2023-10-04,JPST,43.7853
2023-10-05,BBRE,70.0221
2023-10-05,HELO,48.8475
2023-10-05,JAGG,38.9095
2023-10-05,JAVA,48.1146
2023-10-05,JCPB,38.3862
2023-10-05,JEMA,31.3925
2023-10-05,JEPI,41.9942
2023-10-05,JEPQ,34.2872
2023-10-05,JGLO,44.3808
2023-10-05,JGRO,53.5696
2023-10-05,JIRE,49.1212
2023-10-05,JMEE,45.7615
2023-10-05,JMST,46.2572
2023-10-05,JPIE,37.2643
2023-10-05,JPST,43.8028
2023-10-06,BBRE,70.1599
2023-10-06,HELO,49.1226
2023-10-06,JAGG,38.7938
2023-10-06,JAVA,48.4508
2023-10-06,JCPB,38.2296
2023-10-06,JEMA,31.8434
2023-10-06,JEPI,42.3296
2023-10-06,JEPQ,34.7218
2023-10-06,JGLO,44.9429
2023-10-06,JGRO,54.5853
2023-10-06,JIRE,49.6895
2023-10-06,JMEE,46.1001
2023-10-06,JMST,46.248
2023-10-06,JPIE,37.2473
2023-10-06,JPST,43.7853
2023-10-09,BBRE,70.9494
2023-10-09,HELO,49.2355
2023-10-09,JAGG,39.1606
2023-10-09,JAVA,48.8159
2023-10-09,JCPB,38.6035
2023-10-09,JEMA,31.6594
2023-10-09,JEPI,42.5531
2023-10-09,JEPQ,34.8471
2023-10-09,JGLO,45.0395
2023-10-09,JGRO,54.8193
2023-10-09,JIRE,49.497
2023-10-09,JMEE,46.4193
2023-10-09,JMST,46.2113
2023-10-09,JPIE,37.4083
2023-10-09,JPST,43.8203
2023-10-10,BBRE,71.3378
2023-10-10,HELO,49.4762
2023-10-10,JAGG,39.1052
2023-10-10,JAVA,49.1906
2023-10-10,JCPB,38.5905
2023-10-10,JEMA,32.1195
2023-10-10,JEPI,42.7927
2023-10-10,JEPQ,34.9944
2023-10-10,JGLO,45.4443
2023-10-10,JGRO,55.1429
2023-10-10,JIRE,50.2487
2023-10-10,JMEE,46.8934
2023-10-10,JMST,46.3123
2023-10-10,JPIE,37.4506
2023-10-10,JPST,43.829
2023-10-11,BBRE,72.4753
2023-10-11,HELO,49.6334
2023-10-11,JAGG,39.2832
2023-10-11,JAVA,49.1906
2023-10-11,JCPB,38.76
2023-10-11,JEMA,32.2852
2023-10-11,JEPI,42.9285
2023-10-11,JEPQ,35.1712
2023-10-11,JGLO,45.7505
2023-10-11,JGRO,55.5611
2023-10-11,JIRE,50.575
2023-10-11,JMEE,47.0289
2023-10-11,JMST,46.2848
2023-10-11,JPIE,37.4845
2023-10-11,JPST,43.829
2023-10-12,BBRE,71.4176
2023-10-12,HELO,49.4369
2023-10-12,JAGG,38.9451
2023-10-12,JAVA,48.7967
2023-10-12,JBND,43.8051
2023-10-12,JCPB,38.4036
2023-10-12,JEMA,31.8793
2023-10-12,JEPI,42.6969
2023-10-12,JEPQ,35.0976
2023-10-12,JGLO,45.5901
2023-10-12,JGRO,55.2922
2023-10-12,JIRE,50.1662
2023-10-12,JMEE,46.1349
2023-10-12,JMST,46.3307
2023-10-12,JPIE,37.349
2023-10-12,JPST,43.829
2023-10-13,BBRE,71.1551
2023-10-13,HELO,49.2896
2023-10-13,JAGG,39.1675
2023-10-13,JAVA,48.8928
2023-10-13,JBND,44.0978
2023-10-13,JCPB,38.6035
2023-10-13,JEMA,31.7422
2023-10-13,JEPI,42.6889
2023-10-13,JEPQ,34.8176
2023-10-13,JGLO,45.3419
2023-10-13,JGRO,54.5753
2023-10-13,JIRE,49.7262
2023-10-13,JMEE,45.7518
2023-10-13,JMST,46.3399
2023-10-13,JPIE,37.3998
2023-10-13,JPST,43.8378
2023-10-16,BBRE,72.0327
2023-10-16,HELO,49.6708
2023-10-16,JAGG,38.9273
2023-10-16,JAVA,49.3539
2023-10-16,JBND,43.8712
2023-10-16,JCPB,38.4296
2023-10-16,JEMA,31.9631
2023-10-16,JEPI,43.0642
2023-10-16,JEPQ,35.0976
2023-10-16,JGLO,45.8229
2023-10-16,JGRO,55.2922
2023-10-16,JIRE,50.047
2023-10-16,JMEE,46.4484
2023-10-16,JMST,46.3032
2023-10-16,JPIE,37.3659
2023-10-16,JPST,43.8465
2023-10-17,BBRE,72.097
2023-10-17,HELO,49.6786
2023-10-17,JAGG,38.6604
2023-10-17,JAVA,49.623
2023-10-17,JBND,43.6023
2023-10-17,JCPB,38.134
2023-10-17,JEMA,31.8342
2023-10-17,JEPI,43.168
2023-10-17,JEPQ,35.0681
2023-10-17,JGLO,45.7824
2023-10-17,JGRO,55.1728
2023-10-17,JIRE,50.0351
2023-10-17,JMEE,47.0385
2023-10-17,JMST,46.3123
2023-10-17,JPIE,37.1626
2023-10-17,JPST,43.8378
2023-10-18,BBRE,70.6189
2023-10-18,HELO,49.3348
2023-10-18,JAGG,38.5002
2023-10-18,JAVA,49.0849
2023-10-18,JBND,43.3995
2023-10-18,JCPB,37.9862
2023-10-18,JEMA,31.3557
2023-10-18,JEPI,42.7528
2023-10-18,JEPQ,34.7218
2023-10-18,JGLO,45.2211
2023-10-18,JGRO,54.1372
2023-10-18,JIRE,49.2587
2023-10-18,JMEE,46.042
2023-10-18,JMST,46.3307
2023-10-18,JPIE,37.0864
2023-10-18,JPST,43.8378
2023-10-19,BBRE,69.0857
2023-10-19,HELO,49.1137
2023-10-19,JAGG,38.3045
2023-10-19,JAVA,48.5949
2023-10-19,JBND,43.2416
2023-10-19,JCPB,37.8123
2023-10-19,JEMA,31.1716
2023-10-19,JEPI,42.4414
2023-10-19,JEPQ,34.5377
2023-10-19,JGLO,45.0086
2023-10-19,JGRO,53.6493
2023-10-19,JIRE,48.8554
2023-10-19,JMEE,45.3551
2023-10-19,JMST,46.3307
2023-10-19,JPIE,37.0948
2023-10-19,JPST,43.8553
2023-10-20,BBRE,68.5165
2023-10-20,HELO,48.7365
2023-10-20,JAGG,38.4469
2023-10-20,JAVA,48.0665
2023-10-20,JBND,43.3377
2023-10-20,JCPB,37.9167
2023-10-20,JEMA,30.8035
2023-10-20,JEPI,42.0661
2023-10-20,JEPQ,34.1251
2023-10-20,JGLO,44.4899
2023-10-20,JGRO,52.8428
2023-10-20,JIRE,48.3788
2023-10-20,JMEE,44.8327
2023-10-20,JMST,46.3307
2023-10-20,JPIE,37.1838
2023-10-20,JPST,43.8903
2023-10-23,BBRE,67.7728
2023-10-23,HELO,48.6264
2023-10-23,JAGG,38.6337
2023-10-23,JAVA,47.6534
2023-10-23,JBND,43.5229
2023-10-23,JCPB,38.0992
2023-10-23,JEMA,30.7575
2023-10-23,JEPI,41.9223
2023-10-23,JEPQ,34.2503
2023-10-23,JGLO,44.4078
2023-10-23,JGRO,53.0021
2023-10-23,JIRE,48.4429
2023-10-23,JMEE,44.3586
2023-10-23,JMST,46.3675
2023-10-23,JPIE,37.2727
2023-10-23,JPST,43.9078
2023-10-24,BBRE,68.556
2023-10-24,HELO,48.8573
2023-10-24,JAGG,38.7315
2023-10-24,JAVA,47.9032
2023-10-24,JBND,43.6816
2023-10-24,JCPB,38.2384
2023-10-24,JEMA,31.1532
2023-10-24,JEPI,42.2098
2023-10-24,JEPQ,34.5597
2023-10-24,JGLO,44.8164
2023-10-24,JGRO,53.5199
2023-10-24,JIRE,48.6721
2023-10-24,JMEE,44.6392
2023-10-24,JMST,46.3766
2023-10-24,JPIE,37.3998
2023-10-24,JPST,43.9253
2023-10-25,BBRE,67.0209
2023-10-25,HELO,48.4289
2023-10-25,JAGG,38.4201
2023-10-25,JAVA,47.6342
2023-10-25,JBND,43.3995
2023-10-25,JCPB,37.9427
2023-10-25,JEMA,30.8311
2023-10-25,JEPI,41.8025
2023-10-25,JEPQ,33.8304
2023-10-25,JGLO,44.3875
2023-10-25,JGRO,52.2752
2023-10-25,JIRE,48.4246
2023-10-25,JMEE,44.0297
2023-10-25,JMST,46.3583
2023-10-25,JPIE,37.2219
2023-10-25,JPST,43.9078
2023-10-26,BBRE,67.8555
2023-10-26,HELO,48.0222
2023-10-26,JAGG,38.7226
2023-10-26,JAVA,47.4612
2023-10-26,JBND,43.6375
2023-10-26,JCPB,38.2384
2023-10-26,JEMA,30.647
2023-10-26,JEPI,41.4751
2023-10-26,JEPQ,33.2263
2023-10-26,JGLO,43.8881
2023-10-26,JGRO,51.15
2023-10-26,JIRE,47.9938
2023-10-26,JMEE,44.2232
2023-10-26,JMST,46.3675
2023-10-26,JPIE,37.2897
2023-10-26,JPST,43.9253
2023-10-27,BBRE,66.6803
2023-10-27,HELO,47.8925
2023-10-27,JAGG,38.6782
2023-10-27,JAVA,46.7215
2023-10-27,JBND,43.6728
2023-10-27,JCPB,38.1949
2023-10-27,JEMA,30.6507
2023-10-27,JEPI,41.1318
2023-10-27,JEPQ,33.4178
2023-10-27,JGLO,43.7229
2023-10-27,JGRO,51.399
2023-10-27,JIRE,47.8105
2023-10-27,JMEE,43.7878
2023-10-27,JMST,46.3858
2023-10-27,JPIE,37.332
2023-10-27,JPST,43.9516
2023-10-30,BBRE,67.1577
2023-10-30,HELO,48.1991
2023-10-30,JAGG,38.6248
2023-10-30,JAVA,47.2019
2023-10-30,JBND,43.6111
2023-10-30,JCPB,38.1253
2023-10-30,JEMA,31.0152
2023-10-30,JEPI,41.6189
2023-10-30,JEPQ,33.8157
2023-10-30,JGLO,44.4233
2023-10-30,JGRO,52.0562
2023-10-30,JIRE,48.4429
2023-10-30,JMEE,44.1071
2023-10-30,JMST,46.3675
2023-10-30,JPIE,37.3405
2023-10-30,JPST,43.9428
2023-10-31,BBRE,68.2411
2023-10-31,HELO,48.4152
2023-10-31,JAGG,38.6159
2023-10-31,JAVA,47.5765
2023-10-31,JBND,43.5758
2023-10-31,JCPB,38.0905
2023-10-31,JEMA,30.7851
2023-10-31,JEPI,42.0181
2023-10-31,JEPQ,34.0072
2023-10-31,JGLO,44.5604
2023-10-31,JGRO,52.315
2023-10-31,JIRE,48.5896
2023-10-31,JMEE,44.465
2023-10-31,JMST,46.3675
2023-10-31,JPIE,37.3532
2023-10-31,JPST,43.9428
2023-11-01,BBRE,68.746
2023-11-01,HELO,48.8671
2023-11-01,JAGG,39.0128
2023-11-01,JAVA,47.8071
2023-11-01,JBND,43.8904
2023-11-01,JCPB,38.4693
2023-11-01,JEMA,30.9691
2023-11-01,JEPI,42.3952
2023-11-01,JEPQ,34.5633
2023-11-01,JGLO,45.0106
2023-11-01,JGRO,53.261
2023-11-01,JIRE,49.1029
2023-11-01,JMEE,44.7359
2023-11-01,JMST,46.3822
2023-11-01,JPIE,37.509
2023-11-01,JPST,43.9622
2023-11-02,BBRE,70.8392
2023-11-02,HELO,49.5057
2023-11-02,JAGG,39.2182
2023-11-02,JAVA,48.8351
2023-11-02,JBND,44.1644
2023-11-02,JCPB,38.7049
2023-11-02,JEMA,31.5397
2023-11-02,JEPI,42.8937
2023-11-02,JEPQ,35.0466
2023-11-02,JGLO,45.8819
2023-11-02,JGRO,54.1571
2023-11-02,JIRE,50.047
2023-11-02,JMEE,45.6647
2023-11-02,JMST,46.4375
2023-11-02,JPIE,37.6793
2023-11-02,JPST,43.9798
2023-11-03,BBRE,72.2715
2023-11-03,HELO,49.8201
2023-11-03,JAGG,39.4816
2023-11-03,JAVA,49.2963
2023-11-03,JBND,44.4119
2023-11-03,JCPB,38.958
2023-11-03,JEMA,32.1656
2023-11-03,JEPI,43.0867
2023-11-03,JEPQ,35.3291
2023-11-03,JGLO,46.1784
2023-11-03,JGRO,54.7944
2023-11-03,JIRE,50.4503
2023-11-03,JMEE,46.6128
2023-11-03,JMST,46.4651
2023-11-03,JPIE,37.8326
2023-11-03,JPST,44.0149
2023-11-06,BBRE,71.2524
2023-11-06,HELO,49.9183
2023-11-06,JAGG,39.2852
2023-11-06,JAVA,49.1618
2023-11-06,JBND,44.2528
2023-11-06,JCPB,38.7748
2023-11-06,JEMA,32.3772
2023-11-06,JEPI,43.1912
2023-11-06,JEPQ,35.5001
2023-11-06,JGLO,46.274
2023-11-06,JGRO,55.0632
2023-11-06,JIRE,50.2487
2023-11-06,JMEE,46.2742
2023-11-06,JMST,46.4559
2023-11-06,JPIE,37.7134
2023-11-06,JPST,44.0061
2023-11-07,BBRE,70.5225
2023-11-07,HELO,50.0362
2023-11-07,JAGG,39.4682
2023-11-07,JAVA,48.9024
2023-11-07,JBND,44.4296
2023-11-07,JCPB,38.9493
2023-11-07,JEMA,32.2392
2023-11-07,JEPI,43.0867
2023-11-07,JEPQ,35.6636
2023-11-07,JGLO,46.3194
2023-11-07,JGRO,55.581
2023-11-07,JIRE,49.9004
2023-11-07,JMEE,46.1001
2023-11-07,JMST,46.4835
2023-11-07,JPIE,37.7134
2023-11-07,JPST,44.0237
2023-11-08,BBRE,71.0137
2023-11-08,HELO,50.0755
2023-11-08,JAGG,39.629
2023-11-08,JAVA,48.7679
2023-11-08,JBND,44.5905
2023-11-08,JCPB,39.0889
2023-11-08,JEMA,32.0275
2023-11-08,JEPI,43.1188
2023-11-08,JEPQ,35.7752
2023-11-08,JGLO,46.3001
2023-11-08,JGRO,55.81
2023-11-08,JIRE,49.827
2023-11-08,JMEE,45.9453
2023-11-08,JMST,46.5112
2023-11-08,JPIE,37.6793
2023-11-08,JPST,44.0325
2023-11-09,BBRE,69.8339
2023-11-09,HELO,49.6924
2023-11-09,JAGG,39.2718
2023-11-09,JAVA,48.3932
2023-11-09,JBND,44.3324
2023-11-09,JCPB,38.7922
2023-11-09,JEMA,31.8158
2023-11-09,JEPI,42.8776
2023-11-09,JEPQ,35.6041
2023-11-09,JGLO,46.0548
2023-11-09,JGRO,55.3719
2023-11-09,JIRE,50.0745
2023-11-09,JMEE,45.4325
2023-11-09,JMST,46.502
2023-11-09,JPIE,37.6112
2023-11-09,JPST,44.0325
2023-11-10,BBRE,70.5252
2023-11-10,HELO,50.3211
2023-11-10,JAGG,39.3789
2023-11-10,JAVA,48.8447
2023-11-10,JBND,44.3456
2023-11-10,JCPB,38.8882
2023-11-10,JEMA,32.1039
2023-11-10,JEPI,43.2555
2023-11-10,JEPQ,36.0651
2023-11-10,JGLO,46.7812
2023-11-10,JGRO,56.4373
2023-11-10,JIRE,50.432
2023-11-10,JMEE,45.984
2023-11-10,JMST,46.502
2023-11-10,JPIE,37.6325
2023-11-10,JPST,44.0413
2023-11-13,BBRE,69.8064
2023-11-13,HELO,50.3211
2023-11-13,JAGG,39.3684
2023-11-13,JAVA,48.8639
2023-11-13,JBND,44.3412
2023-11-13,JCPB,38.7486
2023-11-13,JEMA,32.0745
2023-11-13,JEPI,43.2555
2023-11-13,JEPQ,36.0725
2023-11-13,JGLO,46.7329
2023-11-13,JGRO,56.4373
2023-11-13,JIRE,50.2487
2023-11-13,JMEE,45.9453
2023-11-13,JMST,46.5388
2023-11-13,JPIE,37.6453
2023-11-13,JPST,44.0677
2023-11-14,BBRE,73.4833
2023-11-14,HELO,50.7731
2023-11-14,JAGG,39.8709
2023-11-14,JAVA,49.8055
2023-11-14,JBND,44.845
2023-11-14,JCPB,39.2984
2023-11-14,JEMA,32.9847
2023-11-14,JEPI,43.5771
2023-11-14,JEPQ,36.3327
2023-11-14,JGLO,47.5926
2023-11-14,JGRO,57.6123
2023-11-14,JIRE,51.4953
2023-11-14,JMEE,47.7932
2023-11-14,JMST,46.6033
2023-11-14,JPIE,37.9859
2023-11-14,JPST,44.1116
2023-11-15,BBRE,73.5843
2023-11-15,HELO,50.7043
2023-11-15,JAGG,39.6558
2023-11-15,JAVA,50.0361
2023-11-15,JBND,44.6682
2023-11-15,JCPB,39.1064
2023-11-15,JEMA,32.9663
2023-11-15,JEPI,43.5691
2023-11-15,JEPQ,36.3179
2023-11-15,JGLO,47.892
2023-11-15,JGRO,57.4629
2023-11-15,JIRE,51.4128
2023-11-15,JMEE,47.9189
2023-11-15,JMST,46.5573
2023-11-15,JPIE,37.9092
2023-11-15,JPST,44.1204
2023-11-16,BBRE,73.2262
2023-11-16,HELO,50.9254
2023-11-16,JAGG,39.8433
2023-11-16,JAVA,49.8824
2023-11-16,JBND,44.8494
2023-11-16,JCPB,39.3507
2023-11-16,JEMA,32.819
2023-11-16,JEPI,43.561
2023-11-16,JEPQ,36.3773
2023-11-16,JGLO,47.5153
2023-11-16,JGRO,57.5923
2023-11-16,JIRE,51.3944
2023-11-16,JMEE,47.3965
2023-11-16,JMST,46.5941
2023-11-16,JPIE,38.0029
2023-11-16,JPST,44.138
2023-11-17,BBRE,73.1987
2023-11-17,HELO,50.9794
2023-11-17,JAGG,39.9236
2023-11-17,JAVA,50.1225
2023-11-17,JBND,44.9245
2023-11-17,JCPB,39.3857
2023-11-17,JEMA,32.819
2023-11-17,JEPI,43.6334
2023-11-17,JEPQ,36.4071
2023-11-17,JGLO,47.9596
2023-11-17,JGRO,57.7019
2023-11-17,JIRE,52.1002
2023-11-17,JMEE,47.8319
2023-11-17,JMST,46.5941
2023-11-17,JPIE,37.9688
2023-11-17,JPST,44.1292
2023-11-20,BBRE,73.689
2023-11-20,HELO,51.0541
2023-11-20,JAGG,39.9861
2023-11-20,JAVA,50.2763
2023-11-20,JBND,45.0041
2023-11-20,JCPB,39.4555
2023-11-20,JEMA,33.2331
2023-11-20,JEPI,43.6254
2023-11-20,JEPQ,36.5186
2023-11-20,JGLO,48.2726
2023-11-20,JGRO,58.3591
2023-11-20,JIRE,52.256
2023-11-20,JMEE,47.9963
2023-11-20,JMST,46.631
2023-11-20,JPIE,38.0199
2023-11-20,JPST,44.1468
2023-11-21,BBRE,73.3548
2023-11-21,HELO,51.0973
2023-11-21,JAGG,40.0486
2023-11-21,JAVA,50.1802
2023-11-21,JBND,45.0553
2023-11-21,JCPB,39.4904
2023-11-21,JEMA,33.0399
2023-11-21,JEPI,43.762
2023-11-21,JEPQ,36.5037
2023-11-21,JGLO,48.1538
2023-11-21,JGRO,58.1101
2023-11-21,JIRE,52.0819
2023-11-21,JMEE,47.6577
2023-11-21,JMST,46.631
2023-11-21,JPIE,38.0881
2023-11-21,JPST,44.1556
2023-11-22,BBRE,73.6853
2023-11-22,HELO,51.2054
2023-11-22,JAGG,40.0844
2023-11-22,JAVA,50.3723
2023-11-22,JBND,45.0978
2023-11-22,JCPB,39.5253
2023-11-22,JEMA,32.9939
2023-11-22,JEPI,43.8826
2023-11-22,JEPQ,36.6153
2023-11-22,JGLO,48.2301
2023-11-22,JGRO,58.379
2023-11-22,JIRE,52.0727
2023-11-22,JMEE,47.8996
2023-11-22,JMST,46.677
2023-11-22,JPIE,38.0284
2023-11-22,JPST,44.182
2023-11-24,BBRE,73.8505
2023-11-24,HELO,51.2004
2023-11-24,JAGG,39.879
2023-11-24,JAVA,50.5453
2023-11-24,JBND,44.9643
2023-11-24,JCPB,39.3638
2023-11-24,JEMA,32.9755
2023-11-24,JEPI,43.9711
2023-11-24,JEPQ,36.6004
2023-11-24,JGLO,48.346
2023-11-24,JGRO,58.3391
2023-11-24,JIRE,52.5402
2023-11-24,JMEE,48.1124
2023-11-24,JMST,46.6494
2023-11-24,JPIE,37.9603
2023-11-24,JPST,44.1732
2023-11-27,BBRE,74.0342
2023-11-27,HELO,51.2152
2023-11-27,JAGG,40.1111
2023-11-27,JAVA,50.3915
2023-11-27,JBND,45.1366
2023-11-27,JCPB,39.5776
2023-11-27,JEMA,32.9202
2023-11-27,JEPI,43.8746
2023-11-27,JEPQ,36.6301
2023-11-27,JGLO,48.2204
2023-11-27,JGRO,58.2893
2023-11-27,JIRE,52.3569
2023-11-27,JMEE,48.0447
2023-11-27,JMST,46.6955
2023-11-27,JPIE,38.0795
2023-11-27,JPST,44.2083
2023-11-28,BBRE,74.4014
2023-11-28,HELO,51.225
2023-11-28,JAGG,40.2808
2023-11-28,JAVA,50.3723
2023-11-28,JBND,45.3311
2023-11-28,JCPB,39.7696
2023-11-28,JEMA,33.1687
2023-11-28,JEPI,43.8666
2023-11-28,JEPQ,36.7045
2023-11-28,JGLO,48.2494
2023-11-28,JGRO,58.369
2023-11-28,JIRE,52.4027
2023-11-28,JMEE,47.6867
2023-11-28,JMST,46.7047
2023-11-28,JPIE,38.2328
2023-11-28,JPST,44.2347
2023-11-29,BBRE,74.7044
2023-11-29,HELO,51.1788
2023-11-29,JAGG,40.5219
2023-11-29,JAVA,50.4492
2023-11-29,JBND,45.5865
2023-11-29,JCPB,40.0009
2023-11-29,JEMA,32.9663
2023-11-29,JEPI,43.8264
2023-11-29,JEPQ,36.6673
2023-11-29,JGLO,48.2397
2023-11-29,JGRO,58.3292
2023-11-29,JIRE,52.5219
2023-11-29,JMEE,47.8222
2023-11-29,JMST,46.76
2023-11-29,JPIE,38.3861
2023-11-29,JPST,44.2523
2023-11-30,BBRE,75.3287
2023-11-30,HELO,51.1857
2023-11-30,JAGG,40.3344
2023-11-30,JAVA,50.8911
2023-11-30,JBND,45.4637
2023-11-30,JCPB,39.8656
2023-11-30,JEMA,32.9478
2023-11-30,JEPI,43.9871
2023-11-30,JEPQ,36.6376
2023-11-30,JGLO,48.317
2023-11-30,JGRO,58.2993
2023-11-30,JIRE,52.4669
2023-11-30,JMEE,48.1027
2023-11-30,JMST,46.7507
2023-11-30,JPIE,38.3231
2023-11-30,JPST,44.2611
2023-12-01,BBRE,77.3191
2023-12-01,HELO,51.2505
2023-12-01,JAGG,40.7146
2023-12-01,JAVA,51.4676
2023-12-01,JBND,45.7636
2023-12-01,JCPB,40.1653
2023-12-01,JEMA,33.1963
2023-12-01,JEPI,44.1734
2023-12-01,JEPQ,36.6691
2023-12-01,JGLO,48.6165
2023-12-01,JGRO,58.5184
2023-12-01,JIRE,53.026
2023-12-01,JMEE,49.2347
2023-12-01,JMST,46.7775
2023-12-01,JPIE,38.543
2023-12-01,JPST,44.2982
2023-12-04,BBRE,78.1196
2023-12-04,HELO,51.2122
2023-12-04,JAGG,40.5892
2023-12-04,JAVA,51.4772
2023-12-04,JBND,45.7272
2023-12-04,JCPB,40.0777
2023-12-04,JEMA,32.8282
2023-12-04,JEPI,44.222
2023-12-04,JEPQ,36.5041
2023-12-04,JGLO,48.3943
2023-12-04,JGRO,57.9508
2023-12-04,JIRE,52.5585
2023-12-04,JMEE,49.6701
2023-12-04,JMST,46.8053
2023-12-04,JPIE,38.5259
2023-12-04,JPST,44.2982
2023-12-05,BBRE,77.5045
2023-12-05,HELO,51.2152
2023-12-05,JAGG,40.8222
2023-12-05,JAVA,51.1025
2023-12-05,JBND,45.9322
2023-12-05,JCPB,40.323
2023-12-05,JEMA,32.6257
2023-12-05,JEPI,44.0357
2023-12-05,JEPQ,36.5791
2023-12-05,JGLO,48.3267
2023-12-05,JGRO,58.1002
2023-12-05,JIRE,52.4027
2023-12-05,JMEE,49.0799
2023-12-05,JMST,46.8422
2023-12-05,JPIE,38.5602
2023-12-05,JPST,44.3247
2023-12-06,BBRE,77.1465
2023-12-06,HELO,51.1661
2023-12-06,JAGG,40.9566
2023-12-06,JAVA,51.0545
2023-12-06,JBND,46.1097
2023-12-06,JCPB,40.472
2023-12-06,JEMA,32.6257
2023-12-06,JEPI,44.0762
2023-12-06,JEPQ,36.4366
2023-12-06,JGLO,48.2687
2023-12-06,JGRO,57.7218
2023-12-06,JIRE,52.6044
2023-12-06,JMEE,48.9638
2023-12-06,JMST,46.8237
2023-12-06,JPIE,38.5944
2023-12-06,JPST,44.3247
2023-12-07,BBRE,77.4402
2023-12-07,HELO,51.392
2023-12-07,JAGG,40.9476
2023-12-07,JAVA,51.3043
2023-12-07,JBND,46.1407
2023-12-07,JCPB,40.4457
2023-12-07,JEMA,32.7638
2023-12-07,JEPI,44.1167
2023-12-07,JEPQ,36.8265
2023-12-07,JGLO,48.5759
2023-12-07,JGRO,58.4188
2023-12-07,JIRE,52.8243
2023-12-07,JMEE,49.3218
2023-12-07,JMST,46.8515
2023-12-07,JPIE,38.6543
2023-12-07,JPST,44.3424
2023-12-08,BBRE,77.5137
2023-12-08,HELO,51.4411
2023-12-08,JAGG,40.7415
2023-12-08,JAVA,51.5156
2023-12-08,JBND,45.9677
2023-12-08,JCPB,40.2617
2023-12-08,JEMA,32.6809
2023-12-08,JEPI,44.0438
2023-12-08,JEPQ,36.939
2023-12-08,JGLO,48.8435
2023-12-08,JGRO,58.7474
2023-12-08,JIRE,53.0535
2023-12-08,JMEE,49.5733
2023-12-08,JMST,46.8237
2023-12-08,JPIE,38.4489
2023-12-08,JPST,44.3335
2023-12-11,BBRE,77.8442
2023-12-11,HELO,51.5492
2023-12-11,JAGG,40.746
2023-12-11,JAVA,51.8615
2023-12-11,JBND,45.8923
2023-12-11,JCPB,40.2617
2023-12-11,JEMA,32.8098
2023-12-11,JEPI,44.2949
2023-12-11,JEPQ,37.089
2023-12-11,JGLO,48.9739
2023-12-11,JGRO,58.9366
2023-12-11,JIRE,53.136
2023-12-11,JMEE,49.8248
2023-12-11,JMST,46.8607
2023-12-11,JPIE,38.5002
2023-12-11,JPST,44.3335
2023-12-12,BBRE,77.8901
2023-12-12,HELO,51.618
2023-12-12,JAGG,40.8311
2023-12-12,JAVA,51.8807
2023-12-12,JBND,45.9943
2023-12-12,JCPB,40.3406
2023-12-12,JEMA,32.8558
2023-12-12,JEPI,44.5054
2023-12-12,JEPQ,37.2614
2023-12-12,JGLO,49.225
2023-12-12,JGRO,59.3349
2023-12-12,JIRE,53.2826
2023-12-12,JMEE,49.7958
2023-12-12,JMST,46.8422
2023-12-12,JPIE,38.5002
2023-12-12,JPST,44.3512
2023-12-13,BBRE,80.8555
2023-12-13,HELO,51.7752
2023-12-13,JAGG,41.3845
2023-12-13,JAVA,52.7742
2023-12-13,JBND,46.4913
2023-12-13,JCPB,40.8487
2023-12-13,JEMA,33.1871
2023-12-13,JEPI,44.7564
2023-12-13,JEPQ,37.4564
2023-12-13,JGLO,49.8239
2023-12-13,JGRO,60.002
2023-12-13,JIRE,54.0434
2023-12-13,JMEE,50.9858
2023-12-13,JMST,46.8699
2023-12-13,JPIE,38.7913
2023-12-13,JPST,44.413
2023-12-14,BBRE,83.3802
2023-12-14,HELO,51.8931
2023-12-14,JAGG,41.6913
2023-12-14,JAVA,53.5909
2023-12-14,JBND,46.9793
2023-12-14,JCPB,41.243
2023-12-14,JEMA,33.7209
2023-12-14,JEPI,44.6026
2023-12-14,JEPQ,37.4189
2023-12-14,JGLO,50.1234
2023-12-14,JGRO,59.9622
2023-12-14,JIRE,54.3093
2023-12-14,JMEE,52.2339
2023-12-14,JMST,46.8977
2023-12-14,JPIE,38.9625
2023-12-14,JPST,44.4395
2023-12-15,BBRE,82.1684
2023-12-15,HELO,51.9029
2023-12-15,JAGG,41.6296
2023-12-15,JAVA,53.293
2023-12-15,JBND,46.958
2023-12-15,JCPB,41.1992
2023-12-15,JEMA,33.5368
2023-12-15,JEPI,44.5783
2023-12-15,JEPQ,37.4939
2023-12-15,JGLO,49.821
2023-12-15,JGRO,60.1314
2023-12-15,JIRE,53.7501
2023-12-15,JMEE,51.8372
2023-12-15,JMST,46.8977
2023-12-15,JPIE,38.9453
2023-12-15,JPST,44.4395
2023-12-18,BBRE,81.8838
2023-12-18,HELO,51.9029
2023-12-18,JAGG,41.5386
2023-12-18,JAVA,53.3026
2023-12-18,JBND,46.8374
2023-12-18,JCPB,41.1335
2023-12-18,JEMA,33.4356
2023-12-18,JEPI,44.5621
2023-12-18,JEPQ,37.5914
2023-12-18,JGLO,49.9872
2023-12-18,JGRO,60.6193
2023-12-18,JIRE,53.9059
2023-12-18,JMEE,51.8082
2023-12-18,JMST,46.9438
2023-12-18,JPIE,38.9368
2023-12-18,JPST,44.4395
2023-12-19,BBRE,82.4841
2023-12-19,HELO,51.9748
2023-12-19,JAGG,41.5658
2023-12-19,JAVA,53.69
2023-12-19,JBND,46.8791
2023-12-19,JCPB,41.1817
2023-12-19,JEMA,33.7485
2023-12-19,JEPI,44.6431
2023-12-19,JEPQ,37.6214
2023-12-19,JGLO,50.2886
2023-12-19,JGRO,60.9554
2023-12-19,JIRE,54.2631
2023-12-19,JMEE,52.543
2023-12-19,JMST,46.9346
2023-12-19,JPIE,39.048
2023-12-19,JPST,44.4572
2023-12-20,BBRE,81.3336
2023-12-20,HELO,51.7779
2023-12-20,JAGG,41.7271
2023-12-20,JAVA,52.8303
2023-12-20,JBND,47.0148
2023-12-20,JCPB,41.3394
2023-12-20,JEMA,33.1417
2023-12-20,JEPI,44.392
2023-12-20,JEPQ,37.4039
2023-12-20,JGLO,49.615
2023-12-20,JGRO,60.0778
2023-12-20,JIRE,53.7542
2023-12-20,JMEE,51.7886
2023-12-20,JMST,46.9531
2023-12-20,JPIE,39.0994
2023-12-20,JPST,44.4837
2023-12-21,BBRE,81.9831
2023-12-21,HELO,51.9305
2023-12-21,JAGG,41.7002
2023-12-21,JAVA,53.3229
2023-12-21,JBND,47.0548
2023-12-21,JCPB,41.3044
2023-12-21,JEMA,33.8529
2023-12-21,JEPI,44.5783
2023-12-21,JEPQ,37.5989
2023-12-21,JGLO,50.149
2023-12-21,JGRO,60.7859
2023-12-21,JIRE,54.6117
2023-12-21,JMEE,52.5626
2023-12-21,JMST,46.9346
2023-12-21,JPIE,39.0994
2023-12-21,JPST,44.5102
2023-12-22,BBRE,82.2336
2023-12-22,HELO,51.9679
2023-12-22,JAGG,41.7271
2023-12-22,JAVA,53.5258
2023-12-22,JBND,46.9758
2023-12-22,JCPB,41.2693
2023-12-22,JEMA,33.6158
2023-12-22,JEPI,44.635
2023-12-22,JEPQ,37.6139
2023-12-22,JGLO,50.3467
2023-12-22,JGRO,60.7859
2023-12-22,JIRE,54.7342
2023-12-22,JMEE,52.6899
2023-12-22,JMST,46.9623
2023-12-22,JPIE,39.108
2023-12-22,JPST,44.519
2023-12-26,BBRE,82.9665
2023-12-26,HELO,52.0338
2023-12-26,JAGG,41.7674
2023-12-26,JAVA,53.8156
2023-12-26,JBND,47.0379
2023-12-26,JCPB,41.3307
2023-12-26,JEMA,33.8434
2023-12-26,JEPI,44.7322
2023-12-26,JEPQ,37.6814
2023-12-26,JGLO,50.5502
2023-12-26,JGRO,60.9853
2023-12-26,JIRE,54.9038
2023-12-26,JMEE,53.1112
2023-12-26,JMST,46.9531
2023-12-26,JPIE,39.1508
2023-12-26,JPST,44.5278
2023-12-27,BBRE,83.2727
2023-12-27,HELO,52.0929
2023-12-27,JAGG,42.0586
2023-12-27,JAVA,53.8735
2023-12-27,JBND,47.3059
2023-12-27,JCPB,41.5979
2023-12-27,JEMA,33.9477
2023-12-27,JEPI,44.805
2023-12-27,JEPQ,37.7339
2023-12-27,JGLO,50.7043
2023-12-27,JGRO,61.2048
2023-12-27,JIRE,55.1959
2023-12-27,JMEE,53.1308
2023-12-27,JMST,47.0039
2023-12-27,JPIE,39.2364
2023-12-27,JPST,44.5455
2023-12-28,BBRE,83.9686
2023-12-28,HELO,52.1913
2023-12-28,JAGG,41.9518
2023-12-28,JAVA,53.9122
2023-12-28,JBND,47.2765
2023-12-28,JCPB,41.4985
2023-12-28,JEMA,34.3175
2023-12-28,JEPI,44.8687
2023-12-28,JEPQ,37.7732
2023-12-28,JGLO,50.715
2023-12-28,JGRO,61.2217
2023-12-28,JIRE,55.0922
2023-12-28,JMEE,53.1112
2023-12-28,JMST,46.952
2023-12-28,JPIE,39.2286
2023-12-28,JPST,44.5606
2023-12-29,BBRE,82.9016
2023-12-29,HELO,52.0535
2023-12-29,JAGG,41.8349
2023-12-29,JAVA,53.7286
2023-12-29,JBND,47.2044
2023-12-29,JCPB,41.4149
2023-12-29,JEMA,34.3744
2023-12-29,JEPI,44.8687
2023-12-29,JEPQ,37.7354
2023-12-29,JGLO,50.7053
2023-12-29,JGRO,60.9325
2023-12-29,JIRE,55.0639
2023-12-29,JMEE,52.6213
2023-12-29,JMST,47.0076
2023-12-29,JPIE,39.263
2023-12-29,JPST,44.5694
2024-01-02,BBRE,83.7116
2024-01-02,HELO,51.9354
2024-01-02,JAGG,41.682
2024-01-02,JAVA,53.9025
2024-01-02,JBND,47.0102
2024-01-02,JCPB,41.2434
2024-01-02,JEMA,33.7106
2024-01-02,JEPI,44.9829
2024-01-02,JEPQ,37.4633
2024-01-02,JGLO,50.182
2024-01-02,JGRO,59.955
2024-01-02,JIRE,54.4986
2024-01-02,JMEE,52.3764
2024-01-02,JMST,46.9983
2024-01-02,JPIE,39.0823
2024-01-02,JPST,44.5694
2024-01-03,BBRE,81.8439
2024-01-03,HELO,51.8566
2024-01-03,JAGG,41.6641
2024-01-03,JAVA,53.3519
2024-01-03,JBND,47.02
2024-01-03,JCPB,41.2698
2024-01-03,JEMA,33.5304
2024-01-03,JEPI,44.7299
2024-01-03,JEPQ,37.1988
2024-01-03,JGLO,49.8476
2024-01-03,JGRO,59.3565
2024-01-03,JIRE,54.1688
2024-01-03,JMEE,51.2595
2024-01-03,JMST,47.0076
2024-01-03,JPIE,39.0134
2024-01-03,JPST,44.5783
2024-01-04,BBRE,81.6954
2024-01-04,HELO,51.6991
2024-01-04,JAGG,41.5022
2024-01-04,JAVA,53.3326
2024-01-04,JBND,46.8676
2024-01-04,JCPB,41.0587
2024-01-04,JEMA,33.3882
2024-01-04,JEPI,44.7136
2024-01-04,JEPQ,37.0476
2024-01-04,JGLO,49.6877
2024-01-04,JGRO,59.1371
2024-01-04,JIRE,54.329
2024-01-04,JMEE,51.1517
2024-01-04,JMST,47.0076
2024-01-04,JPIE,38.979
2024-01-04,JPST,44.5872
2024-01-05,BBRE,81.5006
2024-01-05,HELO,51.8271
2024-01-05,JAGG,41.3764
2024-01-05,JAVA,53.5451
2024-01-05,JBND,46.7313
2024-01-05,JCPB,40.9796
2024-01-05,JEMA,33.4167
2024-01-05,JEPI,44.681
2024-01-05,JEPQ,37.1459
2024-01-05,JGLO,49.6586
2024-01-05,JGRO,59.2767
2024-01-05,JIRE,54.2065
2024-01-05,JMEE,51.2105
2024-01-05,JMST,46.9983
2024-01-05,JPIE,38.9445
2024-01-05,JPST,44.5872
2024-01-08,BBRE,82.781
2024-01-08,HELO,52.0732
2024-01-08,JAGG,41.5742
2024-01-08,JAVA,53.8542
2024-01-08,JBND,46.8498
2024-01-08,JCPB,41.1379
2024-01-08,JEMA,33.483
2024-01-08,JEPI,44.9829
2024-01-08,JEPQ,37.7127
2024-01-08,JGLO,50.2498
2024-01-08,JGRO,60.4836
2024-01-08,JIRE,54.7436
2024-01-08,JMEE,51.8767
2024-01-08,JMST,47.0169
2024-01-08,JPIE,39.0823
2024-01-08,JPST,44.5961
2024-01-09,BBRE,82.3171
2024-01-09,HELO,52.1913
2024-01-09,JAGG,41.5562
2024-01-09,JAVA,53.5354
2024-01-09,JBND,46.8765
2024-01-09,JCPB,41.0939
2024-01-09,JEMA,32.9899
2024-01-09,JEPI,44.9503
2024-01-09,JEPQ,37.7958
2024-01-09,JGLO,50.0947
2024-01-09,JGRO,60.6831
2024-01-09,JIRE,54.3007
2024-01-09,JMEE,51.5534
2024-01-09,JMST,47.0169
2024-01-09,JPIE,39.0564
2024-01-09,JPST,44.6138
2024-01-10,BBRE,82.6789
2024-01-10,HELO,52.2602
2024-01-10,JAGG,41.5112
2024-01-10,JAVA,53.6031
2024-01-10,JBND,46.8845
2024-01-10,JCPB,41.1027
2024-01-10,JEMA,33.0279
2024-01-10,JEPI,44.9993
2024-01-10,JEPQ,38.0452
2024-01-10,JGLO,50.4146
2024-01-10,JGRO,61.3813
2024-01-10,JIRE,54.6776
2024-01-10,JMEE,51.7004
2024-01-10,JMST,46.9706
2024-01-10,JPIE,39.1038
2024-01-10,JPST,44.6138
2024-01-11,BBRE,81.8884
2024-01-11,HELO,52.3685
2024-01-11,JAGG,41.718
2024-01-11,JAVA,53.3616
2024-01-11,JBND,47.028
2024-01-11,JCPB,41.2522
2024-01-11,JEMA,33.2934
2024-01-11,JEPI,45.0074
2024-01-11,JEPQ,38.1208
2024-01-11,JGLO,50.4242
2024-01-11,JGRO,61.5808
2024-01-11,JIRE,54.6871
2024-01-11,JMEE,51.5632
2024-01-11,JMST,47.0354
2024-01-11,JPIE,39.22
2024-01-11,JPST,44.6582
2024-01-12,BBRE,82.4933
2024-01-12,HELO,52.339
2024-01-12,JAGG,41.7855
2024-01-12,JAVA,53.2553
2024-01-12,JBND,47.1438
2024-01-12,JCPB,41.3578
2024-01-12,JEMA,33.3503
2024-01-12,JEPI,45.1298
2024-01-12,JEPQ,38.1586
2024-01-12,JGLO,50.4727
2024-01-12,JGRO,61.6506
2024-01-12,JIRE,54.8943
2024-01-12,JMEE,51.4947
2024-01-12,JMST,47.0076
2024-01-12,JPIE,39.3276
2024-01-12,JPST,44.6937
2024-01-16,BBRE,82.0109
2024-01-16,HELO,52.2996
2024-01-16,JAGG,41.4753
2024-01-16,JAVA,52.8882
2024-01-16,JBND,46.8765
2024-01-16,JCPB,41.0851
2024-01-16,JEMA,32.5253
2024-01-16,JEPI,45.0156
2024-01-16,JEPQ,38.2266
2024-01-16,JGLO,50.1238
2024-01-16,JGRO,61.6007
2024-01-16,JIRE,54.0181
2024-01-16,JMEE,51.1517
2024-01-16,JMST,47.0169
2024-01-16,JPIE,39.2286
2024-01-16,JPST,44.6937
2024-01-17,BBRE,80.4057
2024-01-17,HELO,52.1962
2024-01-17,JAGG,41.3719
2024-01-17,JAVA,52.5405
2024-01-17,JBND,46.8142
2024-01-17,JCPB,40.9708
2024-01-17,JEMA,32.1081
2024-01-17,JEPI,44.8442
2024-01-17,JEPQ,38.0604
2024-01-17,JGLO,49.8524
2024-01-17,JGRO,61.2516
2024-01-17,JIRE,53.5187
2024-01-17,JMEE,50.7696
2024-01-17,JMST,46.9798
2024-01-17,JPIE,39.1081
2024-01-17,JPST,44.6759
2024-01-18,BBRE,79.8175
2024-01-18,HELO,52.398
2024-01-18,JAGG,41.3215
2024-01-18,JAVA,52.724
2024-01-18,JBND,46.734
2024-01-18,JCPB,40.8916
2024-01-18,JEMA,32.3783
2024-01-18,JEPI,45.0564
2024-01-18,JEPQ,38.4534
2024-01-18,JGLO,50.4126
2024-01-18,JGRO,61.9398
2024-01-18,JIRE,54.0463
2024-01-18,JMEE,51.2203
2024-01-18,JMST,46.9706
2024-01-18,JPIE,39.0564
2024-01-18,JPST,44.7025
2024-01-19,BBRE,80.8975
2024-01-19,HELO,52.6441
2024-01-19,JAGG,41.3171
2024-01-19,JAVA,53.265
2024-01-19,JBND,46.734
2024-01-19,JCPB,40.9136
2024-01-19,JEMA,32.658
2024-01-19,JEPI,45.2604
2024-01-19,JEPQ,38.8388
2024-01-19,JGLO,50.8846
2024-01-19,JGRO,62.9273
2024-01-19,JIRE,54.2442
2024-01-19,JMEE,51.769
2024-01-19,JMST,46.9798
2024-01-19,JPIE,39.1339
2024-01-19,JPST,44.7025
2024-01-22,BBRE,81.2686
2024-01-22,HELO,52.6933
2024-01-22,JAGG,41.3862
2024-01-22,JAVA,53.4678
2024-01-22,JBND,46.7518
2024-01-22,JCPB,41.0148
2024-01-22,JEMA,32.4684
2024-01-22,JEPI,45.4236
2024-01-22,JEPQ,38.9144
2024-01-22,JGLO,50.87
2024-01-22,JGRO,63.1467
2024-01-22,JIRE,54.4515
2024-01-22,JMEE,52.4352
2024-01-22,JMST,47.0261
2024-01-22,JPIE,39.1684
2024-01-22,JPST,44.7114
2024-01-23,BBRE,80.7769
2024-01-23,HELO,52.8213
2024-01-23,JAGG,41.3314
2024-01-23,JAVA,53.6707
2024-01-23,JBND,46.6805
2024-01-23,JCPB,40.9444
2024-01-23,JEMA,32.6391
2024-01-23,JEPI,45.5787
2024-01-23,JEPQ,38.9824
2024-01-23,JGLO,50.996
2024-01-23,JGRO,63.2864
2024-01-23,JIRE,54.3479
2024-01-23,JMEE,52.1707
2024-01-23,JMST,47.0076
2024-01-23,JPIE,39.2889
2024-01-23,JPST,44.7203
2024-01-24,BBRE,79.6913
2024-01-24,HELO,52.8607
2024-01-24,JAGG,41.2325
2024-01-24,JAVA,53.4968
2024-01-24,JBND,46.6004
2024-01-24,JCPB,40.8476
2024-01-24,JEMA,32.9994
2024-01-24,JEPI,45.4073
2024-01-24,JEPQ,39.1033
2024-01-24,JGLO,51.3352
2024-01-24,JGRO,63.7053
2024-01-24,JIRE,54.7247
2024-01-24,JMEE,51.8376
2024-01-24,JMST,46.9937
2024-01-24,JPIE,39.1511
2024-01-24,JPST,44.7203
2024-01-25,BBRE,80.4614
2024-01-25,HELO,52.9591
2024-01-25,JAGG,41.4303
2024-01-25,JAVA,53.8832
2024-01-25,JBND,46.7785
2024-01-25,JCPB,41.0148
2024-01-25,JEMA,33.0373
2024-01-25,JEPI,45.6032
2024-01-25,JEPQ,39.1487
2024-01-25,JGLO,51.6647
2024-01-25,JGRO,63.8748
2024-01-25,JIRE,54.8755
2024-01-25,JMEE,52.2392
2024-01-25,JMST,47.0289
2024-01-25,JPIE,39.2975
2024-01-25,JPST,44.7558
2024-01-26,BBRE,80.4336
2024-01-26,HELO,52.9788
2024-01-26,JAGG,41.3943
2024-01-26,JAVA,53.9605
2024-01-26,JBND,46.7518
2024-01-26,JCPB,41.0148
2024-01-26,JEMA,33.1037
2024-01-26,JEPI,45.6521
2024-01-26,JEPQ,39.1411
2024-01-26,JGLO,51.8024
2024-01-26,JGRO,63.8549
2024-01-26,JIRE,55.1205
2024-01-26,JMEE,52.3274
2024-01-26,JMST,47.0261
2024-01-26,JPIE,39.2889
2024-01-26,JPST,44.7646
2024-01-29,BBRE,80.8678
2024-01-29,HELO,53.0595
2024-01-29,JAGG,41.5202
2024-01-29,JAVA,54.1827
2024-01-29,JBND,46.9478
2024-01-29,JCPB,41.2083
2024-01-29,JEMA,33.0279
2024-01-29,JEPI,45.8235
2024-01-29,JEPQ,39.3376
2024-01-29,JGLO,52.1105
2024-01-29,JGRO,64.6429
2024-01-29,JIRE,55.4032
2024-01-29,JMEE,52.8173
2024-01-29,JMST,47.0308
2024-01-29,JPIE,39.3491
2024-01-29,JPST,44.7735
2024-01-30,BBRE,80.2666
2024-01-30,HELO,53.0969
2024-01-30,JAGG,41.5652
2024-01-30,JAVA,54.3372
2024-01-30,JBND,47.0458
2024-01-30,JCPB,41.2522
2024-01-30,JEMA,32.9046
2024-01-30,JEPI,45.9214
2024-01-30,JEPQ,39.2696
2024-01-30,JGLO,52.1299
2024-01-30,JGRO,64.4135
2024-01-30,JIRE,55.3655
2024-01-30,JMEE,52.7487
2024-01-30,JMST,47.0539
2024-01-30,JPIE,39.3922
2024-01-30,JPST,44.7824
2024-01-31,BBRE,79.4593
2024-01-31,HELO,52.8115
2024-01-31,JAGG,41.754
2024-01-31,JAVA,53.6803
2024-01-31,JBND,47.2952
2024-01-31,JCPB,41.4545
2024-01-31,JEMA,32.2977
2024-01-31,JEPI,45.6685
2024-01-31,JEPQ,38.869
2024-01-31,JGLO,51.6163
2024-01-31,JGRO,63.1467
2024-01-31,JIRE,54.9791
2024-01-31,JMEE,51.7396
2024-01-31,JMST,47.1003
2024-01-31,JPIE,39.4869
2024-01-31,JPST,44.8001
2024-02-01,BBRE,80.8233
2024-02-01,HELO,53.154
2024-02-01,JAGG,42.0326
2024-02-01,JAVA,54.0957
2024-02-01,JBND,47.5554
2024-02-01,JCPB,41.6736
2024-02-01,JEMA,32.9615
2024-02-01,JEPI,46.1534
2024-02-01,JEPQ,39.1749
2024-02-01,JGLO,52.1396
2024-02-01,JGRO,64.1641
2024-02-01,JIRE,55.601
2024-02-01,JMEE,52.3372
2024-02-01,JMST,47.091
2024-02-01,JPIE,39.4929
2024-02-01,JPST,44.826
2024-02-02,BBRE,80.0253
2024-02-02,HELO,53.7269
2024-02-02,JAGG,41.6536
2024-02-02,JAVA,54.231
2024-02-02,JBND,47.1441
2024-02-02,JCPB,41.2849
2024-02-02,JEMA,33.0089
2024-02-02,JEPI,46.1041
2024-02-02,JEPQ,39.5173
2024-02-02,JGLO,52.7405
2024-02-02,JGRO,65.8597
2024-02-02,JIRE,55.177
2024-02-02,JMEE,52.3078
2024-02-02,JMST,47.0631
2024-02-02,JPIE,39.4843
2024-02-02,JPST,44.826
2024-02-05,BBRE,78.4202
2024-02-05,HELO,53.3726
2024-02-05,JAGG,41.3107
2024-02-05,JAVA,53.6997
2024-02-05,JBND,46.8132
2024-02-05,JCPB,40.9714
2024-02-05,JEMA,33.0279
2024-02-05,JEPI,45.8908
2024-02-05,JEPQ,39.5325
2024-02-05,JGLO,52.4982
2024-02-05,JGRO,65.7999
2024-02-05,JIRE,54.8567
2024-02-05,JMEE,51.7298
2024-02-05,JMST,47.0259
2024-02-05,JPIE,39.3804
2024-02-05,JPST,44.8082
2024-02-06,BBRE,79.4593
2024-02-06,HELO,53.4119
2024-02-06,JAGG,41.4822
2024-02-06,JAVA,53.8446
2024-02-06,JBND,46.9563
2024-02-06,JCPB,41.1525
2024-02-06,JEMA,33.8244
2024-02-06,JEPI,45.9729
2024-02-06,JEPQ,39.4792
2024-02-06,JGLO,52.598
2024-02-06,JGRO,65.75
2024-02-06,JIRE,55.2618
2024-02-06,JMEE,52.0237
2024-02-06,JMST,47.0817
2024-02-06,JPIE,39.2939
2024-02-06,JPST,44.826
2024-02-07,BBRE,79.2367
2024-02-07,HELO,53.5793
2024-02-07,JAGG,41.3919
2024-02-07,JAVA,54.0378
2024-02-07,JBND,46.9295
2024-02-07,JCPB,41.1127
2024-02-07,JEMA,33.8908
2024-02-07,JEPI,46.0713
2024-02-07,JEPQ,39.7303
2024-02-07,JGLO,53.07
2024-02-07,JGRO,66.7275
2024-02-07,JIRE,55.2336
2024-02-07,JMEE,52.2197
2024-02-07,JMST,47.0817
2024-02-07,JPIE,39.3545
2024-02-07,JPST,44.826
2024-02-08,BBRE,80.017
2024-02-08,HELO,53.5498
2024-02-08,JAGG,41.3287
2024-02-08,JAVA,54.1633
2024-02-08,JBND,46.8132
2024-02-08,JCPB,41.0111
2024-02-08,JEMA,33.6158
2024-02-08,JEPI,46.0549
2024-02-08,JEPQ,39.7912
2024-02-08,JGLO,53.1446
2024-02-08,JGRO,66.9569
2024-02-08,JIRE,55.2336
2024-02-08,JMEE,52.7095
2024-02-08,JMST,47.1003
2024-02-08,JPIE,39.415
2024-02-08,JPST,44.8349
2024-02-09,BBRE,80.0532
2024-02-09,HELO,53.9632
2024-02-09,JAGG,41.2836
2024-02-09,JAVA,54.1633
2024-02-09,JBND,46.7775
2024-02-09,JCPB,40.9846
2024-02-09,JEMA,33.796
2024-02-09,JEPI,46.0713
2024-02-09,JEPQ,39.9357
2024-02-09,JGLO,53.446
2024-02-09,JGRO,67.6451
2024-02-09,JIRE,55.4691
2024-02-09,JMEE,53.1896
2024-02-09,JMST,47.0817
2024-02-09,JPIE,39.3199
2024-02-09,JPST,44.8438
2024-02-12,BBRE,80.0253
2024-02-12,HELO,53.6482
2024-02-12,JAGG,41.2836
2024-02-12,JAVA,54.4821
2024-02-12,JBND,46.7953
2024-02-12,JCPB,40.9846
2024-02-12,JEMA,34.033
2024-02-12,JEPI,46.0713
2024-02-12,JEPQ,39.8596
2024-02-12,JGLO,53.3898
2024-02-12,JGRO,67.2661
2024-02-12,JIRE,55.5068
2024-02-12,JMEE,53.7774
2024-02-12,JMST,47.1003
2024-02-12,JPIE,39.3631
2024-02-12,JPST,44.8527
2024-02-13,BBRE,78.4758
2024-02-13,HELO,53.4218
2024-02-13,JAGG,40.9227
2024-02-13,JAVA,53.6417
2024-02-13,JBND,46.4287
2024-02-13,JCPB,40.6313
2024-02-13,JEMA,33.3882
2024-02-13,JEPI,45.8334
2024-02-13,JEPQ,39.6542
2024-02-13,JGLO,52.692
2024-02-13,JGRO,66.2986
2024-02-13,JIRE,54.7342
2024-02-13,JMEE,52.3666
2024-02-13,JMST,47.0724
2024-02-13,JPIE,39.1987
2024-02-13,JPST,44.8349
2024-02-14,BBRE,79.0511
2024-02-14,HELO,53.6679
2024-02-14,JAGG,41.1031
2024-02-14,JAVA,53.9218
2024-02-14,JBND,46.5003
2024-02-14,JCPB,40.7991
2024-02-14,JEMA,33.8908
2024-02-14,JEPI,46.0877
2024-02-14,JEPQ,39.9433
2024-02-14,JGLO,53.4179
2024-02-14,JGRO,67.4257
2024-02-14,JIRE,55.3655
2024-02-14,JMEE,53.1798
2024-02-14,JMST,47.091
2024-02-14,JPIE,39.1641
2024-02-14,JPST,44.8438
2024-02-15,BBRE,80.9634
2024-02-15,HELO,53.7269
2024-02-15,JAGG,41.2024
2024-02-15,JAVA,54.7043
2024-02-15,JBND,46.6344
2024-02-15,JCPB,40.8698
2024-02-15,JEMA,34.071
2024-02-15,JEPI,46.2354
2024-02-15,JEPQ,39.9814
2024-02-15,JGLO,53.729
2024-02-15,JGRO,67.5753
2024-02-15,JIRE,56.0627
2024-02-15,JMEE,54.1889
2024-02-15,JMST,47.1328
2024-02-15,JPIE,39.2333
2024-02-15,JPST,44.8706
2024-02-16,BBRE,80.313
2024-02-16,HELO,53.6649
2024-02-16,JAGG,41.0761
2024-02-16,JAVA,54.5691
2024-02-16,JBND,46.5092
2024-02-16,JCPB,40.7815
2024-02-16,JEMA,34.1468
2024-02-16,JEPI,46.137
2024-02-16,JEPQ,39.8064
2024-02-16,JGLO,53.5129
2024-02-16,JGRO,67.1663
2024-02-16,JIRE,56.1758
2024-02-16,JMEE,53.6305
2024-02-16,JMST,47.1281
2024-02-16,JPIE,39.1901
2024-02-16,JPST,44.8616
2024-02-20,BBRE,80.0717
2024-02-20,HELO,53.5498
2024-02-20,JAGG,41.1122
2024-02-20,JAVA,54.4821
2024-02-20,JBND,46.5718
2024-02-20,JCPB,40.8256
2024-02-20,JEMA,34.2132
2024-02-20,JEPI,46.1616
2024-02-20,JEPQ,39.6086
2024-02-20,JGLO,53.1708
2024-02-20,JGRO,66.3285
2024-02-20,JIRE,56.4867
2024-02-20,JMEE,53.219
2024-02-20,JMST,47.1281
2024-02-20,JPIE,39.2593
2024-02-20,JPST,44.8884
2024-02-21,BBRE,80.7305
2024-02-21,HELO,53.5891
2024-02-21,JAGG,40.9678
2024-02-21,JAVA,54.7333
2024-02-21,JBND,46.4734
2024-02-21,JCPB,40.7108
2024-02-21,JEMA,34.2701
2024-02-21,JEPI,46.3585
2024-02-21,JEPQ,39.4944
2024-02-21,JGLO,53.3123
2024-02-21,JGRO,65.9694
2024-02-21,JIRE,56.5527
2024-02-21,JMEE,53.2386
2024-02-21,JMST,47.1374
2024-02-21,JPIE,39.1901
2024-02-21,JPST,44.8973
2024-02-22,BBRE,80.9068
2024-02-22,HELO,54.0616
2024-02-22,JAGG,41.0129
2024-02-22,JAVA,55.168
2024-02-22,JBND,46.4689
2024-02-22,JCPB,40.7373
2024-02-22,JEMA,34.6494
2024-02-22,JEPI,46.5718
2024-02-22,JEPQ,40.3085
2024-02-22,JGLO,54.4171
2024-02-22,JGRO,68.2336
2024-02-22,JIRE,57.184
2024-02-22,JMEE,53.895
2024-02-22,JMST,47.156
2024-02-22,JPIE,39.216
2024-02-22,JPST,44.8973
2024-02-23,BBRE,80.6562
2024-02-23,HELO,54.0715
2024-02-23,JAGG,41.1392
2024-02-23,JAVA,55.2259
2024-02-23,JBND,46.6701
2024-02-23,JCPB,40.9051
2024-02-23,JEMA,34.6304
2024-02-23,JEPI,46.6703
2024-02-23,JEPQ,40.3085
2024-02-23,JGLO,54.4752
2024-02-23,JGRO,68.1139
2024-02-23,JIRE,57.2499
2024-02-23,JMEE,54.0517
2024-02-23,JMST,47.1653
2024-02-23,JPIE,39.242
2024-02-23,JPST,44.9062
2024-02-26,BBRE,79.863
2024-02-26,HELO,54.0518
2024-02-26,JAGG,41.0761
2024-02-26,JAVA,54.9651
2024-02-26,JBND,46.6076
2024-02-26,JCPB,40.8433
2024-02-26,JEMA,34.4028
2024-02-26,JEPI,46.7031
2024-02-26,JEPQ,40.3466
2024-02-26,JGLO,54.4268
2024-02-26,JGRO,68.1039
2024-02-26,JIRE,57.1274
2024-02-26,JMEE,54.0028
2024-02-26,JMST,47.156
2024-02-26,JPIE,39.2117
2024-02-26,JPST,44.9151
2024-02-27,BBRE,79.9928
2024-02-27,HELO,54.1404
2024-02-27,JAGG,41.049
2024-02-27,JAVA,55.2066
2024-02-27,JBND,46.5539
2024-02-27,JCPB,40.7638
2024-02-27,JEMA,34.4028
2024-02-27,JEPI,46.6867
2024-02-27,JEPQ,40.415
2024-02-27,JGLO,54.388
2024-02-27,JGRO,68.2136
2024-02-27,JIRE,57.2405
2024-02-27,JMEE,54.2477
2024-02-27,JMST,47.1839
2024-02-27,JPIE,39.1901
2024-02-27,JPST,44.924
2024-02-28,BBRE,80.4326
2024-02-28,HELO,54.101
2024-02-28,JAGG,41.1031
2024-02-28,JAVA,55.1197
2024-02-28,JBND,46.6165
2024-02-28,JCPB,40.8433
2024-02-28,JEMA,34.071
2024-02-28,JEPI,46.7277
2024-02-28,JEPQ,40.3009
2024-02-28,JGLO,54.262
2024-02-28,JGRO,67.9543
2024-02-28,JIRE,56.9107
2024-02-28,JMEE,54.1693
2024-02-28,JMST,47.1931
2024-02-28,JPIE,39.2247
2024-02-28,JPST,44.9418
2024-02-29,BBRE,80.916
2024-02-29,HELO,54.1699
2024-02-29,JAGG,41.1753
2024-02-29,JAVA,55.2259
2024-02-29,JBND,46.7131
2024-02-29,JCPB,40.9316
2024-02-29,JEMA,34.052
2024-02-29,JEPI,46.7441
2024-02-29,JEPQ,40.5444
2024-02-29,JGLO,54.5237
2024-02-29,JGRO,68.5627
2024-02-29,JIRE,57.0049
2024-02-29,JMEE,54.5024
2024-02-29,JMST,47.2024
2024-02-29,JPIE,39.2593
2024-02-29,JPST,44.9507
2024-03-01,BBRE,81.8439
2024-03-01,HELO,54.4062
2024-03-01,JAGG,41.3547
2024-03-01,JAVA,55.5254
2024-03-01,JBND,46.8711
2024-03-01,JCPB,41.1002
2024-03-01,JEMA,34.4123
2024-03-01,JEPI,46.8687
2024-03-01,JEPQ,40.8126
2024-03-01,JGLO,55.047
2024-03-01,JGRO,69.5601
2024-03-01,JIRE,57.6174
2024-03-01,JMEE,54.8649
2024-03-01,JMST,47.1978
2024-03-01,JPIE,39.3593
2024-03-01,JPST,44.9633
2024-03-04,BBRE,82.5954
2024-03-04,HELO,54.3865
2024-03-04,JAGG,41.2913
2024-03-04,JAVA,55.6606
2024-03-04,JBND,46.8172
2024-03-04,JCPB,41.0381
2024-03-04,JEMA,34.4123
2024-03-04,JEPI,46.9264
2024-03-04,JEPQ,40.7819
2024-03-04,JGLO,55.0664
2024-03-04,JGRO,69.4504
2024-03-04,JIRE,57.5467
2024-03-04,JMEE,55.149
2024-03-04,JMST,47.2071
2024-03-04,JPIE,39.3245
2024-03-04,JPST,44.9633
2024-03-05,BBRE,81.5284
2024-03-05,HELO,54.229
2024-03-05,JAGG,41.4724
2024-03-05,JAVA,55.6316
2024-03-05,JBND,47.0318
2024-03-05,JCPB,41.242
2024-03-05,JEMA,34.0899
2024-03-05,JEPI,46.8274
2024-03-05,JEPQ,40.4677
2024-03-05,JGLO,54.6109
2024-03-05,JGRO,68.2635
2024-03-05,JIRE,57.5043
2024-03-05,JMEE,55.0119
2024-03-05,JMST,47.2257
2024-03-05,JPIE,39.3593
2024-03-05,JPST,44.9812
2024-03-06,BBRE,81.8624
2024-03-06,HELO,54.3372
2024-03-06,JAGG,41.563
2024-03-06,JAVA,55.9408
2024-03-06,JBND,47.1583
2024-03-06,JCPB,41.3396
2024-03-06,JEMA,34.5735
2024-03-06,JEPI,47.0089
2024-03-06,JEPQ,40.6823
2024-03-06,JGLO,55.0664
2024-03-06,JGRO,68.6325
2024-03-06,JIRE,58.1356
2024-03-06,JMEE,55.2764
2024-03-06,JMST,47.2257
2024-03-06,JPIE,39.4028
2024-03-06,JPST,44.9901
2024-03-07,BBRE,82.0758
2024-03-07,HELO,54.6424
2024-03-07,JAGG,41.6264
2024-03-07,JAVA,56.3658
2024-03-07,JBND,47.1943
2024-03-07,JCPB,41.3662
2024-03-07,JEMA,34.7537
2024-03-07,JEPI,47.1326
2024-03-07,JEPQ,41.0042
2024-03-07,JGLO,55.8126
2024-03-07,JGRO,69.6499
2024-03-07,JIRE,58.814
2024-03-07,JMEE,55.7467
2024-03-07,JMST,47.2537
2024-03-07,JPIE,39.4637
2024-03-07,JPST,45.017
2024-03-08,BBRE,82.9044
2024-03-08,HELO,54.4455
2024-03-08,JAGG,41.6626
2024-03-08,JAVA,56.2982
2024-03-08,JBND,47.2481
2024-03-08,JCPB,41.446
2024-03-08,JEMA,34.6873
2024-03-08,JEPI,47.0997
2024-03-08,JEPQ,40.7589
2024-03-08,JGLO,55.4541
2024-03-08,JGRO,68.7622
2024-03-08,JIRE,58.6256
2024-03-08,JMEE,55.5507
2024-03-08,JMST,47.2444
2024-03-08,JPIE,39.5333
2024-03-08,JPST,45.0349
2024-03-11,BBRE,82.5314
2024-03-11,HELO,54.3668
2024-03-11,JAGG,41.6354
2024-03-11,JAVA,56.4141
2024-03-11,JBND,47.1646
2024-03-11,JCPB,41.384
2024-03-11,JEMA,34.8011
2024-03-11,JEPI,47.0914
2024-03-11,JEPQ,40.6517
2024-03-11,JGLO,55.2118
2024-03-11,JGRO,68.084
2024-03-11,JIRE,58.1733
2024-03-11,JMEE,55.2568
2024-03-11,JMST,47.263
2024-03-11,JPIE,39.5246
2024-03-11,JPST,45.0259
2024-03-12,BBRE,82.382
2024-03-12,HELO,54.6719
2024-03-12,JAGG,41.5268
2024-03-12,JAVA,56.53
2024-03-12,JBND,47.0686
2024-03-12,JCPB,41.313
2024-03-12,JEMA,35.1795
2024-03-12,JEPI,47.2564
2024-03-12,JEPQ,41.0808
2024-03-12,JGLO,55.9386
2024-03-12,JGRO,69.4704
2024-03-12,JIRE,58.6915
2024-03-12,JMEE,55.4038
2024-03-12,JMST,47.2583
2024-03-12,JPIE,39.4724
2024-03-12,JPST,45.0259
2024-03-13,BBRE,81.9738
2024-03-13,HELO,54.5636
2024-03-13,JAGG,41.4724
2024-03-13,JAVA,56.588
2024-03-13,JBND,47.0057
2024-03-13,JCPB,41.2775
2024-03-13,JEMA,35.0998
2024-03-13,JEPI,47.3224
2024-03-13,JEPQ,40.9658
2024-03-13,JGLO,55.8999
2024-03-13,JGRO,69.3008
2024-03-13,JIRE,58.7575
2024-03-13,JMEE,55.6585
2024-03-13,JMST,47.2723
2024-03-13,JPIE,39.4811
2024-03-13,JPST,45.017
2024-03-14,BBRE,80.6191
2024-03-14,HELO,54.6326
2024-03-14,JAGG,41.2189
2024-03-14,JAVA,56.2499
2024-03-14,JBND,46.7274
2024-03-14,JCPB,41.0115
2024-03-14,JEMA,34.8959
2024-03-14,JEPI,47.2894
2024-03-14,JEPQ,40.9199
2024-03-14,JGLO,55.7642
2024-03-14,JGRO,69.3307
2024-03-14,JIRE,58.3146
2024-03-14,JMEE,54.9629
2024-03-14,JMST,47.2257
2024-03-14,JPIE,39.3941
2024-03-14,JPST,45.0438
2024-03-15,BBRE,80.5171
2024-03-15,HELO,54.4554
2024-03-15,JAGG,41.1646
2024-03-15,JAVA,56.1436
2024-03-15,JBND,46.7274
2024-03-15,JCPB,41.0026
2024-03-15,JEMA,34.6096
2024-03-15,JEPI,47.0007
2024-03-15,JEPQ,40.5444
2024-03-15,JGLO,55.4541
2024-03-15,JGRO,68.453
2024-03-15,JIRE,58.3618
2024-03-15,JMEE,54.9923
2024-03-15,JMST,47.2444
2024-03-15,JPIE,39.368
2024-03-15,JPST,45.0438
2024-03-18,BBRE,80.6284
2024-03-18,HELO,54.5636
2024-03-18,JAGG,41.1193
2024-03-18,JAVA,56.2982
2024-03-18,JBND,46.6736
2024-03-18,JCPB,40.9582
2024-03-18,JEMA,34.6968
2024-03-18,JEPI,47.1409
2024-03-18,JEPQ,40.8585
2024-03-18,JGLO,55.4831
2024-03-18,JGRO,68.9417
2024-03-18,JIRE,58.4183
2024-03-18,JMEE,54.8649
2024-03-18,JMST,47.2723
2024-03-18,JPIE,39.368
2024-03-18,JPST,45.0528
2024-03-19,BBRE,80.6564
2024-03-19,HELO,54.7637
2024-03-19,JAGG,41.237
2024-03-19,JAVA,56.5123
2024-03-19,JBND,46.7095
2024-03-19,JCPB,41.0647
2024-03-19,JEMA,34.5166
2024-03-19,JEPI,47.3471
2024-03-19,JEPQ,40.9888
2024-03-19,JGLO,55.677
2024-03-19,JGRO,69.3806
2024-03-19,JIRE,58.5125
2024-03-19,JMEE,55.2764
2024-03-19,JMST,47.291
2024-03-19,JPIE,39.4115
2024-03-19,JPST,45.0796
2024-03-20,BBRE,81.1046
2024-03-20,HELO,55.0396
2024-03-20,JAGG,41.3276
2024-03-20,JAVA,56.9772
2024-03-20,JBND,46.7454
2024-03-20,JCPB,41.1312
2024-03-20,JEMA,34.9339
2024-03-20,JEPI,47.4708
2024-03-20,JEPQ,41.326
2024-03-20,JGLO,56.1296
2024-03-20,JGRO,70.2783
2024-03-20,JIRE,59.059
2024-03-20,JMEE,56.0798
2024-03-20,JMST,47.263
2024-03-20,JPIE,39.5072
2024-03-20,JPST,45.0886
2024-03-21,BBRE,81.8048
2024-03-21,HELO,54.9903
2024-03-21,JAGG,41.3547
2024-03-21,JAVA,57.3841
2024-03-21,JBND,46.8154
2024-03-21,JCPB,41.18
2024-03-21,JEMA,34.8675
2024-03-21,JEPI,47.5286
2024-03-21,JEPQ,41.5099
2024-03-21,JGLO,56.2827
2024-03-21,JGRO,70.6773
2024-03-21,JIRE,59.0402
2024-03-21,JMEE,56.5403
2024-03-21,JMST,47.263
2024-03-21,JPIE,39.5246
2024-03-21,JPST,45.1154
2024-03-22,BBRE,80.6004
2024-03-22,HELO,55.1085
2024-03-22,JAGG,41.4906
2024-03-22,JAVA,57.1225
2024-03-22,JBND,46.9698
2024-03-22,JCPB,41.3041
2024-03-22,JEMA,34.6115
2024-03-22,JEPI,47.3966
2024-03-22,JEPQ,41.5789
2024-03-22,JGLO,56.1228
2024-03-22,JGRO,70.757
2024-03-22,JIRE,58.8611
2024-03-22,JMEE,56.2953
2024-03-22,JMST,47.263
2024-03-22,JPIE,39.5768
2024-03-22,JPST,45.1154
2024-03-25,BBRE,79.9935
2024-03-25,HELO,55.0297
2024-03-25,JAGG,41.4181
2024-03-25,JAVA,57.0741
2024-03-25,JBND,46.9429
2024-03-25,JCPB,41.242
2024-03-25,JEMA,34.6209
2024-03-25,JEPI,47.3306
2024-03-25,JEPQ,41.5329
2024-03-25,JGLO,55.9193
2024-03-25,JGRO,70.5177
2024-03-25,JIRE,58.7575
2024-03-25,JMEE,56.2463
2024-03-25,JMST,47.2537
2024-03-25,JPIE,39.5855
2024-03-25,JPST,45.1244
2024-03-26,BBRE,79.6294
2024-03-26,HELO,55.0396
2024-03-26,JAGG,41.4272
2024-03-26,JAVA,56.9869
2024-03-26,JBND,47.0057
2024-03-26,JCPB,41.2908
2024-03-26,JEMA,34.583
2024-03-26,JEPI,47.3636
2024-03-26,JEPQ,41.4946
2024-03-26,JGLO,55.7448
2024-03-26,JGRO,70.2783
2024-03-26,JIRE,58.88
2024-03-26,JMEE,56.1386
2024-03-26,JMST,47.263
2024-03-26,JPIE,39.5594
2024-03-26,JPST,45.1423
2024-03-27,BBRE,81.7488
2024-03-27,HELO,55.079
2024-03-27,JAGG,41.5811
2024-03-27,JAVA,57.849
2024-03-27,JBND,47.1224
2024-03-27,JCPB,41.3973
2024-03-27,JEMA,34.7158
2024-03-27,JEPI,47.6523
2024-03-27,JEPQ,41.6019
2024-03-27,JGLO,56.1906
2024-03-27,JGRO,70.2384
2024-03-27,JIRE,59.2475
2024-03-27,JMEE,57.1575
2024-03-27,JMST,47.2537
2024-03-27,JPIE,39.6203
2024-03-27,JPST,45.1602
2024-03-28,BBRE,82.6077
2024-03-28,HELO,55.1479
2024-03-28,JAGG,41.5358
2024-03-28,JAVA,58.0137
2024-03-28,JBND,47.1583
2024-03-28,JCPB,41.3707
2024-03-28,JEMA,34.7537
2024-03-28,JEPI,47.7265
2024-03-28,JEPQ,41.5635
2024-03-28,JGLO,55.6382
2024-03-28,JGRO,70.0289
2024-03-28,JIRE,59.0025
2024-03-28,JMEE,57.3436
2024-03-28,JMST,47.2723
2024-03-28,JPIE,39.629
2024-03-28,JPST,45.1512
2024-04-01,BBRE,81.1886
2024-04-01,HELO,55.0593
2024-04-01,JAGG,41.2345
2024-04-01,JAVA,57.8006
2024-04-01,JBND,46.7951
2024-04-01,JCPB,41.0964
2024-04-01,JEMA,34.8201
2024-04-01,JEPI,47.5232
2024-04-01,JEPQ,41.6539
2024-04-01,JGLO,56.0743
2024-04-01,JGRO,70.1985
2024-04-01,JIRE,58.7763
2024-04-01,JMEE,56.9713
2024-04-01,JMST,47.263
2024-04-01,JPIE,39.5293
2024-04-01,JPST,45.1521
2024-04-02,BBRE,80.0869
2024-04-02,HELO,54.8721
2024-04-02,JAGG,41.18
2024-04-02,JAVA,57.3744
2024-04-02,JBND,46.75
2024-04-02,JCPB,41.0519
2024-04-02,JEMA,34.9054
2024-04-02,JEPI,47.4237
2024-04-02,JEPQ,41.3759
2024-04-02,JGLO,55.7981
2024-04-02,JGRO,69.7397
2024-04-02,JIRE,58.3618
2024-04-02,JMEE,56.2072
2024-04-02,JMST,47.2536
2024-04-02,JPIE,39.4943
2024-04-02,JPST,45.1701
2024-04-03,BBRE,80.1429
2024-04-03,HELO,54.9016
2024-04-03,JAGG,41.2164
2024-04-03,JAVA,57.4325
2024-04-03,JBND,46.786
2024-04-03,JCPB,41.0786
2024-04-03,JEMA,35.0571
2024-04-03,JEPI,47.3739
2024-04-03,JEPQ,41.4608
2024-04-03,JGLO,55.803
2024-04-03,JGRO,70.1087
2024-04-03,JIRE,58.6538
2024-04-03,JMEE,56.4129
2024-04-03,JMST,47.2536
2024-04-03,JPIE,39.5293
2024-04-03,JPST,45.1881
2024-04-04,BBRE,79.6668
2024-04-04,HELO,54.5666
2024-04-04,JAGG,41.3254
2024-04-04,JAVA,56.8029
2024-04-04,JBND,46.8852
2024-04-04,JCPB,41.1587
2024-04-04,JEMA,34.9718
2024-04-04,JEPI,47.042
2024-04-04,JEPQ,40.951
2024-04-04,JGLO,55.2312
2024-04-04,JGRO,69.1113
2024-04-04,JIRE,58.1733
2024-04-04,JMEE,55.9034
2024-04-04,JMST,47.277
2024-04-04,JPIE,39.5818
2024-04-04,JPST,45.215
2024-04-05,BBRE,80.1616
2024-04-05,HELO,54.941
2024-04-05,JAGG,41.0982
2024-04-05,JAVA,57.171
2024-04-05,JBND,46.7049
2024-04-05,JCPB,40.9806
2024-04-05,JEMA,34.9339
2024-04-05,JEPI,47.3573
2024-04-05,JEPQ,41.3913
2024-04-05,JGLO,55.7254
2024-04-05,JGRO,70.3381
2024-04-05,JIRE,58.2675
2024-04-05,JMEE,56.3051
2024-04-05,JMST,47.249
2024-04-05,JPIE,39.5468
2024-04-05,JPST,45.2061
2024-04-08,BBRE,81.2885
2024-04-08,HELO,54.945
2024-04-08,JAGG,41.071
2024-04-08,JAVA,57.3066
2024-04-08,JBND,46.6328
2024-04-08,JCPB,40.9361
2024-04-08,JEMA,35.0856
2024-04-08,JEPI,47.4651
2024-04-08,JEPQ,41.4531
2024-04-08,JGLO,55.6925
2024-04-08,JGRO,70.2085
2024-04-08,JIRE,58.6162
2024-04-08,JMEE,56.5599
2024-04-08,JMST,47.2723
2024-04-08,JPIE,39.538
2024-04-08,JPST,45.2061
2024-04-09,BBRE,82.2277
2024-04-09,HELO,54.941
2024-04-09,JAGG,41.2209
2024-04-09,JAVA,57.4422
2024-04-09,JBND,46.8131
2024-04-09,JCPB,41.0875
2024-04-09,JEMA,35.3701
2024-04-09,JEPI,47.4735
2024-04-09,JEPQ,41.5458
2024-04-09,JGLO,55.706
2024-04-09,JGRO,70.0489
2024-04-09,JIRE,58.5879
2024-04-09,JMEE,56.648
2024-04-09,JMST,47.2817
2024-04-09,JPIE,39.573
2024-04-09,JPST,45.224
2024-04-10,BBRE,79.2466
2024-04-10,HELO,54.7144
2024-04-10,JAGG,40.7257
2024-04-10,JAVA,56.6576
2024-04-10,JBND,46.3173
2024-04-10,JCPB,40.6244
2024-04-10,JEMA,34.8485
2024-04-10,JEPI,47.0337
2024-04-10,JEPQ,41.2754
2024-04-10,JGLO,55.3232
2024-04-10,JGRO,69.6699
2024-04-10,JIRE,57.9001
2024-04-10,JMEE,55.3842
2024-04-10,JMST,47.2443
2024-04-10,JPIE,39.3894
2024-04-10,JPST,45.1881
2024-04-11,BBRE,79.396
2024-04-11,HELO,55.0198
2024-04-11,JAGG,40.7257
2024-04-11,JAVA,56.5413
2024-04-11,JBND,46.2993
2024-04-11,JCPB,40.571
2024-04-11,JEMA,35.0856
2024-04-11,JEPI,47.1415
2024-04-11,JEPQ,41.7929
2024-04-11,JGLO,55.6634
2024-04-11,JGRO,70.5177
2024-04-11,JIRE,58.0697
2024-04-11,JMEE,55.443
2024-04-11,JMST,47.2723
2024-04-11,JPIE,39.3632
2024-04-11,JPST,45.2061
2024-04-12,BBRE,78.4932
2024-04-12,HELO,54.5962
2024-04-12,JAGG,40.8302
2024-04-12,JAVA,55.6792
2024-04-12,JBND,46.4074
2024-04-12,JCPB,40.6868
2024-04-12,JEMA,34.327
2024-04-12,JEPI,46.6353
2024-04-12,JEPQ,41.2445
2024-04-12,JGLO,54.8338
2024-04-12,JGRO,69.4006
2024-04-12,JIRE,57.1745
2024-04-12,JMEE,54.5906
2024-04-12,JMST,47.2817
2024-04-12,JPIE,39.3544
2024-04-12,JPST,45.215
2024-04-15,BBRE,77.2673
2024-04-15,HELO,54.2119
2024-04-15,JAGG,40.5531
2024-04-15,JAVA,55.408
2024-04-15,JBND,46.164
2024-04-15,JCPB,40.4552
2024-04-15,JEMA,34.1297
2024-04-15,JEPI,46.2121
2024-04-15,JEPQ,40.6344
2024-04-15,JGLO,54.262
2024-04-15,JGRO,68.1239
2024-04-15,JIRE,57.1086
2024-04-15,JMEE,54.0811
2024-04-15,JMST,47.2723
2024-04-15,JPIE,39.3107
2024-04-15,JPST,45.224
2024-04-16,BBRE,76.2683
2024-04-16,HELO,54.1528
2024-04-16,JAGG,40.4349
2024-04-16,JAVA,55.1271
2024-04-16,JBND,46.0622
2024-04-16,JCPB,40.3127
2024-04-16,JEMA,33.6822
2024-04-16,JEPI,46.2204
2024-04-16,JEPQ,40.6962
2024-04-16,JGLO,54.1651
2024-04-16,JGRO,68.2136
2024-04-16,JIRE,56.5998
2024-04-16,JMEE,53.7872
2024-04-16,JMST,47.3003
2024-04-16,JPIE,39.2058
2024-04-16,JPST,45.233
2024-04-17,BBRE,75.6522
2024-04-17,HELO,53.9853
2024-04-17,JAGG,40.6439
2024-04-17,JAVA,55.098
2024-04-17,JBND,46.2722
2024-04-17,JCPB,40.522
2024-04-17,JEMA,33.7267
2024-04-17,JEPI,46.1209
2024-04-17,JEPQ,40.2482
2024-04-17,JGLO,54.0101
2024-04-17,JGRO,67.4456
2024-04-17,JIRE,56.6846
2024-04-17,JMEE,53.3365
2024-04-17,JMST,47.319
2024-04-17,JPIE,39.1796
2024-04-17,JPST,45.251
2024-04-18,BBRE,75.7306
2024-04-18,HELO,53.867
2024-04-18,JAGG,40.5349
2024-04-18,JAVA,55.1271
2024-04-18,JBND,46.11
2024-04-18,JCPB,40.4018
2024-04-18,JEMA,33.8718
2024-04-18,JEPI,46.0296
2024-04-18,JEPQ,40.0628
2024-04-18,JGLO,53.9131
2024-04-18,JGRO,67.0566
2024-04-18,JIRE,56.4396
2024-04-18,JMEE,53.2092
2024-04-18,JMST,47.3302
2024-04-18,JPIE,39.2495
2024-04-18,JPST,45.251
2024-04-19,BBRE,76.1376
2024-04-19,HELO,53.532
2024-04-19,JAGG,40.5712
2024-04-19,JAVA,55.5242
2024-04-19,JBND,46.155
2024-04-19,JCPB,40.4552
2024-04-19,JEMA,33.6442
2024-04-19,JEPI,46.013
2024-04-19,JEPQ,39.2673
2024-04-19,JGLO,53.4964
2024-04-19,JGRO,65.4308
2024-04-19,JIRE,56.4113
2024-04-19,JMEE,53.4639
2024-04-19,JMST,47.3237
2024-04-19,JPIE,39.3107
2024-04-19,JPST,45.251
2024-04-22,BBRE,76.8099
2024-04-22,HELO,53.8867
2024-04-22,JAGG,40.5985
2024-04-22,JAVA,56.0279
2024-04-22,JBND,46.1911
2024-04-22,JCPB,40.4998
2024-04-22,JEMA,33.9097
2024-04-22,JEPI,46.403
2024-04-22,JEPQ,39.6303
2024-04-22,JGLO,53.9325
2024-04-22,JGRO,66.0692
2024-04-22,JIRE,57.1745
2024-04-22,JMEE,53.9636
2024-04-22,JMST,47.3284
2024-04-22,JPIE,39.35
2024-04-22,JPST,45.269
2024-04-23,BBRE,77.5848
2024-04-23,HELO,54.3695
2024-04-23,JAGG,40.6803
2024-04-23,JAVA,56.5898
2024-04-23,JBND,46.2812
2024-04-23,JCPB,40.571
2024-04-23,JEMA,34.1942
2024-04-23,JEPI,46.7681
2024-04-23,JEPQ,40.2405
2024-04-23,JGLO,54.5818
2024-04-23,JGRO,67.3359
2024-04-23,JIRE,57.9189
2024-04-23,JMEE,54.767
2024-04-23,JMST,47.3377
2024-04-23,JPIE,39.4419
2024-04-23,JPST,45.287
2024-04-24,BBRE,77.5568
2024-04-24,HELO,54.3991
2024-04-24,JAGG,40.5803
2024-04-24,JAVA,56.5801
2024-04-24,JBND,46.164
2024-04-24,JCPB,40.4908
2024-04-24,JEMA,34.4218
2024-04-24,JEPI,46.8179
2024-04-24,JEPQ,40.3409
2024-04-24,JGLO,54.5043
2024-04-24,JGRO,67.1264
2024-04-24,JIRE,57.7587
2024-04-24,JMEE,54.7082
2024-04-24,JMST,47.3284
2024-04-24,JPIE,39.4419
2024-04-24,JPST,45.287
2024-04-25,BBRE,77.0806
2024-04-25,HELO,54.1823
2024-04-25,JAGG,40.4622
2024-04-25,JAVA,56.4251
2024-04-25,JBND,46.0198
2024-04-25,JCPB,40.3528
2024-04-25,JEMA,34.4408
2024-04-25,JEPI,46.5607
2024-04-25,JEPQ,40.1169
2024-04-25,JGLO,54.2039
2024-04-25,JGRO,66.6776
2024-04-25,JIRE,57.5232
2024-04-25,JMEE,54.4534
2024-04-25,JMST,47.3377
2024-04-25,JPIE,39.3457
2024-04-25,JPST,45.3049
2024-04-26,BBRE,77.1833
2024-04-26,HELO,54.6356
2024-04-26,JAGG,40.5531
2024-04-26,JAVA,56.4832
2024-04-26,JBND,46.119
2024-04-26,JCPB,40.433
2024-04-26,JEMA,34.8201
2024-04-26,JEPI,46.7017
2024-04-26,JEPQ,40.673
2024-04-26,JGLO,54.5237
2024-04-26,JGRO,67.8246
2024-04-26,JIRE,57.9566
2024-04-26,JMEE,54.6984
2024-04-26,JMST,47.3284
2024-04-26,JPIE,39.3894
2024-04-26,JPST,45.3139
2024-04-29,BBRE,77.9209
2024-04-29,HELO,54.7243
2024-04-29,JAGG,40.6621
2024-04-29,JAVA,56.7351
2024-04-29,JBND,46.2362
2024-04-29,JCPB,40.5621
2024-04-29,JEMA,35.1235
2024-04-29,JEPI,46.8345
2024-04-29,JEPQ,40.8429
2024-04-29,JGLO,54.5915
2024-04-29,JGRO,67.7548
2024-04-29,JIRE,58.2204
2024-04-29,JMEE,55.0021
2024-04-29,JMST,47.3657
2024-04-29,JPIE,39.4856
2024-04-29,JPST,45.3319
2024-04-30,BBRE,76.7072
2024-04-30,HELO,54.202
2024-04-30,JAGG,40.4894
2024-04-30,JAVA,56.0473
2024-04-30,JBND,46.11
2024-04-30,JCPB,40.4196
2024-04-30,JEMA,34.6589
2024-04-30,JEPI,46.4113
2024-04-30,JEPQ,40.1941
2024-04-30,JGLO,53.8259
2024-04-30,JGRO,66.6676
2024-04-30,JIRE,57.3347
2024-04-30,JMEE,54.0322
2024-04-30,JMST,47.3517
2024-04-30,JPIE,39.3894
2024-04-30,JPST,45.3319
2024-05-01,BBRE,76.5578
2024-05-01,HELO,54.0345
2024-05-01,JAGG,40.6408
2024-05-01,JAVA,55.8632
2024-05-01,JBND,46.2421
2024-05-01,JCPB,40.552
2024-05-01,JEMA,34.7727
2024-05-01,JEPI,46.3245
2024-05-01,JEPQ,39.9691
2024-05-01,JGLO,53.6515
2024-05-01,JGRO,66.4282
2024-05-01,JIRE,57.2499
2024-05-01,JMEE,54.0811
2024-05-01,JMST,47.4079
2024-05-01,JPIE,39.472
2024-05-01,JPST,45.3473
2024-05-02,BBRE,77.6968
2024-05-02,HELO,54.3104
2024-05-02,JAGG,40.7958
2024-05-02,JAVA,56.2507
2024-05-02,JBND,46.3779
2024-05-02,JCPB,40.7309
2024-05-02,JEMA,35.4744
2024-05-02,JEPI,46.4831
2024-05-02,JEPQ,40.4208
2024-05-02,JGLO,54.2426
2024-05-02,JGRO,67.1264
2024-05-02,JIRE,57.966
2024-05-02,JMEE,54.8257
2024-05-02,JMST,47.3892
2024-05-02,JPIE,39.5951
2024-05-02,JPST,45.3743
2024-05-03,BBRE,78.2197
2024-05-03,HELO,54.8622
2024-05-03,JAGG,41.0056
2024-05-03,JAVA,56.6091
2024-05-03,JBND,46.6495
2024-05-03,JCPB,40.9367
2024-05-03,JEMA,35.8252
2024-05-03,JEPI,46.7919
2024-05-03,JEPQ,41.0828
2024-05-03,JGLO,54.9695
2024-05-03,JGRO,68.2037
2024-05-03,JIRE,58.4466
2024-05-03,JMEE,55.3352
2024-05-03,JMST,47.422
2024-05-03,JPIE,39.6917
2024-05-03,JPST,45.4014
2024-05-06,BBRE,78.468
2024-05-06,HELO,55.2563
2024-05-06,JAGG,41.0329
2024-05-06,JAVA,57.1031
2024-05-06,JBND,46.6676
2024-05-06,JCPB,40.9725
2024-05-06,JEMA,35.9295
2024-05-06,JEPI,47.0507
2024-05-06,JEPQ,41.4722
2024-05-06,JGLO,55.4347
2024-05-06,JGRO,69.4405
2024-05-06,JIRE,58.8423
2024-05-06,JMEE,56.0798
2024-05-06,JMST,47.4361
2024-05-06,JPIE,39.7445
2024-05-06,JPST,45.4014
2024-05-07,BBRE,79.1962
2024-05-07,HELO,55.414
2024-05-07,JAGG,41.1059
2024-05-07,JAVA,57.2484
2024-05-07,JBND,46.7943
2024-05-07,JCPB,41.0619
2024-05-07,JEMA,35.6925
2024-05-07,JEPI,47.2844
2024-05-07,JEPQ,41.48
2024-05-07,JGLO,55.6091
2024-05-07,JGRO,69.3806
2024-05-07,JIRE,59.0307
2024-05-07,JMEE,56.2561
2024-05-07,JMST,47.4548
2024-05-07,JPIE,39.7445
2024-05-07,JPST,45.4105
2024-05-08,BBRE,78.3877
2024-05-08,HELO,55.4337
2024-05-08,JAGG,41.0603
2024-05-08,JAVA,57.2969
2024-05-08,JBND,46.7219
2024-05-08,JCPB,40.9948
2024-05-08,JEMA,35.6071
2024-05-08,JEPI,47.3762
2024-05-08,JEPQ,41.5033
2024-05-08,JGLO,55.677
2024-05-08,JGRO,69.1911
2024-05-08,JIRE,58.9459
2024-05-08,JMEE,56.0406
2024-05-08,JMST,47.4454
2024-05-08,JPIE,39.7269
2024-05-08,JPST,45.4105
2024-05-09,BBRE,79.987
2024-05-09,HELO,55.6307
2024-05-09,JAGG,41.1241
2024-05-09,JAVA,57.82
2024-05-09,JBND,46.8034
2024-05-09,JCPB,41.0619
2024-05-09,JEMA,35.7399
2024-05-09,JEPI,47.6016
2024-05-09,JEPQ,41.5656
2024-05-09,JGLO,56.0355
2024-05-09,JGRO,69.4205
2024-05-09,JIRE,59.4453
2024-05-09,JMEE,56.6284
2024-05-09,JMST,47.4735
2024-05-09,JPIE,39.7357
2024-05-09,JPST,45.4375
2024-05-10,BBRE,79.8236
2024-05-10,HELO,55.7096
2024-05-10,JAGG,41.0329
2024-05-10,JAVA,57.9653
2024-05-10,JBND,46.7219
2024-05-10,JCPB,40.9814
2024-05-10,JEMA,35.7683
2024-05-10,JEPI,47.66
2024-05-10,JEPQ,41.6513
2024-05-10,JGLO,56.2197
2024-05-10,JGRO,69.5103
2024-05-10,JIRE,59.549
2024-05-10,JMEE,56.5011
2024-05-10,JMST,47.4829
2024-05-10,JPIE,39.7269
2024-05-10,JPST,45.4285
2024-05-13,BBRE,80.0813
2024-05-13,HELO,55.6997
2024-05-13,JAGG,41.0876
2024-05-13,JAVA,57.8878
2024-05-13,JBND,46.731
2024-05-13,JCPB,41.0261
2024-05-13,JEMA,36.0244
2024-05-13,JEPI,47.6266
2024-05-13,JEPQ,41.6825
2024-05-13,JGLO,56.2003
2024-05-13,JGRO,69.3307
2024-05-13,JIRE,59.5395
2024-05-13,JMEE,56.4031
2024-05-13,JMST,47.4548
2024-05-13,JPIE,39.7269
2024-05-13,JPST,45.4466
2024-05-14,BBRE,80.8151
2024-05-14,HELO,55.8968
2024-05-14,JAGG,41.1971
2024-05-14,JAVA,58.1009
2024-05-14,JBND,46.8577
2024-05-14,JCPB,41.1245
2024-05-14,JEMA,36.2045
2024-05-14,JEPI,47.66
2024-05-14,JEPQ,41.8071
2024-05-14,JGLO,56.5104
2024-05-14,JGRO,69.7696
2024-05-14,JIRE,59.9259
2024-05-14,JMEE,56.9028
2024-05-14,JMST,47.4829
2024-05-14,JPIE,39.7621
2024-05-14,JPST,45.4556
2024-05-15,BBRE,81.7861
2024-05-15,HELO,56.35
2024-05-15,JAGG,41.4797
2024-05-15,JAVA,58.4593
2024-05-15,JBND,47.1565
2024-05-15,JCPB,41.3929
2024-05-15,JEMA,36.5933
2024-05-15,JEPI,47.7852
2024-05-15,JEPQ,42.1264
2024-05-15,JGLO,57.0822
2024-05-15,JGRO,71.0463
2024-05-15,JIRE,60.5477
2024-05-15,JMEE,57.1085
2024-05-15,JMST,47.4829
2024-05-15,JPIE,39.8763
2024-05-15,JPST,45.4827
2024-05-16,BBRE,81.6181
2024-05-16,HELO,56.2712
2024-05-16,JAGG,41.3977
2024-05-16,JAVA,58.3818
2024-05-16,JBND,47.1112
2024-05-16,JCPB,41.3393
2024-05-16,JEMA,36.6597
2024-05-16,JEPI,47.8019
2024-05-16,JEPQ,42.1108
2024-05-16,JGLO,56.9272
2024-05-16,JGRO,70.5276
2024-05-16,JIRE,60.2933
2024-05-16,JMEE,56.8832
2024-05-16,JMST,47.511
2024-05-16,JPIE,39.8499
2024-05-16,JPST,45.4917
2024-05-17,BBRE,81.6787
2024-05-17,HELO,56.3106
2024-05-17,JAGG,41.2882
2024-05-17,JAVA,58.5852
2024-05-17,JBND,47.0207
2024-05-17,JCPB,41.2543
2024-05-17,JEMA,36.8209
2024-05-17,JEPI,47.902
2024-05-17,JEPQ,42.1497
2024-05-17,JGLO,56.9272
2024-05-17,JGRO,70.5775
2024-05-17,JIRE,60.5477
2024-05-17,JMEE,56.893
2024-05-17,JMST,47.5082
2024-05-17,JPIE,39.8499
2024-05-17,JPST,45.4917
2024-05-20,BBRE,81.2913
2024-05-20,HELO,56.3697
2024-05-20,JAGG,41.2427
2024-05-20,JAVA,58.3721
2024-05-20,JBND,46.9845
2024-05-20,JCPB,41.2051
2024-05-20,JEMA,36.6407
2024-05-20,JEPI,47.8436
2024-05-20,JEPQ,42.2354
2024-05-20,JGLO,56.9853
2024-05-20,JGRO,71.1061
2024-05-20,JIRE,60.6137
2024-05-20,JMEE,56.9126
2024-05-20,JMST,47.511
2024-05-20,JPIE,39.8763
2024-05-20,JPST,45.5008
2024-05-21,BBRE,81.2166
2024-05-21,HELO,56.488
2024-05-21,JAGG,41.3338
2024-05-21,JAVA,58.4109
2024-05-21,JBND,47.0659
2024-05-21,JCPB,41.3169
2024-05-21,JEMA,36.3468
2024-05-21,JEPI,47.7601
2024-05-21,JEPQ,42.2666
2024-05-21,JGLO,57.0241
2024-05-21,JGRO,71.2757
2024-05-21,JIRE,60.4629
2024-05-21,JMEE,56.8636
2024-05-21,JMST,47.511
2024-05-21,JPIE,39.8763
2024-05-21,JPST,45.5188
2024-05-22,BBRE,80.4604
2024-05-22,HELO,56.3402
2024-05-22,JAGG,41.2974
2024-05-22,JAVA,58.2074
2024-05-22,JBND,47.0026
2024-05-22,JCPB,41.2498
2024-05-22,JEMA,36.2425
2024-05-22,JEPI,47.7935
2024-05-22,JEPQ,42.2198
2024-05-22,JGLO,56.869
2024-05-22,JGRO,71.0563
2024-05-22,JIRE,59.8505
2024-05-22,JMEE,56.4227
2024-05-22,JMST,47.511
2024-05-22,JPIE,39.8324
2024-05-22,JPST,45.5098
2024-05-23,BBRE,78.8442
2024-05-23,HELO,56.1037
2024-05-23,JAGG,41.1606
2024-05-23,JAVA,57.4034
2024-05-23,JBND,46.8577
2024-05-23,JCPB,41.1245
2024-05-23,JEMA,35.9864
2024-05-23,JEPI,47.5097
2024-05-23,JEPQ,42.2198
2024-05-23,JGLO,56.5686
2024-05-23,JGRO,70.9964
2024-05-23,JIRE,59.5961
2024-05-23,JMEE,55.7271
2024-05-23,JMST,47.511
2024-05-23,JPIE,39.7796
2024-05-23,JPST,45.5278
2024-05-24,BBRE,78.862
2024-05-24,HELO,56.3697
2024-05-24,JAGG,41.1971
2024-05-24,JAVA,57.7328
2024-05-24,JBND,46.9301
2024-05-24,JCPB,41.1782
2024-05-24,JEMA,36.0433
2024-05-24,JEPI,47.5097
2024-05-24,JEPQ,42.3522
2024-05-24,JGLO,57.0434
2024-05-24,JGRO,71.6348
2024-05-24,JIRE,60.0766
2024-05-24,JMEE,56.2757
2024-05-24,JMST,47.5017
2024-05-24,JPIE,39.806
2024-05-24,JPST,45.5459
2024-05-28,BBRE,78.425
2024-05-28,HELO,56.4091
2024-05-28,JAGG,41.0056
2024-05-28,JAVA,57.4325
2024-05-28,JBND,46.7762
2024-05-28,JCPB,40.9993
2024-05-28,JEMA,36.0813
2024-05-28,JEPI,47.2343
2024-05-28,JEPQ,42.4846
2024-05-28,JGLO,57.0338
2024-05-28,JGRO,71.8642
2024-05-28,JIRE,60.0672
2024-05-28,JMEE,55.9818
2024-05-28,JMST,47.4923
2024-05-28,JPIE,39.7796
2024-05-28,JPST,45.5549
2024-05-29,BBRE,77.6781
2024-05-29,HELO,56.1333
2024-05-29,JAGG,40.8779
2024-05-29,JAVA,56.7447
2024-05-29,JBND,46.559
2024-05-29,JCPB,40.8383
2024-05-29,JEMA,35.5284
2024-05-29,JEPI,46.9755
2024-05-29,JEPQ,42.4145
2024-05-29,JGLO,56.5298
2024-05-29,JGRO,71.535
2024-05-29,JIRE,59.0873
2024-05-29,JMEE,55.3156
2024-05-29,JMST,47.5204
2024-05-29,JPIE,39.6917
2024-05-29,JPST,45.5459
2024-05-30,BBRE,78.7798
2024-05-30,HELO,55.818
2024-05-30,JAGG,41.0329
2024-05-30,JAVA,57.0547
2024-05-30,JBND,46.7581
2024-05-30,JCPB,40.9993
2024-05-30,JEMA,35.427
2024-05-30,JEPI,46.9672
2024-05-30,JEPQ,42.1186
2024-05-30,JGLO,56.2197
2024-05-30,JGRO,70.4279
2024-05-30,JIRE,59.6149
2024-05-30,JMEE,55.8643
2024-05-30,JMST,47.496
2024-05-30,JPIE,39.7445
2024-05-30,JPST,45.564
2024-05-31,BBRE,80.2923
2024-05-31,HELO,56.2219
2024-05-31,JAGG,41.188
2024-05-31,JAVA,57.9362
2024-05-31,JBND,46.912
2024-05-31,JCPB,41.1782
2024-05-31,JEMA,35.1046
2024-05-31,JEPI,47.4346
2024-05-31,JEPQ,42.2043
2024-05-31,JGLO,56.7236
2024-05-31,JGRO,70.4678
2024-05-31,JIRE,60.0295
2024-05-31,JMEE,56.5207
2024-05-31,JMST,47.5017
2024-05-31,JPIE,39.8851
2024-05-31,JPST,45.582
2024-06-03,BBRE,79.9702
2024-06-03,HELO,56.2515
2024-06-03,JAGG,41.4104
2024-06-03,JAVA,57.5391
2024-06-03,JBND,47.1865
2024-06-03,JCPB,41.4091
2024-06-03,JEMA,35.3416
2024-06-03,JEPI,47.2078
2024-06-03,JEPQ,42.2357
2024-06-03,JGLO,56.8787
2024-06-03,JGRO,70.6673
2024-06-03,JIRE,60.2085
2024-06-03,JMEE,56.1386
2024-06-03,JMST,47.5336
2024-06-03,JPIE,39.916
2024-06-03,JPST,45.5938
2024-06-04,BBRE,80.7377
2024-06-04,HELO,56.3008
2024-06-04,JAGG,41.5751
2024-06-04,JAVA,57.2484
2024-06-04,JBND,47.3864
2024-06-04,JCPB,41.5709
2024-06-04,JEMA,35.0002
2024-06-04,JEPI,47.317
2024-06-04,JEPQ,42.3064
2024-06-04,JGLO,56.9853
2024-06-04,JGRO,70.7271
2024-06-04,JIRE,60.1803
2024-06-04,JMEE,55.345
2024-06-04,JMST,47.5524
2024-06-04,JPIE,39.9514
2024-06-04,JPST,45.612
2024-06-05,BBRE,80.6751
2024-06-05,HELO,56.8328
2024-06-05,JAGG,41.7124
2024-06-05,JAVA,57.6069
2024-06-05,JBND,47.4828
2024-06-05,JCPB,41.7056
2024-06-05,JEMA,35.6166
2024-06-05,JEPI,47.4766
2024-06-05,JEPQ,42.7383
2024-06-05,JGLO,57.7606
2024-06-05,JGRO,72.2432
2024-06-05,JIRE,60.642
2024-06-05,JMEE,55.972
2024-06-05,JMST,47.543
2024-06-05,JPIE,40.022
2024-06-05,JPST,45.6301
2024-06-06,BBRE,80.8534
2024-06-06,HELO,56.8624
2024-06-06,JAGG,41.7033
2024-06-06,JAVA,57.5487
2024-06-06,JBND,47.5464
2024-06-06,JCPB,41.6876
2024-06-06,JEMA,35.7873
2024-06-06,JEPI,47.527
2024-06-06,JEPQ,42.7697
2024-06-06,JGLO,57.906
2024-06-06,JGRO,72.1036
2024-06-06,JIRE,60.821
2024-06-06,JMEE,55.7467
2024-06-06,JMST,47.5618
2024-06-06,JPIE,40.0485
2024-06-06,JPST,45.6392
2024-06-07,BBRE,80.3203
2024-06-07,HELO,56.8427
2024-06-07,JAGG,41.383
2024-06-07,JAVA,57.4616
2024-06-07,JBND,47.1865
2024-06-07,JCPB,41.3777
2024-06-07,JEMA,35.3321
2024-06-07,JEPI,47.4766
2024-06-07,JEPQ,42.7933
2024-06-07,JGLO,57.7122
2024-06-07,JGRO,72.0437
2024-06-07,JIRE,60.1614
2024-06-07,JMEE,55.2862
2024-06-07,JMST,47.5806
2024-06-07,JPIE,39.9602
2024-06-07,JPST,45.6301
2024-06-10,BBRE,80.5126
2024-06-10,HELO,56.9116
2024-06-10,JAGG,41.3006
2024-06-10,JAVA,57.6456
2024-06-10,JBND,47.0956
2024-06-10,JCPB,41.3013
2024-06-10,JEMA,35.5218
2024-06-10,JEPI,47.569
2024-06-10,JEPQ,42.8797
2024-06-10,JGLO,57.7703
2024-06-10,JGRO,72.5225
2024-06-10,JIRE,60.1803
2024-06-10,JMEE,55.3352
2024-06-10,JMST,47.5994
2024-06-10,JPIE,39.9514
2024-06-10,JPST,45.6392
2024-06-11,BBRE,80.2671
2024-06-11,HELO,57.0496
2024-06-11,JAGG,41.4745
2024-06-11,JAVA,57.2775
2024-06-11,JBND,47.241
2024-06-11,JCPB,41.4675
2024-06-11,JEMA,35.408
2024-06-11,JEPI,47.4598
2024-06-11,JEPQ,43.0053
2024-06-11,JGLO,57.7412
2024-06-11,JGRO,72.8915
2024-06-11,JIRE,59.4265
2024-06-11,JMEE,55.0903
2024-06-11,JMST,47.6088
2024-06-11,JPIE,39.9602
2024-06-11,JPST,45.6573
2024-06-12,BBRE,80.8805
2024-06-12,HELO,57.3747
2024-06-12,JAGG,41.6484
2024-06-12,JAVA,57.4519
2024-06-12,JBND,47.4955
2024-06-12,JCPB,41.6697
2024-06-12,JEMA,35.7494
2024-06-12,JEPI,47.3842
2024-06-12,JEPQ,43.2409
2024-06-12,JGLO,58.3518
2024-06-12,JGRO,74.1283
2024-06-12,JIRE,60.1708
2024-06-12,JMEE,55.972
2024-06-12,JMST,47.6182
2024-06-12,JPIE,40.075
2024-06-12,JPST,45.6845
2024-06-13,BBRE,81.3436
2024-06-13,HELO,57.424
2024-06-13,JAGG,41.8314
2024-06-13,JAVA,57.3066
2024-06-13,JBND,47.7045
2024-06-13,JCPB,41.8628
2024-06-13,JEMA,35.702
2024-06-13,JEPI,47.3002
2024-06-13,JEPQ,43.3194
2024-06-13,JGLO,58.2743
2024-06-13,JGRO,74.5073
2024-06-13,JIRE,59.2569
2024-06-13,JMEE,55.5409
2024-06-13,JMST,47.6276
2024-06-13,JPIE,40.1015
2024-06-13,JPST,45.7027
2024-06-14,BBRE,81.394
2024-06-14,HELO,57.36
2024-06-14,JAGG,41.9138
2024-06-14,JAVA,57.0063
2024-06-14,JBND,47.75
2024-06-14,JCPB,41.8943
2024-06-14,JEMA,35.7683
2024-06-14,JEPI,47.2078
2024-06-14,JEPQ,43.3352
2024-06-14,JGLO,58.1967
2024-06-14,JGRO,74.647
2024-06-14,JIRE,58.6067
2024-06-14,JMEE,54.7474
2024-06-14,JMST,47.6276
2024-06-14,JPIE,40.0927
2024-06-14,JPST,45.7117
2024-06-17,BBRE,81.2857
2024-06-17,HELO,57.5225
2024-06-17,JAGG,41.7765
2024-06-17,JAVA,57.2969
2024-06-17,JBND,47.6318
2024-06-17,JCPB,41.7685
2024-06-17,JEMA,36.0054
2024-06-17,JEPI,47.3086
2024-06-17,JEPQ,43.4137
2024-06-17,JGLO,58.5068
2024-06-17,JGRO,75.3951
2024-06-17,JIRE,58.8517
2024-06-17,JMEE,55.3058
2024-06-17,JMST,47.6464
2024-06-17,JPIE,40.075
2024-06-17,JPST,45.7027
2024-06-18,BBRE,81.6489
2024-06-18,HELO,57.5718
2024-06-18,JAGG,41.8863
2024-06-18,JAVA,57.4325
2024-06-18,JBND,47.8227
2024-06-18,JCPB,41.9302
2024-06-18,JEMA,36.2519
2024-06-18,JEPI,47.3506
2024-06-18,JEPQ,43.453
2024-06-18,JGLO,58.6716
2024-06-18,JGRO,75.6743
2024-06-18,JIRE,59.1061
2024-06-18,JMEE,55.443
2024-06-18,JMST,47.6558
2024-06-18,JPIE,40.1104
2024-06-18,JPST,45.7299
2024-06-20,BBRE,81.3473
2024-06-20,HELO,57.5225
2024-06-20,JAGG,41.8223
2024-06-20,JAVA,57.5584
2024-06-20,JBND,47.75
2024-06-20,JCPB,41.8494
2024-06-20,JEMA,36.233
2024-06-20,JEPI,47.485
2024-06-20,JEPQ,43.3666
2024-06-20,JGLO,58.5941
2024-06-20,JGRO,75.0759
2024-06-20,JIRE,59.1627
2024-06-20,JMEE,55.2078
2024-06-20,JMST,47.637
2024-06-20,JPIE,40.1281
2024-06-20,JPST,45.7208
2024-06-21,BBRE,81.5098
2024-06-21,HELO,57.5422
2024-06-21,JAGG,41.868
2024-06-21,JAVA,57.5972
2024-06-21,JBND,47.7227
2024-06-21,JCPB,41.8494
2024-06-21,JEMA,36.1382
2024-06-21,JEPI,47.6278
2024-06-21,JEPQ,43.3823
2024-06-21,JGLO,58.4196
2024-06-21,JGRO,74.9462
2024-06-21,JIRE,58.6915
2024-06-21,JMEE,55.3646
2024-06-21,JMST,47.6746
2024-06-21,JPIE,40.1457
2024-06-21,JPST,45.7299
2024-06-24,BBRE,82.2343
2024-06-24,HELO,57.5225
2024-06-24,JAGG,41.8589
2024-06-24,JAVA,58.0718
2024-06-24,JBND,47.75
2024-06-24,JCPB,41.8763
2024-06-24,JEMA,36.1476
2024-06-24,JEPI,47.8378
2024-06-24,JEPQ,43.2409
2024-06-24,JGLO,58.3033
2024-06-24,JGRO,74.1882
2024-06-24,JIRE,59.1155
2024-06-24,JMEE,55.6389
2024-06-24,JMST,47.684
2024-06-24,JPIE,40.1722
2024-06-24,JPST,45.7571
2024-06-25,BBRE,81.147
2024-06-25,HELO,57.6844
2024-06-25,JAGG,41.868
2024-06-25,JAVA,57.6856
2024-06-25,JBND,47.7863
2024-06-25,JCPB,41.9078
2024-06-25,JEMA,36.1097
2024-06-25,JEPI,47.6698
2024-06-25,JEPQ,43.453
2024-06-25,JGLO,58.5553
2024-06-25,JGRO,75.1657
2024-06-25,JIRE,59.2851
2024-06-25,JMEE,55.2078
2024-06-25,JMST,47.6934
2024-06-25,JPIE,40.1722
2024-06-25,JPST,45.7571
2024-06-26,BBRE,81.0151
2024-06-26,HELO,57.8422
2024-06-26,JAGG,41.6667
2024-06-26,JAVA,57.53
2024-06-26,JBND,47.5864
2024-06-26,JCPB,41.7056
2024-06-26,JEMA,36.0718
2024-06-26,JEPI,47.6446
2024-06-26,JEPQ,43.5786
2024-06-26,JGLO,58.4875
2024-06-26,JGRO,75.3552
2024-06-26,JIRE,58.8706
2024-06-26,JMEE,55.0413
2024-06-26,JMST,47.6746
2024-06-26,JPIE,40.1369
2024-06-26,JPST,45.7571
2024-06-27,BBRE,81.5814
2024-06-27,HELO,57.8028
2024-06-27,JAGG,41.7582
2024-06-27,JAVA,57.5105
2024-06-27,JBND,47.6691
2024-06-27,JCPB,41.7865
2024-06-27,JEMA,36.0907
2024-06-27,JEPI,47.6614
2024-06-27,JEPQ,43.6336
2024-06-27,JGLO,58.4778
2024-06-27,JGRO,75.5846
2024-06-27,JIRE,58.9459
2024-06-27,JMEE,55.2372
2024-06-27,JMST,47.6934
2024-06-27,JPIE,40.1546
2024-06-27,JPST,45.7661
2024-06-28,BBRE,82.645
2024-06-28,HELO,57.783
2024-06-28,JAGG,41.5569
2024-06-28,JAVA,57.6467
2024-06-28,JBND,47.4864
2024-06-28,JCPB,41.6248
2024-06-28,JEMA,36.1998
2024-06-28,JEPI,47.611
2024-06-28,JEPQ,43.5865
2024-06-28,JGLO,58.5359
2024-06-28,JGRO,74.9562
2024-06-28,JIRE,58.9836
2024-06-28,JMEE,55.492
2024-06-28,JMST,47.6887
2024-06-28,JPIE,40.1634
2024-06-28,JPST,45.7752
2024-07-01,BBRE,81.8254
2024-07-01,HELO,57.7732
2024-07-01,JAGG,41.2974
2024-07-01,JAVA,57.2673
2024-07-01,JBND,47.2292
2024-07-01,JCPB,41.3874
2024-07-01,JEMA,36.214
2024-07-01,JEPI,47.4082
2024-07-01,JEPQ,43.6901
2024-07-01,JGLO,58.5359
2024-07-01,JGRO,75.3651
2024-07-01,JIRE,59.0402
2024-07-01,JMEE,54.9727
2024-07-01,JMST,47.6943
2024-07-01,JPIE,40.111
2024-07-01,JPST,45.7707
2024-07-02,BBRE,82.353
2024-07-02,HELO,57.9705
2024-07-02,JAGG,41.4627
2024-07-02,JAVA,57.5105
2024-07-02,JBND,47.3387
2024-07-02,JCPB,41.5092
2024-07-02,JEMA,36.3183
2024-07-02,JEPI,47.4843
2024-07-02,JEPQ,43.8801
2024-07-02,JGLO,58.817
2024-07-02,JGRO,75.9037
2024-07-02,JIRE,59.1815
2024-07-02,JMEE,55.1686
2024-07-02,JMST,47.7038
2024-07-02,JPIE,40.1954
2024-07-02,JPST,45.798
2024-07-03,BBRE,82.2211
2024-07-03,HELO,58.0593
2024-07-03,JAGG,41.6831
2024-07-03,JAVA,57.4522
2024-07-03,JBND,47.594
2024-07-03,JCPB,41.7348
2024-07-03,JEMA,36.7356
2024-07-03,JEPI,47.4336
2024-07-03,JEPQ,44.0304
2024-07-03,JGLO,59.1271
2024-07-03,JGRO,76.5521
2024-07-03,JIRE,59.8316
2024-07-03,JMEE,55.2666
2024-07-03,JMST,47.6943
2024-07-03,JPIE,40.2043
2024-07-03,JPST,45.8162
2024-07-05,BBRE,82.4604
2024-07-05,HELO,58.1975
2024-07-05,JAGG,41.8759
2024-07-05,JAVA,57.4132
2024-07-05,JBND,47.8402
2024-07-05,JCPB,41.9424
2024-07-05,JEMA,36.8588
2024-07-05,JEPI,47.6364
2024-07-05,JEPQ,44.2203
2024-07-05,JGLO,59.4954
2024-07-05,JGRO,77.2503
2024-07-05,JIRE,60.2556
2024-07-05,JMEE,54.7767
2024-07-05,JMST,47.7509
2024-07-05,JPIE,40.3286
2024-07-05,JPST,45.8435
2024-07-08,BBRE,82.5621
2024-07-08,HELO,58.1777
2024-07-08,JAGG,41.8998
2024-07-08,JAVA,57.5397
2024-07-08,JBND,47.8858
2024-07-08,JCPB,41.9514
2024-07-08,JEMA,36.9062
2024-07-08,JEPI,47.5181
2024-07-08,JEPQ,44.2836
2024-07-08,JGLO,59.4857
2024-07-08,JGRO,77.3699
2024-07-08,JIRE,60.0012
2024-07-08,JMEE,55.0217
2024-07-08,JMST,47.7424
2024-07-08,JPIE,40.3375
2024-07-08,JPST,45.8617
2024-07-09,BBRE,82.532
2024-07-09,HELO,58.2073
2024-07-09,JAGG,41.8576
2024-07-09,JAVA,57.5592
2024-07-09,JBND,47.8402
2024-07-09,JCPB,41.9243
2024-07-09,JEMA,37.0675
2024-07-09,JEPI,47.4251
2024-07-09,JEPQ,44.2916
2024-07-09,JGLO,59.4081
2024-07-09,JGRO,77.3999
2024-07-09,JIRE,59.662
2024-07-09,JMEE,54.6788
2024-07-09,JMST,47.7603
2024-07-09,JPIE,40.3463
2024-07-09,JPST,45.8617
2024-07-10,BBRE,83.3008
2024-07-10,HELO,58.3849
2024-07-10,JAGG,41.9127
2024-07-10,JAVA,58.1331
2024-07-10,JBND,47.8585
2024-07-10,JCPB,41.9604
2024-07-10,JEMA,37.314
2024-07-10,JEPI,47.5181
2024-07-10,JEPQ,44.4023
2024-07-10,JGLO,60.0478
2024-07-10,JGRO,77.9983
2024-07-10,JIRE,60.6608
2024-07-10,JMEE,55.3254
2024-07-10,JMST,47.7509
2024-07-10,JPIE,40.3552
2024-07-10,JPST,45.88
2024-07-11,BBRE,85.17
2024-07-11,HELO,58.2863
2024-07-11,JAGG,42.1331
2024-07-11,JAVA,58.7265
2024-07-11,JBND,48.0956
2024-07-11,JCPB,42.177
2024-07-11,JEMA,37.5226
2024-07-11,JEPI,47.856
2024-07-11,JEPQ,44.0225
2024-07-11,JGLO,59.757
2024-07-11,JGRO,76.592
2024-07-11,JIRE,60.7833
2024-07-11,JMEE,56.7852
2024-07-11,JMST,47.7791
2024-07-11,JPIE,40.4352
2024-07-11,JPST,45.9073
2024-07-12,BBRE,85.6769
2024-07-12,HELO,58.3948
2024-07-12,JAGG,42.2341
2024-07-12,JAVA,58.9405
2024-07-12,JBND,48.1868
2024-07-12,JCPB,42.2943
2024-07-12,JEMA,37.6649
2024-07-12,JEPI,48.0842
2024-07-12,JEPQ,44.1887
2024-07-12,JGLO,59.9896
2024-07-12,JGRO,77.0209
2024-07-12,JIRE,61.4617
2024-07-12,JMEE,57.3143
2024-07-12,JMST,47.8121
2024-07-12,JPIE,40.4884
2024-07-12,JPST,45.9437
2024-07-15,BBRE,86.3562
2024-07-15,HELO,58.4145
2024-07-15,JAGG,42.0963
2024-07-15,JAVA,59.174
2024-07-15,JBND,48.1321
2024-07-15,JCPB,42.177
2024-07-15,JEMA,37.2381
2024-07-15,JEPI,48.0419
2024-07-15,JEPQ,44.2441
2024-07-15,JGLO,59.6214
2024-07-15,JGRO,77.0707
2024-07-15,JIRE,60.9246
2024-07-15,JMEE,57.8041
2024-07-15,JMST,47.8074
2024-07-15,JPIE,40.5328
2024-07-15,JPST,45.9437
2024-07-16,BBRE,87.3473
2024-07-16,HELO,58.5626
2024-07-16,JAGG,42.2616
2024-07-16,JAVA,60.137
2024-07-16,JBND,48.2688
2024-07-16,JCPB,42.3394
2024-07-16,JEMA,37.4942
2024-07-16,JEPI,48.3461
2024-07-16,JEPQ,44.2757
2024-07-16,JGLO,59.9606
2024-07-16,JGRO,76.971
2024-07-16,JIRE,61.2167
2024-07-16,JMEE,59.3815
2024-07-16,JMST,47.8639
2024-07-16,JPIE,40.5595
2024-07-16,JPST,45.9528
2024-07-17,BBRE,87.8363
2024-07-17,HELO,58.2567
2024-07-17,JAGG,42.2616
2024-07-17,JAVA,60.2051
2024-07-17,JBND,48.3509
2024-07-17,JCPB,42.3485
2024-07-17,JEMA,36.783
2024-07-17,JEPI,48.439
2024-07-17,JEPQ,43.4052
2024-07-17,JGLO,59.1562
2024-07-17,JGRO,74.3877
2024-07-17,JIRE,60.9058
2024-07-17,JMEE,58.7055
2024-07-17,JMST,47.8639
2024-07-17,JPIE,40.5506
2024-07-17,JPST,45.9528
2024-07-18,BBRE,87.2474
2024-07-18,HELO,58.1481
2024-07-18,JAGG,42.1882
2024-07-18,JAVA,59.5728
2024-07-18,JBND,48.1758
2024-07-18,JCPB,42.2492
2024-07-18,JEMA,36.5364
2024-07-18,JEPI,48.2109
2024-07-18,JEPQ,43.1758
2024-07-18,JGLO,58.6135
2024-07-18,JGRO,73.879
2024-07-18,JIRE,60.1803
2024-07-18,JMEE,57.9413
2024-07-18,JMST,47.8734
2024-07-18,JPIE,40.5595
2024-07-18,JPST,45.9619
2024-07-19,BBRE,87.0731
2024-07-19,HELO,58.01
2024-07-19,JAGG,42.0826
2024-07-19,JAVA,59.2129
2024-07-19,JBND,48.0865
2024-07-19,JCPB,42.1499
2024-07-19,JEMA,36.1666
2024-07-19,JEPI,47.9659
2024-07-19,JEPQ,42.883
2024-07-19,JGLO,58.313
2024-07-19,JGRO,73.5399
2024-07-19,JIRE,59.9541
2024-07-19,JMEE,57.7159
2024-07-19,JMST,47.8828
2024-07-19,JPIE,40.5266
2024-07-19,JPST,45.971
2024-07-22,BBRE,88.1453
2024-07-22,HELO,58.2961
2024-07-22,JAGG,42.0504
2024-07-22,JAVA,59.495
2024-07-22,JBND,48.0318
2024-07-22,JCPB,42.1229
2024-07-22,JEMA,36.4132
2024-07-22,JEPI,48.3292
2024-07-22,JEPQ,43.4844
2024-07-22,JGLO,58.8557
2024-07-22,JGRO,74.7168
2024-07-22,JIRE,60.6043
2024-07-22,JMEE,58.4801
2024-07-22,JMST,47.8922
2024-07-22,JPIE,40.5595
2024-07-22,JPST,45.9802
2024-07-23,BBRE,88.1566
2024-07-23,HELO,58.1876
2024-07-23,JAGG,42.0688
2024-07-23,JAVA,59.2226
2024-07-23,JBND,48.0682
2024-07-23,JCPB,42.1499
2024-07-23,JEMA,36.1951
2024-07-23,JEPI,48.0842
2024-07-23,JEPQ,43.3657
2024-07-23,JGLO,58.6038
2024-07-23,JGRO,74.9063
2024-07-23,JIRE,60.2274
2024-07-23,JMEE,58.6467
2024-07-23,JMST,47.8922
2024-07-23,JPIE,40.5728
2024-07-23,JPST,45.9893
2024-07-24,BBRE,86.5408
2024-07-24,HELO,57.6449
2024-07-24,JAGG,41.9494
2024-07-24,JAVA,58.6876
2024-07-24,JBND,47.9861
2024-07-24,JCPB,42.0146
2024-07-24,JEMA,35.5977
2024-07-24,JEPI,47.6026
2024-07-24,JEPQ,41.9808
2024-07-24,JGLO,57.4505
2024-07-24,JGRO,72.0736
2024-07-24,JIRE,59.4547
2024-07-24,JMEE,57.4906
2024-07-24,JMST,47.8922
2024-07-24,JPIE,40.5417
2024-07-24,JPST,46.0075
2024-07-25,BBRE,85.7965
2024-07-25,HELO,57.5068
2024-07-25,JAGG,42.0412
2024-07-25,JAVA,58.8141
2024-07-25,JBND,48.0409
2024-07-25,JCPB,42.1048
2024-07-25,JEMA,35.389
2024-07-25,JEPI,47.5857
2024-07-25,JEPQ,41.5298
2024-07-25,JGLO,57.0628
2024-07-25,JGRO,71.1959
2024-07-25,JIRE,59.0967
2024-07-25,JMEE,57.8923
2024-07-25,JMST,47.9111
2024-07-25,JPIE,40.5506
2024-07-25,JPST,46.0075
2024-07-26,BBRE,87.1099
2024-07-26,HELO,57.7633
2024-07-26,JAGG,42.2065
2024-07-26,JAVA,59.6798
2024-07-26,JBND,48.2871
2024-07-26,JCPB,42.2853
2024-07-26,JEMA,35.7788
2024-07-26,JEPI,48.1264
2024-07-26,JEPQ,41.9096
2024-07-26,JGLO,57.7025
2024-07-26,JGRO,71.8143
2024-07-26,JIRE,59.8034
2024-07-26,JMEE,58.97
2024-07-26,JMST,47.9205
2024-07-26,JPIE,40.6305
2024-07-26,JPST,46.053
2024-07-29,BBRE,87.6544
2024-07-29,HELO,57.7929
2024-07-29,JAGG,42.2616
2024-07-29,JAVA,59.6506
2024-07-29,JBND,48.3327
2024-07-29,JCPB,42.3214
2024-07-29,JEMA,35.664
2024-07-29,JEPI,48.1771
2024-07-29,JEPQ,41.965
2024-07-29,JGLO,57.5959
2024-07-29,JGRO,71.8442
2024-07-29,JIRE,59.4924
2024-07-29,JMEE,58.9406
2024-07-29,JMST,47.9205
2024-07-29,JPIE,40.6394
2024-07-29,JPST,46.0621
2024-07-30,BBRE,88.199
2024-07-30,HELO,57.7436
2024-07-30,JAGG,42.3167
2024-07-30,JAVA,59.9133
2024-07-30,JBND,48.3965
2024-07-30,JCPB,42.3755
2024-07-30,JEMA,35.4364
2024-07-30,JEPI,48.194
2024-07-30,JEPQ,41.4506
2024-07-30,JGLO,57.3923
2024-07-30,JGRO,70.8069
2024-07-30,JIRE,59.5961
2024-07-30,JMEE,58.8916
2024-07-30,JMST,47.9205
2024-07-30,JPIE,40.6572
2024-07-30,JPST,46.0804
2024-07-31,BBRE,87.8174
2024-07-31,HELO,57.9804
2024-07-31,JAGG,42.5371
2024-07-31,JAVA,60.1176
2024-07-31,JBND,48.6701
2024-07-31,JCPB,42.6192
2024-07-31,JEMA,36.3752
2024-07-31,JEPI,48.5658
2024-07-31,JEPQ,42.511
2024-07-31,JGLO,58.3712
2024-07-31,JGRO,72.9913
2024-07-31,JIRE,60.4347
2024-07-31,JMEE,59.3619
2024-07-31,JMST,47.9582
2024-07-31,JPIE,40.7371
2024-07-31,JPST,46.0895
2024-08-01,BBRE,88.6936
2024-08-01,HELO,57.6745
2024-08-01,JAGG,42.7202
2024-08-01,JAVA,59.5534
2024-08-01,JBND,48.8843
2024-08-01,JCPB,42.7632
2024-08-01,JEMA,35.5882
2024-08-01,JEPI,48.4036
2024-08-01,JEPQ,41.679
2024-08-01,JGLO,57.654
2024-08-01,JGRO,71.6049
2024-08-01,JIRE,58.8046
2024-08-01,JMEE,58.0099
2024-08-01,JMST,47.9743
2024-08-01,JPIE,40.7746
2024-08-01,JPST,46.1096
2024-08-02,BBRE,88.46
2024-08-02,HELO,57.1417
2024-08-02,JAGG,43.1995
2024-08-02,JAVA,58.5611
2024-08-02,JBND,49.4244
2024-08-02,JCPB,43.2073
2024-08-02,JEMA,35.0287
2024-08-02,JEPI,47.8686
2024-08-02,JEPQ,40.7936
2024-08-02,JGLO,56.8399
2024-08-02,JGRO,69.7098
2024-08-02,JIRE,57.7964
2024-08-02,JMEE,56.2659
2024-08-02,JMST,48.0073
2024-08-02,JPIE,40.8282
2024-08-02,JPST,46.1736
2024-08-05,BBRE,85.9425
2024-08-05,HELO,56.1253
2024-08-05,JAGG,43.1442
2024-08-05,JAVA,57.1506
2024-08-05,JBND,49.4519
2024-08-05,JCPB,43.1801
2024-08-05,JEMA,34.1089
2024-08-05,JEPI,46.6882
2024-08-05,JEPQ,39.6609
2024-08-05,JGLO,55.2699
2024-08-05,JGRO,67.695
2024-08-05,JIRE,56.7694
2024-08-05,JMEE,54.6984
2024-08-05,JMST,47.9932
2024-08-05,JPIE,40.7568
2024-08-05,JPST,46.1645
2024-08-06,BBRE,88.0435
2024-08-06,HELO,56.4411
2024-08-06,JAGG,42.9322
2024-08-06,JAVA,57.53
2024-08-06,JBND,49.1406
2024-08-06,JCPB,42.949
2024-08-06,JEMA,34.2037
2024-08-06,JEPI,47.1468
2024-08-06,JEPQ,40.0358
2024-08-06,JGLO,55.706
2024-08-06,JGRO,68.5827
2024-08-06,JIRE,56.7976
2024-08-06,JMEE,55.198
2024-08-06,JMST,48.0404
2024-08-06,JPIE,40.7478
2024-08-06,JPST,46.1736
2024-08-07,BBRE,87.4406
2024-08-07,HELO,56.1944
2024-08-07,JAGG,42.7847
2024-08-07,JAVA,57.2479
2024-08-07,JBND,48.9301
2024-08-07,JCPB,42.8629
2024-08-07,JEMA,34.5356
2024-08-07,JEPI,46.943
2024-08-07,JEPQ,39.6449
2024-08-07,JGLO,55.706
2024-08-07,JGRO,67.9543
2024-08-07,JIRE,56.8919
2024-08-07,JMEE,54.7572
2024-08-07,JMST,48.0121
2024-08-07,JPIE,40.7746
2024-08-07,JPST,46.1736
2024-08-08,BBRE,88.4298
2024-08-08,HELO,56.9641
2024-08-08,JAGG,42.6741
2024-08-08,JAVA,58.2596
2024-08-08,JBND,48.9118
2024-08-08,JCPB,42.7905
2024-08-08,JEMA,35.3227
2024-08-08,JEPI,47.7412
2024-08-08,JEPQ,40.666
2024-08-08,JGLO,56.8109
2024-08-08,JGRO,70.0788
2024-08-08,JIRE,58.032
2024-08-08,JMEE,55.8251
2024-08-08,JMST,47.9601
2024-08-08,JPIE,40.7924
2024-08-08,JPST,46.1645
2024-08-09,BBRE,89.061
2024-08-09,HELO,57.1811
2024-08-09,JAGG,42.8861
2024-08-09,JAVA,58.3082
2024-08-09,JBND,49.0033
2024-08-09,JCPB,42.8992
2024-08-09,JEMA,35.5028
2024-08-09,JEPI,47.9026
2024-08-09,JEPQ,40.9133
2024-08-09,JGLO,57.0628
2024-08-09,JGRO,70.6374
2024-08-09,JIRE,58.1922
2024-08-09,JMEE,55.8447
2024-08-09,JMST,48.0168
2024-08-09,JPIE,40.8103
2024-08-09,JPST,46.1828
2024-08-12,BBRE,88.1293
2024-08-12,HELO,57.1515
2024-08-12,JAGG,42.9414
2024-08-12,JAVA,58.1137
2024-08-12,JBND,49.1406
2024-08-12,JCPB,42.9943
2024-08-12,JEMA,35.683
2024-08-12,JEPI,47.8601
2024-08-12,JEPQ,40.993
2024-08-12,JGLO,57.1791
2024-08-12,JGRO,70.9067
2024-08-12,JIRE,58.0772
2024-08-12,JMEE,55.3548
2024-08-12,JMST,48.0121
2024-08-12,JPIE,40.8371
2024-08-12,JPST,46.2102
2024-08-13,BBRE,89.0319
2024-08-13,HELO,57.862
2024-08-13,JAGG,43.1165
2024-08-13,JAVA,58.6779
2024-08-13,JBND,49.3603
2024-08-13,JCPB,43.162
2024-08-13,JEMA,36.1192
2024-08-13,JEPI,48.2592
2024-08-13,JEPQ,41.7987
2024-08-13,JGLO,58.1192
2024-08-13,JGRO,72.5025
2024-08-13,JIRE,59.2475
2024-08-13,JMEE,56.217
2024-08-13,JMST,48.0215
2024-08-13,JPIE,40.8996
2024-08-13,JPST,46.2377
2024-08-14,BBRE,89.4925
2024-08-14,HELO,57.9705
2024-08-14,JAGG,43.1811
2024-08-14,JAVA,58.9308
2024-08-14,JBND,49.4427
2024-08-14,JCPB,43.2526
2024-08-14,JEMA,35.8632
2024-08-14,JEPI,48.4545
2024-08-14,JEPQ,41.8864
2024-08-14,JGLO,58.313
2024-08-14,JGRO,72.722
2024-08-14,JIRE,59.2569
2024-08-14,JMEE,56.1288
2024-08-14,JMST,48.0404
2024-08-14,JPIE,40.9174
2024-08-14,JPST,46.2377
2024-08-15,BBRE,89.469
2024-08-15,HELO,58.5428
2024-08-15,JAGG,43.0059
2024-08-15,JAVA,59.6215
2024-08-15,JBND,49.2322
2024-08-15,JCPB,43.0986
2024-08-15,JEMA,36.2899
2024-08-15,JEPI,48.8791
2024-08-15,JEPQ,42.5724
2024-08-15,JGLO,59.0786
2024-08-15,JGRO,74.2979
2024-08-15,JIRE,60.1049
2024-08-15,JMEE,57.2849
2024-08-15,JMST,48.0215
2024-08-15,JPIE,40.9085
2024-08-15,JPST,46.2194
2024-08-16,BBRE,89.1986
2024-08-16,HELO,58.681
2024-08-16,JAGG,43.0981
2024-08-16,JAVA,59.816
2024-08-16,JBND,49.2871
2024-08-16,JCPB,43.1801
2024-08-16,JEMA,36.8114
2024-08-16,JEPI,48.9216
2024-08-16,JEPQ,42.6363
2024-08-16,JGLO,59.2822
2024-08-16,JGRO,74.1982
2024-08-16,JIRE,60.397
2024-08-16,JMEE,57.373
2024-08-16,JMST,48.0357
2024-08-16,JPIE,40.9442
2024-08-16,JPST,46.2469
2024-08-19,BBRE,90.0503
2024-08-19,HELO,59.0362
2024-08-19,JAGG,43.1626
2024-08-19,JAVA,60.2732
2024-08-19,JBND,49.4153
2024-08-19,JCPB,43.2526
2024-08-19,JEMA,37.0106
2024-08-19,JEPI,49.0999
2024-08-19,JEPQ,43.0032
2024-08-19,JGLO,59.7086
2024-08-19,JGRO,75.1158
2024-08-19,JIRE,61.0565
2024-08-19,JMEE,57.8923
2024-08-19,JMST,48.0593
2024-08-19,JPIE,40.9799
2024-08-19,JPST,46.2743
2024-08-20,BBRE,90.0192
2024-08-20,HELO,58.9573
2024-08-20,JAGG,43.2917
2024-08-20,JAVA,60.0008
2024-08-20,JBND,49.516
2024-08-20,JCPB,43.3749
2024-08-20,JEMA,36.7261
2024-08-20,JEPI,49.1169
2024-08-20,JEPQ,42.9713
2024-08-20,JGLO,59.5535
2024-08-20,JGRO,75.046
2024-08-20,JIRE,60.821
2024-08-20,JMEE,57.3632
2024-08-20,JMST,48.0876
2024-08-20,JPIE,40.9799
2024-08-20,JPST,46.2743
2024-08-21,BBRE,90.512
2024-08-21,HELO,59.0461
2024-08-21,JAGG,43.3746
2024-08-21,JAVA,60.2246
2024-08-21,JBND,49.6258
2024-08-21,JCPB,43.4701
2024-08-21,JEMA,36.9062
2024-08-21,JEPI,49.2528
2024-08-21,JEPQ,43.0511
2024-08-21,JGLO,59.8733
2024-08-21,JGRO,75.4549
2024-08-21,JIRE,61.3957
2024-08-21,JMEE,58.1274
2024-08-21,JMST,48.0688
2024-08-21,JPIE,41.0692
2024-08-21,JPST,46.3017
2024-08-22,BBRE,90.8888
2024-08-22,HELO,58.7106
2024-08-22,JAGG,43.2179
2024-08-22,JAVA,60.0981
2024-08-22,JBND,49.4794
2024-08-22,JCPB,43.307
2024-08-22,JEMA,36.3278
2024-08-22,JEPI,49.1424
2024-08-22,JEPQ,42.6841
2024-08-22,JGLO,59.3403
2024-08-22,JGRO,74.4974
2024-08-22,JIRE,60.934
2024-08-22,JMEE,57.7649
2024-08-22,JMST,48.116
2024-08-22,JPIE,41.0245
2024-08-22,JPST,46.2835
2024-08-23,BBRE,92.5847
2024-08-23,HELO,59.1941
2024-08-23,JAGG,43.3972
2024-08-23,JAVA,60.7985
2024-08-23,JBND,49.6075
2024-08-23,JCPB,43.4701
2024-08-23,JEMA,37.0959
2024-08-23,JEPI,49.3462
2024-08-23,JEPQ,42.9952
2024-08-23,JGLO,60.0381
2024-08-23,JGRO,75.1856
2024-08-23,JIRE,62.1024
2024-08-23,JMEE,59.1757
2024-08-23,JMST,48.1254
2024-08-23,JPIE,41.1049
2024-08-23,JPST,46.3109
2024-08-26,BBRE,92.4632
2024-08-26,HELO,59.1743
2024-08-26,JAGG,43.347
2024-08-26,JAVA,60.9152
2024-08-26,JBND,49.635
2024-08-26,JCPB,43.4565
2024-08-26,JEMA,36.7356
2024-08-26,JEPI,49.499
2024-08-26,JEPQ,42.8835
2024-08-26,JGLO,59.7958
2024-08-26,JGRO,74.5672
2024-08-26,JIRE,61.8197
2024-08-26,JMEE,58.9602
2024-08-26,JMST,48.116
2024-08-26,JPIE,41.1138
2024-08-26,JPST,46.3292
2024-08-27,BBRE,92.7637
2024-08-27,HELO,59.2335
2024-08-27,JAGG,43.3285
2024-08-27,JAVA,60.8374
2024-08-27,JBND,49.6624
2024-08-27,JCPB,43.452
2024-08-27,JEMA,36.783
2024-08-27,JEPI,49.55
2024-08-27,JEPQ,42.9793
2024-08-27,JGLO,59.8055
2024-08-27,JGRO,74.7667
2024-08-27,JIRE,62.0836
2024-08-27,JMEE,58.7741
2024-08-27,JMST,48.1396
2024-08-27,JPIE,41.1584
2024-08-27,JPST,46.3475
2024-08-28,BBRE,92.4434
2024-08-28,HELO,59.0362
2024-08-28,JAGG,43.3101
2024-08-28,JAVA,60.7596
2024-08-28,JBND,49.5892
2024-08-28,JCPB,43.4248
2024-08-28,JEMA,36.5175
2024-08-28,JEPI,49.5075
2024-08-28,JEPQ,42.708
2024-08-28,JGLO,59.5632
2024-08-28,JGRO,74.0785
2024-08-28,JIRE,61.8292
2024-08-28,JMEE,58.4213
2024-08-28,JMST,48.1538
2024-08-28,JPIE,41.203
2024-08-28,JPST,46.3475
2024-08-29,BBRE,92.2549
2024-08-29,HELO,59.0855
2024-08-29,JAGG,43.264
2024-08-29,JAVA,60.9931
2024-08-29,JBND,49.5526
2024-08-29,JCPB,43.3613
2024-08-29,JEMA,36.5554
2024-08-29,JEPI,49.7198
2024-08-29,JEPQ,42.7559
2024-08-29,JGLO,59.5244
2024-08-29,JGRO,73.9189
2024-08-29,JIRE,62.093
2024-08-29,JMEE,58.6173
2024-08-29,JMST,48.1349
2024-08-29,JPIE,41.1406
2024-08-29,JPST,46.3566
2024-08-30,BBRE,93.3101
2024-08-30,HELO,59.4111
2024-08-30,JAGG,43.2271
2024-08-30,JAVA,61.4697
2024-08-30,JBND,49.4519
2024-08-30,JCPB,43.2707
2024-08-30,JEMA,36.6407
2024-08-30,JEPI,49.9576
2024-08-30,JEPQ,43.1388
2024-08-30,JGLO,59.8152
2024-08-30,JGRO,74.8565
2024-08-30,JIRE,62.1778
2024-08-30,JMEE,59.0778
2024-08-30,JMST,48.1349
2024-08-30,JPIE,41.1673
2024-08-30,JPST,46.3658
2024-09-03,BBRE,93.0369
2024-09-03,HELO,58.5724
2024-09-03,JAGG,43.356
2024-09-03,JAVA,60.8082
2024-09-03,JBND,49.6236
2024-09-03,JCPB,43.4436
2024-09-03,JEMA,35.9201
2024-09-03,JEPI,49.6669
2024-09-03,JEPQ,42.2498
2024-09-03,JGLO,58.7782
2024-09-03,JGRO,72.4227
2024-09-03,JIRE,61.0754
2024-09-03,JMEE,57.4906
2024-09-03,JMST,48.1681
2024-09-03,JPIE,41.1682
2024-09-03,JPST,46.3695
2024-09-04,BBRE,93.3017
2024-09-04,HELO,58.6316
2024-09-04,JAGG,43.5687
2024-09-04,JAVA,60.7596
2024-09-04,JBND,49.8808
2024-09-04,JCPB,43.6302
2024-09-04,JEMA,35.8063
2024-09-04,JEPI,49.7524
2024-09-04,JEPQ,42.1934
2024-09-04,JGLO,58.5165
2024-09-04,JGRO,72.1235
2024-09-04,JIRE,60.7456
2024-09-04,JMEE,57.324
2024-09-04,JMST,48.1681
2024-09-04,JPIE,41.2221
2024-09-04,JPST,46.397
2024-09-05,BBRE,92.8108
2024-09-05,HELO,58.4047
2024-09-05,JAGG,43.6797
2024-09-05,JAVA,60.351
2024-09-05,JBND,50.0094
2024-09-05,JCPB,43.7394
2024-09-05,JEMA,35.9058
2024-09-05,JEPI,49.5301
2024-09-05,JEPQ,42.2176
2024-09-05,JGLO,58.4002
2024-09-05,JGRO,72.1834
2024-09-05,JIRE,60.7833
2024-09-05,JMEE,56.9028
2024-09-05,JMST,48.1965
2024-09-05,JPIE,41.2759
2024-09-05,JPST,46.4062
2024-09-06,BBRE,92.6412
2024-09-06,HELO,57.8028
2024-09-06,JAGG,43.7259
2024-09-06,JAVA,59.6701
2024-09-06,JBND,50.0829
2024-09-06,JCPB,43.8077
2024-09-06,JEMA,35.2591
2024-09-06,JEPI,49.1881
2024-09-06,JEPQ,41.3955
2024-09-06,JGLO,57.3371
2024-09-06,JGRO,70.4877
2024-09-06,JIRE,59.5301
2024-09-06,JMEE,56.07
2024-09-06,JMST,48.206
2024-09-06,JPIE,41.3118
2024-09-06,JPST,46.4522
2024-09-09,BBRE,93.4515
2024-09-09,HELO,58.2271
2024-09-09,JAGG,43.7537
2024-09-09,JAVA,60.244
2024-09-09,JBND,50.1563
2024-09-09,JCPB,43.8668
2024-09-09,JEMA,35.5977
2024-09-09,JEPI,49.6754
2024-09-09,JEPQ,41.8549
2024-09-09,JGLO,58.0417
2024-09-09,JGRO,71.3256
2024-09-09,JIRE,60.2462
2024-09-09,JMEE,56.2072
2024-09-09,JMST,48.2012
2024-09-09,JPIE,41.3477
2024-09-09,JPST,46.4706
2024-09-10,BBRE,94.8618
2024-09-10,HELO,58.3751
2024-09-10,JAGG,43.9202
2024-09-10,JAVA,60.2635
2024-09-10,JBND,50.3033
2024-09-10,JCPB,43.9897
2024-09-10,JEMA,35.3796
2024-09-10,JEPI,49.7609
2024-09-10,JEPQ,42.1773
2024-09-10,JGLO,58.2646
2024-09-10,JGRO,71.924
2024-09-10,JIRE,59.9353
2024-09-10,JMEE,56.119
2024-09-10,JMST,48.2155
2024-09-10,JPIE,41.3297
2024-09-10,JPST,46.4982
2024-09-11,BBRE,94.8929
2024-09-11,HELO,58.8487
2024-09-11,JAGG,43.8924
2024-09-11,JAVA,60.2538
2024-09-11,JBND,50.3768
2024-09-11,JCPB,43.9852
2024-09-11,JEMA,35.6545
2024-09-11,JEPI,49.8892
2024-09-11,JEPQ,42.8462
2024-09-11,JGLO,58.8364
2024-09-11,JGRO,73.5199
2024-09-11,JIRE,60.3216
2024-09-11,JMEE,56.4521
2024-09-11,JMST,48.187
2024-09-11,JPIE,41.3566
2024-09-11,JPST,46.4982
2024-09-12,BBRE,95.3923
2024-09-12,HELO,59.0066
2024-09-12,JAGG,43.8554
2024-09-12,JAVA,60.497
2024-09-12,JBND,50.2757
2024-09-12,JCPB,43.9442
2024-09-12,JEMA,35.977
2024-09-12,JEPI,50.0174
2024-09-12,JEPQ,43.1525
2024-09-12,JGLO,59.3306
2024-09-12,JGRO,74.4974
2024-09-12,JIRE,60.8869
2024-09-12,JMEE,56.8244
2024-09-12,JMST,48.1776
2024-09-12,JPIE,41.3656
2024-09-12,JPST,46.4798
2024-09-13,BBRE,96.2261
2024-09-13,HELO,59.3026
2024-09-13,JAGG,43.9571
2024-09-13,JAVA,60.9833
2024-09-13,JBND,50.3584
2024-09-13,JCPB,44.0398
2024-09-13,JEMA,36.1287
2024-09-13,JEPI,50.2996
2024-09-13,JEPQ,43.3218
2024-09-13,JGLO,59.4469
2024-09-13,JGRO,74.8764
2024-09-13,JIRE,60.9529
2024-09-13,JMEE,57.9413
2024-09-13,JMST,48.1965
2024-09-13,JPIE,41.4015
2024-09-13,JPST,46.5165
2024-09-16,BBRE,96.5228
2024-09-16,HELO,59.3223
2024-09-16,JAGG,44.0589
2024-09-16,JAVA,61.4211
2024-09-16,JBND,50.4962
2024-09-16,JCPB,44.1672
2024-09-16,JEMA,36.1666
2024-09-16,JEPI,50.4877
2024-09-16,JEPQ,43.2331
2024-09-16,JGLO,59.5535
2024-09-16,JGRO,74.7966
2024-09-16,JIRE,61.3581
2024-09-16,JMEE,58.3136
2024-09-16,JMST,48.206
2024-09-16,JPIE,41.4643
2024-09-16,JPST,46.5441
2024-09-17,BBRE,95.6193
2024-09-17,HELO,59.3322
2024-09-17,JAGG,44.0126
2024-09-17,JAVA,61.5184
2024-09-17,JBND,50.4502
2024-09-17,JCPB,44.1217
2024-09-17,JEMA,36.233
2024-09-17,JEPI,50.4535
2024-09-17,JEPQ,43.2653
2024-09-17,JGLO,59.3403
2024-09-17,JGRO,74.8963
2024-09-17,JIRE,61.0283
2024-09-17,JMEE,58.6075
2024-09-17,JMST,48.2012
2024-09-17,JPIE,41.5002
2024-09-17,JPST,46.5533
2024-09-18,BBRE,95.6561
2024-09-18,HELO,59.2335
2024-09-18,JAGG,43.8462
2024-09-18,JAVA,61.4211
2024-09-18,JBND,50.2757
2024-09-18,JCPB,44.0124
2024-09-18,JEMA,36.1088
2024-09-18,JEPI,50.3167
2024-09-18,JEPQ,43.1767
2024-09-18,JGLO,59.1271
2024-09-18,JGRO,74.5872
2024-09-18,JIRE,60.8587
2024-09-18,JMEE,58.7055
2024-09-18,JMST,48.2155
2024-09-18,JPIE,41.4912
2024-09-18,JPST,46.5257
2024-09-19,BBRE,95.6909
2024-09-19,HELO,59.8946
2024-09-19,JAGG,43.8647
2024-09-19,JAVA,62.1312
2024-09-19,JBND,50.3308
2024-09-19,JCPB,44.0216
2024-09-19,JEMA,36.8494
2024-09-19,JEPI,50.6245
2024-09-19,JEPQ,43.8618
2024-09-19,JGLO,60.1641
2024-09-19,JGRO,76.4025
2024-09-19,JIRE,62.1024
2024-09-19,JMEE,59.7734
2024-09-19,JMST,48.2439
2024-09-19,JPIE,41.5899
2024-09-19,JPST,46.5533
2024-09-20,BBRE,95.2886
2024-09-20,HELO,59.796
2024-09-20,JAGG,43.8277
2024-09-20,JAVA,61.8783
2024-09-20,JBND,50.239
2024-09-20,JCPB,43.9852
2024-09-20,JEMA,36.7763
2024-09-20,JEPI,50.5732
2024-09-20,JEPQ,43.8537
2024-09-20,JGLO,59.7183
2024-09-20,JGRO,76.2728
2024-09-20,JIRE,61.1696
2024-09-20,JMEE,59.3325
2024-09-20,JMST,48.2534
2024-09-20,JPIE,41.5899
2024-09-20,JPST,46.5901
2024-09-23,BBRE,96.4004
2024-09-23,HELO,59.8848
2024-09-23,JAGG,43.8184
2024-09-23,JAVA,62.0437
2024-09-23,JBND,50.2206
2024-09-23,JCPB,43.9578
2024-09-23,JEMA,37.1149
2024-09-23,JEPI,50.7185
2024-09-23,JEPQ,43.9827
2024-09-23,JGLO,59.9896
2024-09-23,JGRO,76.3426
2024-09-23,JIRE,61.7161
2024-09-23,JMEE,59.597
2024-09-23,JMST,48.2676
2024-09-23,JPIE,41.5899
2024-09-23,JPST,46.5993
2024-09-24,BBRE,96.3368
2024-09-24,HELO,59.9954
2024-09-24,JAGG,43.8462
2024-09-24,JAVA,62.0603
2024-09-24,JBND,50.3217
2024-09-24,JCPB,44.0124
2024-09-24,JEMA,38.3542
2024-09-24,JEPI,50.6587
2024-09-24,JEPQ,44.0955
2024-09-24,JGLO,60.3579
2024-09-24,JGRO,76.7017
2024-09-24,JIRE,61.9705
2024-09-24,JMEE,59.4991
2024-09-24,JMST,48.2723
2024-09-24,JPIE,41.5809
2024-09-24,JPST,46.6268
2024-09-25,BBRE,95.8908
2024-09-25,HELO,59.9856
2024-09-25,JAGG,43.7259
2024-09-25,JAVA,61.6696
2024-09-25,JBND,50.1747
2024-09-25,JCPB,43.8759
2024-09-25,JEMA,37.9019
2024-09-25,JEPI,50.5561
2024-09-25,JEPQ,44.1116
2024-09-25,JGLO,60.3288
2024-09-25,JGRO,76.7715
2024-09-25,JIRE,61.5088
2024-09-25,JMEE,59.0582
2024-09-25,JMST,48.2534
2024-09-25,JPIE,41.6078
2024-09-25,JPST,46.6085
2024-09-26,BBRE,94.9515
2024-09-26,HELO,60.2227
2024-09-26,JAGG,43.7722
2024-09-26,JAVA,62.1091
2024-09-26,JBND,50.138
2024-09-26,JCPB,43.8668
2024-09-26,JEMA,39.4286
2024-09-26,JEPI,50.7185
2024-09-26,JEPQ,44.2406
2024-09-26,JGLO,61.0751
2024-09-26,JGRO,76.9012
2024-09-26,JIRE,62.9881
2024-09-26,JMEE,59.4403
2024-09-26,JMST,48.2723
2024-09-26,JPIE,41.5809
2024-09-26,JPST,46.5993
2024-09-27,BBRE,95.0464
2024-09-27,HELO,60.2128
2024-09-27,JAGG,43.8184
2024-09-27,JAVA,62.3728
2024-09-27,JBND,50.239
2024-09-27,JCPB,43.9761
2024-09-27,JEMA,39.2105
2024-09-27,JEPI,50.7955
2024-09-27,JEPQ,44.168
2024-09-27,JGLO,60.9297
2024-09-27,JGRO,76.3526
2024-09-27,JIRE,62.4793
2024-09-27,JMEE,59.6166
2024-09-27,JMST,48.2818
2024-09-27,JPIE,41.6168
2024-09-27,JPST,46.636
2024-09-30,BBRE,95.7485
2024-09-30,HELO,60.4104
2024-09-30,JAGG,43.7629
2024-09-30,JAVA,62.5779
2024-09-30,JBND,50.1931
2024-09-30,JCPB,43.9032
2024-09-30,JEMA,38.4898
2024-09-30,JEPI,50.881
2024-09-30,JEPQ,44.2728
2024-09-30,JGLO,60.7359
2024-09-30,JGRO,76.6817
2024-09-30,JIRE,62.2155
2024-09-30,JMEE,59.7244
2024-09-30,JMST,48.2723
2024-09-30,JPIE,41.6168
2024-09-30,JPST,46.636
2024-10-01,BBRE,95.0369
2024-10-01,HELO,60.0547
2024-10-01,JAGG,43.8459
2024-10-01,JAVA,62.3337
2024-10-01,JBND,50.2871
2024-10-01,JCPB,44.0275
2024-10-01,JEMA,38.8028
2024-10-01,JEPI,50.8741
2024-10-01,JEPQ,43.9235
2024-10-01,JGLO,60.2513
2024-10-01,JGRO,75.7641
2024-10-01,JIRE,61.8103
2024-10-01,JMEE,59.1366
2024-10-01,JMST,48.2932
2024-10-01,JPIE,41.6988
2024-10-01,JPST,46.6323
2024-10-02,BBRE,94.5814
2024-10-02,HELO,60.0448
2024-10-02,JAGG,43.7717
2024-10-02,JAVA,62.3044
2024-10-02,JBND,50.2134
2024-10-02,JCPB,43.9498
2024-10-02,JEMA,39.5898
2024-10-02,JEPI,50.9429
2024-10-02,JEPQ,43.9724
2024-10-02,JGLO,60.387
2024-10-02,JGRO,75.8738
2024-10-02,JIRE,61.669
2024-10-02,JMEE,59.0876
2024-10-02,JMST,48.2647
2024-10-02,JPIE,41.6267
2024-10-02,JPST,46.6416
2024-10-03,BBRE,93.9077
2024-10-03,HELO,60.0942
2024-10-03,JAGG,43.6047
2024-10-03,JAVA,62.0603
2024-10-03,JBND,50.0382
2024-10-03,JCPB,43.7717
2024-10-03,JEMA,39.0967
2024-10-03,JEPI,50.702
2024-10-03,JEPQ,43.9154
2024-10-03,JGLO,60.2125
2024-10-03,JGRO,75.8539
2024-10-03,JIRE,61.1036
2024-10-03,JMEE,58.8818
2024-10-03,JMST,48.2837
2024-10-03,JPIE,41.6087
2024-10-03,JPST,46.6323
2024-10-04,BBRE,93.699
2024-10-04,HELO,60.2919
2024-10-04,JAGG,43.3449
2024-10-04,JAVA,62.5975
2024-10-04,JBND,49.6696
2024-10-04,JCPB,43.4792
2024-10-04,JEMA,39.5614
2024-10-04,JEPI,50.9085
2024-10-04,JEPQ,44.2655
2024-10-04,JGLO,60.5808
2024-10-04,JGRO,76.7017
2024-10-04,JIRE,61.4617
2024-10-04,JMEE,59.5186
2024-10-04,JMST,48.2837
2024-10-04,JPIE,41.5005
2024-10-04,JPST,46.5954
2024-10-07,BBRE,92.8735
2024-10-07,HELO,59.9658
2024-10-07,JAGG,43.1501
2024-10-07,JAVA,62.2654
2024-10-07,JBND,49.4944
2024-10-07,JCPB,43.3102
2024-10-07,JEMA,39.9596
2024-10-07,JEPI,50.6417
2024-10-07,JEPQ,44.0457
2024-10-07,JGLO,60.261
2024-10-07,JGRO,76.0434
2024-10-07,JIRE,61.179
2024-10-07,JMEE,59.1268
2024-10-07,JMST,48.2742
2024-10-07,JPIE,41.4194
2024-10-07,JPST,46.5954
2024-10-08,BBRE,92.8355
2024-10-08,HELO,60.282
2024-10-08,JAGG,43.2234
2024-10-08,JAVA,62.3533
2024-10-08,JBND,49.5037
2024-10-08,JCPB,43.3696
2024-10-08,JEMA,38.8312
2024-10-08,JEPI,50.7708
2024-10-08,JEPQ,44.3958
2024-10-08,JGLO,60.4742
2024-10-08,JGRO,77.2104
2024-10-08,JIRE,61.0
2024-10-08,JMEE,59.0778
2024-10-08,JMST,48.2647
2024-10-08,JPIE,41.4194
2024-10-08,JPST,46.6231
2024-10-09,BBRE,92.9968
2024-10-09,HELO,60.5488
2024-10-09,JAGG,43.1501
2024-10-09,JAVA,62.7733
2024-10-09,JBND,49.4207
2024-10-09,JCPB,43.2599
2024-10-09,JEMA,38.5373
2024-10-09,JEPI,50.9688
2024-10-09,JEPQ,44.5749
2024-10-09,JGLO,60.7359
2024-10-09,JGRO,77.7589
2024-10-09,JIRE,61.1131
2024-10-09,JMEE,59.4305
2024-10-09,JMST,48.2742
2024-10-09,JPIE,41.4103
2024-10-09,JPST,46.6139
2024-10-10,BBRE,92.4123
2024-10-10,HELO,60.529
2024-10-10,JAGG,43.1408
2024-10-10,JAVA,62.6365
2024-10-10,JBND,49.3931
2024-10-10,JCPB,43.2416
2024-10-10,JEMA,38.5752
2024-10-10,JEPI,50.9085
2024-10-10,JEPQ,44.583
2024-10-10,JGLO,60.7552
2024-10-10,JGRO,77.6592
2024-10-10,JIRE,61.0188
2024-10-10,JMEE,59.1561
2024-10-10,JMST,48.2932
2024-10-10,JPIE,41.4554
2024-10-10,JPST,46.6139
2024-10-11,BBRE,93.3574
2024-10-11,HELO,60.776
2024-10-11,JAGG,43.1501
2024-10-11,JAVA,63.33
2024-10-11,JBND,49.4023
2024-10-11,JCPB,43.2508
2024-10-11,JEMA,38.9896
2024-10-11,JEPI,51.1753
2024-10-11,JEPQ,44.6644
2024-10-11,JGLO,61.1817
2024-10-11,JGRO,78.2277
2024-10-11,JIRE,61.3204
2024-10-11,JMEE,60.1555
2024-10-11,JMST,48.2837
2024-10-11,JPIE,41.4464
2024-10-11,JPST,46.6416
2024-10-14,BBRE,93.8793
2024-10-14,HELO,61.0428
2024-10-14,JAGG,43.0388
2024-10-14,JAVA,63.8184
2024-10-14,JBND,49.3055
2024-10-14,JCPB,43.2225
2024-10-14,JEMA,38.7933
2024-10-14,JEPI,51.3905
2024-10-14,JEPQ,44.8517
2024-10-14,JGLO,61.4627
2024-10-14,JGRO,78.7763
2024-10-14,JIRE,61.4994
2024-10-14,JMEE,60.5278
2024-10-14,JMST,48.2742
2024-10-14,JPIE,41.4554
2024-10-14,JPST,46.6508
2024-10-15,BBRE,94.7522
2024-10-15,HELO,60.8847
2024-10-15,JAGG,43.2429
2024-10-15,JAVA,63.5156
2024-10-15,JBND,49.5497
2024-10-15,JCPB,43.365
2024-10-15,JEMA,37.9873
2024-10-15,JEPI,51.27
2024-10-15,JEPQ,44.6482
2024-10-15,JGLO,60.7456
2024-10-15,JGRO,77.8188
2024-10-15,JIRE,60.5195
2024-10-15,JMEE,60.4494
2024-10-15,JMST,48.2932
2024-10-15,JPIE,41.4825
2024-10-15,JPST,46.66
2024-10-16,BBRE,95.9952
2024-10-16,HELO,61.0724
2024-10-16,JAGG,43.3449
2024-10-16,JAVA,63.9746
2024-10-16,JBND,49.6143
2024-10-16,JCPB,43.4427
2024-10-16,JEMA,38.2623
2024-10-16,JEPI,51.4421
2024-10-16,JEPQ,44.7051
2024-10-16,JGLO,61.0169
2024-10-16,JGRO,77.9385
2024-10-16,JIRE,60.6137
2024-10-16,JMEE,61.0666
2024-10-16,JMST,48.2885
2024-10-16,JPIE,41.5185
2024-10-16,JPST,46.6785
2024-10-17,BBRE,95.462
2024-10-17,HELO,61.1811
2024-10-17,JAGG,43.1037
2024-10-17,JAVA,63.9356
2024-10-17,JBND,49.4484
2024-10-17,JCPB,43.2416
2024-10-17,JEMA,38.1295
2024-10-17,JEPI,51.5024
2024-10-17,JEPQ,44.7703
2024-10-17,JGLO,61.3173
2024-10-17,JGRO,78.128
2024-10-17,JIRE,60.6702
2024-10-17,JMEE,61.1646
2024-10-17,JMST,48.2742
2024-10-17,JPIE,41.5275
2024-10-17,JPST,46.6693
2024-10-18,BBRE,96.0844
2024-10-18,HELO,61.2799
2024-10-18,JAGG,43.164
2024-10-18,JAVA,64.0137
2024-10-18,JBND,49.4299
2024-10-18,JCPB,43.2965
2024-10-18,JEMA,38.6605
2024-10-18,JEPI,51.554
2024-10-18,JEPQ,44.9982
2024-10-18,JGLO,61.579
2024-10-18,JGRO,78.6467
2024-10-18,JIRE,61.1036
2024-10-18,JMEE,60.998
2024-10-18,JMST,48.2932
2024-10-18,JPIE,41.5275
2024-10-18,JPST,46.6877
2024-10-21,BBRE,94.1544
2024-10-21,HELO,61.1021
2024-10-21,JAGG,42.8068
2024-10-21,JAVA,63.4277
2024-10-21,JBND,49.1258
2024-10-21,JCPB,42.9949
2024-10-21,JEMA,38.2907
2024-10-21,JEPI,51.3389
2024-10-21,JEPQ,45.0715
2024-10-21,JGLO,61.3077
2024-10-21,JGRO,78.8661
2024-10-21,JIRE,60.3122
2024-10-21,JMEE,60.1653
2024-10-21,JMST,48.3027
2024-10-21,JPIE,41.4734
2024-10-21,JPST,46.6785
2024-10-22,BBRE,94.5055
2024-10-22,HELO,61.2503
2024-10-22,JAGG,42.7883
2024-10-22,JAVA,63.4765
2024-10-22,JBND,49.1166
2024-10-22,JCPB,42.9858
2024-10-22,JEMA,38.3286
2024-10-22,JEPI,51.2958
2024-10-22,JEPQ,45.1285
2024-10-22,JGLO,61.3367
2024-10-22,JGRO,78.7863
2024-10-22,JIRE,60.0483
2024-10-22,JMEE,59.7636
2024-10-22,JMST,48.2932
2024-10-22,JPIE,41.4734
2024-10-22,JPST,46.6877
2024-10-23,BBRE,95.4117
2024-10-23,HELO,60.9539
2024-10-23,JAGG,42.6862
2024-10-23,JAVA,63.2616
2024-10-23,JBND,49.0152
2024-10-23,JCPB,42.867
2024-10-23,JEMA,37.9683
2024-10-23,JEPI,51.2356
2024-10-23,JEPQ,44.7133
2024-10-23,JGLO,60.7068
2024-10-23,JGRO,77.5994
2024-10-23,JIRE,59.4265
2024-10-23,JMEE,59.4697
2024-10-23,JMST,48.2647
2024-10-23,JPIE,41.3833
2024-10-23,JPST,46.6785
2024-10-24,BBRE,95.2466
2024-10-24,HELO,61.0823
2024-10-24,JAGG,42.7697
2024-10-24,JAVA,63.1542
2024-10-24,JBND,49.0981
2024-10-24,JCPB,42.9401
2024-10-24,JEMA,37.8877
2024-10-24,JEPI,51.1151
2024-10-24,JEPQ,44.9819
2024-10-24,JGLO,60.9781
2024-10-24,JGRO,77.9285
2024-10-24,JIRE,59.7751
2024-10-24,JMEE,59.597
2024-10-24,JMST,48.2742
2024-10-24,JPIE,41.4194
2024-10-24,JPST,46.6785
2024-10-25,BBRE,94.4011
2024-10-25,HELO,61.112
2024-10-25,JAGG,42.6955
2024-10-25,JAVA,62.8123
2024-10-25,JBND,48.9783
2024-10-25,JCPB,42.8761
2024-10-25,JEMA,37.9114
2024-10-25,JEPI,50.9774
2024-10-25,JEPQ,45.1041
2024-10-25,JGLO,60.9588
2024-10-25,JGRO,78.2377
2024-10-25,JIRE,59.4265
2024-10-25,JMEE,59.1953
2024-10-25,JMST,48.2837
2024-10-25,JPIE,41.3833
2024-10-25,JPST,46.6877
2024-10-28,BBRE,94.7712
2024-10-28,HELO,61.2009
2024-10-28,JAGG,42.6306
2024-10-28,JAVA,63.2323
2024-10-28,JBND,48.9507
2024-10-28,JCPB,42.8213
2024-10-28,JEMA,37.9778
2024-10-28,JEPI,51.0893
2024-10-28,JEPQ,45.1611
2024-10-28,JGLO,61.0751
2024-10-28,JGRO,78.3474
2024-10-28,JIRE,59.9918
2024-10-28,JMEE,59.8811
2024-10-28,JMST,48.2932
2024-10-28,JPIE,41.3923
2024-10-28,JPST,46.6969
2024-10-29,BBRE,94.478
2024-10-29,HELO,61.2997
2024-10-29,JAGG,42.6584
2024-10-29,JAVA,62.9686
2024-10-29,JBND,48.9691
2024-10-29,JCPB,42.8661
2024-10-29,JEMA,37.7786
2024-10-29,JEPI,50.986
2024-10-29,JEPQ,45.4216
2024-10-29,JGLO,60.9878
2024-10-29,JGRO,78.916
2024-10-29,JIRE,59.7091
2024-10-29,JMEE,59.8518
2024-10-29,JMST,48.298
2024-10-29,JPIE,41.4013
2024-10-29,JPST,46.7062
2024-10-30,BBRE,94.8092
2024-10-30,HELO,61.2305
2024-10-30,JAGG,42.6491
2024-10-30,JAVA,62.9881
2024-10-30,JBND,48.9599
2024-10-30,JCPB,42.8396
2024-10-30,JEMA,37.4657
2024-10-30,JEPI,50.9085
2024-10-30,JEPQ,45.275
2024-10-30,JGLO,60.6874
2024-10-30,JGRO,78.6367
2024-10-30,JIRE,59.3134
2024-10-30,JMEE,59.8518
2024-10-30,JMST,48.2837
2024-10-30,JPIE,41.3653
2024-10-30,JPST,46.6785
2024-10-31,BBRE,92.9114
2024-10-31,HELO,60.3808
2024-10-31,JAGG,42.6399
2024-10-31,JAVA,62.5486
2024-10-31,JBND,48.923
2024-10-31,JCPB,42.7939
2024-10-31,JEMA,37.3519
2024-10-31,JEPI,50.5126
2024-10-31,JEPQ,44.4365
2024-10-31,JGLO,59.5341
2024-10-31,JGRO,76.5221
2024-10-31,JIRE,58.7952
2024-10-31,JMEE,58.9798
2024-10-31,JMST,48.279
2024-10-31,JPIE,41.3562
2024-10-31,JPST,46.6969
2024-11-01,BBRE,91.8487
2024-11-01,HELO,60.5685
2024-11-01,JAGG,42.4274
2024-11-01,JAVA,62.5389
2024-11-01,JBND,48.7546
2024-11-01,JCPB,42.659
2024-11-01,JEMA,37.461
2024-11-01,JEPI,50.6469
2024-11-01,JEPQ,44.7273
2024-11-01,JGLO,59.9606
2024-11-01,JGRO,77.1505
2024-11-01,JIRE,58.9742
2024-11-01,JMEE,59.0974
2024-11-01,JMST,48.2885
2024-11-01,JPIE,41.32
2024-11-01,JPST,46.6932
2024-11-04,BBRE,92.883
2024-11-04,HELO,60.45
2024-11-04,JAGG,42.6229
2024-11-04,JAVA,62.4314
2024-11-04,JBND,48.9406
2024-11-04,JCPB,42.815
2024-11-04,JEMA,37.6743
2024-11-04,JEPI,50.6122
2024-11-04,JEPQ,44.6534
2024-11-04,JGLO,59.728
2024-11-04,JGRO,76.8313
2024-11-04,JIRE,58.993
2024-11-04,JMEE,59.3423
2024-11-04,JMST,48.3075
2024-11-04,JPIE,41.3472
2024-11-04,JPST,46.7025
2024-11-05,BBRE,94.1639
2024-11-05,HELO,60.8551
2024-11-05,JAGG,42.716
2024-11-05,JAVA,63.0761
2024-11-05,JBND,48.9961
2024-11-05,JCPB,42.8976
2024-11-05,JEMA,38.2423
2024-11-05,JEPI,51.002
2024-11-05,JEPQ,45.1299
2024-11-05,JGLO,60.513
2024-11-05,JGRO,77.9983
2024-11-05,JIRE,59.6809
2024-11-05,JMEE,60.3514
2024-11-05,JMST,48.3266
2024-11-05,JPIE,41.3653
2024-11-05,JPST,46.721
2024-11-06,BBRE,92.8166
2024-11-06,HELO,61.7641
2024-11-06,JAGG,42.3902
2024-11-06,JAVA,65.1858
2024-11-06,JBND,48.6537
2024-11-06,JCPB,42.5947
2024-11-06,JEMA,37.8507
2024-11-06,JEPI,51.617
2024-11-06,JEPQ,45.9761
2024-11-06,JGLO,61.1526
2024-11-06,JGRO,79.8834
2024-11-06,JIRE,58.6915
2024-11-06,JMEE,63.1437
2024-11-06,JMST,48.2456
2024-11-06,JPIE,41.3381
2024-11-06,JPST,46.7025
2024-11-07,BBRE,93.7464
2024-11-07,HELO,61.9222
2024-11-07,JAGG,42.6881
2024-11-07,JAVA,64.9709
2024-11-07,JBND,48.9868
2024-11-07,JCPB,42.87
2024-11-07,JEMA,38.6226
2024-11-07,JEPI,51.6863
2024-11-07,JEPQ,46.3623
2024-11-07,JGLO,61.9182
2024-11-07,JGRO,81.1203
2024-11-07,JIRE,59.6809
2024-11-07,JMEE,62.9869
2024-11-07,JMST,48.298
2024-11-07,JPIE,41.4559
2024-11-07,JPST,46.7396
2024-11-08,BBRE,95.1507
2024-11-08,HELO,62.0407
2024-11-08,JAGG,42.7905
2024-11-08,JAVA,65.3322
2024-11-08,JBND,49.0701
2024-11-08,JCPB,42.9985
2024-11-08,JEMA,37.8261
2024-11-08,JEPI,51.9982
2024-11-08,JEPQ,46.4526
2024-11-08,JGLO,61.7728
2024-11-08,JGRO,81.3497
2024-11-08,JIRE,58.7858
2024-11-08,JMEE,63.3592
2024-11-08,JMST,48.3742
2024-11-08,JPIE,41.4378
2024-11-08,JPST,46.7581
2024-11-11,BBRE,94.8661
2024-11-11,HELO,62.1692
2024-11-11,JAGG,42.6788
2024-11-11,JAVA,65.8206
2024-11-11,JBND,49.0331
2024-11-11,JCPB,42.9159
2024-11-11,JEMA,37.4847
2024-11-11,JEPI,52.0415
2024-11-11,JEPQ,46.4691
2024-11-11,JGLO,61.7341
2024-11-11,JGRO,81.4295
2024-11-11,JIRE,58.9271
2024-11-11,JMEE,63.996
2024-11-11,JMST,48.3552
2024-11-11,JPIE,41.4197
2024-11-11,JPST,46.7581
2024-11-12,BBRE,93.5415
2024-11-12,HELO,62.1396
2024-11-12,JAGG,42.4646
2024-11-12,JAVA,65.2932
2024-11-12,JBND,48.737
2024-11-12,JCPB,42.6681
2024-11-12,JEMA,36.7925
2024-11-12,JEPI,51.9462
2024-11-12,JEPQ,46.5348
2024-11-12,JGLO,61.1817
2024-11-12,JGRO,81.5093
2024-11-12,JIRE,57.7493
2024-11-12,JMEE,63.3298
2024-11-12,JMST,48.3552
2024-11-12,JPIE,41.3562
2024-11-12,JPST,46.7396
2024-11-13,BBRE,94.069
2024-11-13,HELO,62.0901
2024-11-13,JAGG,42.4274
2024-11-13,JAVA,65.2932
2024-11-13,JBND,48.6722
2024-11-13,JCPB,42.6544
2024-11-13,JEMA,36.6787
2024-11-13,JEPI,51.9895
2024-11-13,JEPQ,46.543
2024-11-13,JGLO,60.8909
2024-11-13,JGRO,81.4993
2024-11-13,JIRE,57.4195
2024-11-13,JMEE,62.9477
2024-11-13,JMST,48.36
2024-11-13,JPIE,41.3925
2024-11-13,JPST,46.7674
2024-11-14,BBRE,93.0917
2024-11-14,HELO,62.0506
2024-11-14,JAGG,42.4181
2024-11-14,JAVA,65.0099
2024-11-14,JBND,48.7
2024-11-14,JCPB,42.6406
2024-11-14,JEMA,36.4416
2024-11-14,JEPI,51.7816
2024-11-14,JEPQ,46.4444
2024-11-14,JGLO,60.8328
2024-11-14,JGRO,80.8809
2024-11-14,JIRE,57.6362
2024-11-14,JMEE,62.3697
2024-11-14,JMST,48.3742
2024-11-14,JPIE,41.3834
2024-11-14,JPST,46.7674
2024-11-15,BBRE,93.291
2024-11-15,HELO,61.4479
2024-11-15,JAGG,42.4367
2024-11-15,JAVA,64.6583
2024-11-15,JBND,48.6722
2024-11-15,JCPB,42.6222
2024-11-15,JEMA,36.3752
2024-11-15,JEPI,51.3398
2024-11-15,JEPQ,45.6886
2024-11-15,JGLO,60.135
2024-11-15,JGRO,79.0755
2024-11-15,JIRE,57.297
2024-11-15,JMEE,61.7034
2024-11-15,JMST,48.4219
2024-11-15,JPIE,41.3653
2024-11-15,JPST,46.7859
2024-11-18,BBRE,93.7844
2024-11-18,HELO,61.5862
2024-11-18,JAGG,42.4646
2024-11-18,JAVA,65.049
2024-11-18,JBND,48.7278
2024-11-18,JCPB,42.6773
2024-11-18,JEMA,36.6881
2024-11-18,JEPI,51.4784
2024-11-18,JEPQ,45.9679
2024-11-18,JGLO,60.4064
2024-11-18,JGRO,79.3548
2024-11-18,JIRE,57.608
2024-11-18,JMEE,61.8112
2024-11-18,JMST,48.4123
2024-11-18,JPIE,41.4015
2024-11-18,JPST,46.8045
2024-11-19,BBRE,94.4638
2024-11-19,HELO,61.6554
2024-11-19,JAGG,42.5671
2024-11-19,JAVA,64.8927
2024-11-19,JBND,48.8295
2024-11-19,JCPB,42.7324
2024-11-19,JEMA,36.7071
2024-11-19,JEPI,51.4611
2024-11-19,JEPQ,46.2144
2024-11-19,JGLO,60.4645
2024-11-19,JGRO,80.2625
2024-11-19,JIRE,57.4101
2024-11-19,JMEE,61.8308
2024-11-19,JMST,48.4123
2024-11-19,JPIE,41.4378
2024-11-19,JPST,46.8137
2024-11-20,BBRE,94.1449
2024-11-20,HELO,61.6455
2024-11-20,JAGG,42.4646
2024-11-20,JAVA,65.0392
2024-11-20,JBND,48.774
2024-11-20,JCPB,42.7048
2024-11-20,JEMA,36.6502
2024-11-20,JEPI,51.5217
2024-11-20,JEPQ,46.1815
2024-11-20,JGLO,60.4064
2024-11-20,JGRO,80.3223
2024-11-20,JIRE,57.1745
2024-11-20,JMEE,62.0757
2024-11-20,JMST,48.4219
2024-11-20,JPIE,41.4378
2024-11-20,JPST,46.823
2024-11-21,BBRE,94.7807
2024-11-21,HELO,61.8036
2024-11-21,JAGG,42.446
2024-11-21,JAVA,65.8108
2024-11-21,JBND,48.737
2024-11-21,JCPB,42.6957
2024-11-21,JEMA,36.5962
2024-11-21,JEPI,51.8942
2024-11-21,JEPQ,46.3951
2024-11-21,JGLO,60.6196
2024-11-21,JGRO,80.7213
2024-11-21,JIRE,57.3536
2024-11-21,JMEE,63.1339
2024-11-21,JMST,48.4219
2024-11-21,JPIE,41.4559
2024-11-21,JPST,46.8045
2024-11-22,BBRE,95.2931
2024-11-22,HELO,61.9123
2024-11-22,JAGG,42.4833
2024-11-22,JAVA,66.3187
2024-11-22,JBND,48.7555
2024-11-22,JCPB,42.7324
2024-11-22,JEMA,36.5744
2024-11-22,JEPI,52.1108
2024-11-22,JEPQ,46.4773
2024-11-22,JGLO,60.6777
2024-11-22,JGRO,80.7113
2024-11-22,JIRE,57.4761
2024-11-22,JMEE,64.1038
2024-11-22,JMST,48.4409
2024-11-22,JPIE,41.4469
2024-11-22,JPST,46.823
2024-11-25,BBRE,96.4222
2024-11-25,HELO,62.1198
2024-11-25,JAGG,42.8464
2024-11-25,JAVA,66.9145
2024-11-25,JBND,49.1812
2024-11-25,JCPB,43.0903
2024-11-25,JEMA,36.7356
2024-11-25,JEPI,52.4053
2024-11-25,JEPQ,46.5759
2024-11-25,JGLO,60.9878
2024-11-25,JGRO,80.6614
2024-11-25,JIRE,57.7587
2024-11-25,JMEE,65.0541
2024-11-25,JMST,48.4505
2024-11-25,JPIE,41.5375
2024-11-25,JPST,46.8323
2024-11-26,BBRE,96.9488
2024-11-26,HELO,62.2581
2024-11-26,JAGG,42.7812
2024-11-26,JAVA,66.9145
2024-11-26,JBND,49.0979
2024-11-26,JCPB,43.0261
2024-11-26,JEMA,36.4416
2024-11-26,JEPI,52.5612
2024-11-26,JEPQ,46.8059
2024-11-26,JGLO,61.1914
2024-11-26,JGRO,81.3995
2024-11-26,JIRE,57.4289
2024-11-26,JMEE,64.6818
2024-11-26,JMST,48.46
2024-11-26,JPIE,41.5465
2024-11-26,JPST,46.8323
2024-11-27,BBRE,97.5988
2024-11-27,HELO,62.2087
2024-11-27,JAGG,42.9208
2024-11-27,JAVA,66.7973
2024-11-27,JBND,49.2182
2024-11-27,JCPB,43.1821
2024-11-27,JEMA,36.4321
2024-11-27,JEPI,52.5699
2024-11-27,JEPQ,46.5677
2024-11-27,JGLO,61.1914
2024-11-27,JGRO,80.831
2024-11-27,JIRE,57.7493
2024-11-27,JMEE,64.5153
2024-11-27,JMST,48.4886
2024-11-27,JPIE,41.6009
2024-11-27,JPST,46.8601
2024-11-29,BBRE,96.963
2024-11-29,HELO,62.2878
2024-11-29,JAGG,43.0512
2024-11-29,JAVA,66.9536
2024-11-29,JBND,49.4218
2024-11-29,JCPB,43.3014
2024-11-29,JEMA,36.5364
2024-11-29,JEPI,52.6911
2024-11-29,JEPQ,46.9045
2024-11-29,JGLO,61.579
2024-11-29,JGRO,81.4195
2024-11-29,JIRE,58.6444
2024-11-29,JMEE,64.6426
2024-11-29,JMST,48.4981
2024-11-29,JPIE,41.6371
2024-11-29,JPST,46.8879
2024-12-02,BBRE,95.6688
2024-12-02,HELO,62.3964
2024-12-02,JAGG,43.1132
2024-12-02,JAVA,66.6606
2024-12-02,JBND,49.4301
2024-12-02,JCPB,43.3539
2024-12-02,JEMA,36.6502
2024-12-02,JEPI,52.5795
2024-12-02,JEPQ,47.2262
2024-12-02,JGLO,61.7728
2024-12-02,JGRO,81.9381
2024-12-02,JIRE,58.8046
2024-12-02,JMEE,64.5153
2024-12-02,JMST,48.5134
2024-12-02,JPIE,41.6499
2024-12-02,JPST,46.9037
2024-12-03,BBRE,95.0558
2024-12-03,HELO,62.4261
2024-12-03,JAGG,43.0198
2024-12-03,JAVA,66.309
2024-12-03,JBND,49.4115
2024-12-03,JCPB,43.2802
2024-12-03,JEMA,36.745
2024-12-03,JEPI,52.3964
2024-12-03,JEPQ,47.3505
2024-12-03,JGLO,61.8019
2024-12-03,JGRO,82.3172
2024-12-03,JIRE,59.0873
2024-12-03,JMEE,64.3879
2024-12-03,JMST,48.5038
2024-12-03,JPIE,41.6681
2024-12-03,JPST,46.913
2024-12-04,BBRE,94.923
2024-12-04,HELO,62.5644
2024-12-04,JAGG,43.1599
2024-12-04,JAVA,66.2601
2024-12-04,JBND,49.5072
2024-12-04,JCPB,43.4185
2024-12-04,JEMA,37.039
2024-12-04,JEPI,52.4661
2024-12-04,JEPQ,47.6572
2024-12-04,JGLO,61.9473
2024-12-04,JGRO,83.4742
2024-12-04,JIRE,59.1438
2024-12-04,JMEE,64.4369
2024-12-04,JMST,48.5325
2024-12-04,JPIE,41.7227
2024-12-04,JPST,46.9223
2024-12-05,BBRE,94.5814
2024-12-05,HELO,62.6336
2024-12-05,JAGG,43.1693
2024-12-05,JAVA,66.0159
2024-12-05,JBND,49.5601
2024-12-05,JCPB,43.4369
2024-12-05,JEMA,37.2571
2024-12-05,JEPI,52.3092
2024-12-05,JEPQ,47.5992
2024-12-05,JGLO,61.9085
2024-12-05,JGRO,83.3545
2024-12-05,JIRE,59.4924
2024-12-05,JMEE,63.8393
2024-12-05,JMST,48.5229
2024-12-05,JPIE,41.7683
2024-12-05,JPST,46.9316
2024-12-06,BBRE,94.6289
2024-12-06,HELO,62.5249
2024-12-06,JAGG,43.272
2024-12-06,JAVA,65.9183
2024-12-06,JBND,49.6716
2024-12-06,JCPB,43.5383
2024-12-06,JEMA,37.2002
2024-12-06,JEPI,52.2394
2024-12-06,JEPQ,47.765
2024-12-06,JGLO,61.9861
2024-12-06,JGRO,83.923
2024-12-06,JIRE,59.3605
2024-12-06,JMEE,63.7903
2024-12-06,JMST,48.5516
2024-12-06,JPIE,41.7865
2024-12-06,JPST,46.9688
2024-12-09,BBRE,94.7238
2024-12-09,HELO,62.5249
2024-12-09,JAGG,43.1693
2024-12-09,JAVA,65.4788
2024-12-09,JBND,49.5601
2024-12-09,JCPB,43.4277
2024-12-09,JEMA,37.9588
2024-12-09,JEPI,52.0302
2024-12-09,JEPQ,47.6241
2024-12-09,JGLO,61.8601
2024-12-09,JGRO,83.1051
2024-12-09,JIRE,59.4924
2024-12-09,JMEE,63.4572
2024-12-09,JMST,48.5516
2024-12-09,JPIE,41.8047
2024-12-09,JPST,46.9781
2024-12-10,BBRE,93.68
2024-12-10,HELO,62.4953
2024-12-10,JAGG,43.1319
2024-12-10,JAVA,65.0978
2024-12-10,JBND,49.5323
2024-12-10,JCPB,43.3908
2024-12-10,JEMA,37.2192
2024-12-10,JEPI,52.004
2024-12-10,JEPQ,47.5826
2024-12-10,JGLO,61.4918
2024-12-10,JGRO,82.6762
2024-12-10,JIRE,58.9836
2024-12-10,JMEE,63.1241
2024-12-10,JMST,48.542
2024-12-10,JPIE,41.8047
2024-12-10,JPST,46.9781
2024-12-11,BBRE,93.31
2024-12-11,HELO,62.5842
2024-12-11,JAGG,43.0292
2024-12-11,JAVA,64.9904
2024-12-11,JBND,49.4022
2024-12-11,JCPB,43.2894
2024-12-11,JEMA,37.515
2024-12-11,JEPI,51.9866
2024-12-11,JEPQ,47.9805
2024-12-11,JGLO,61.7535
2024-12-11,JGRO,84.0327
2024-12-11,JIRE,59.2663
2024-12-11,JMEE,63.6727
2024-12-11,JMST,48.5325
2024-12-11,JPIE,41.7865
2024-12-11,JPST,46.9874
2024-12-12,BBRE,93.1676
2024-12-12,HELO,62.436
2024-12-12,JAGG,42.8517
2024-12-12,JAVA,64.5411
2024-12-12,JBND,49.2258
2024-12-12,JCPB,43.1235
2024-12-12,JEMA,37.295
2024-12-12,JEPI,51.8906
2024-12-12,JEPQ,47.8479
2024-12-12,JGLO,61.2786
2024-12-12,JGRO,83.534
2024-12-12,JIRE,58.8046
2024-12-12,JMEE,63.0359
2024-12-12,JMST,48.542
2024-12-12,JPIE,41.7774
2024-12-12,JPST,46.9781
2024-12-13,BBRE,93.1676
2024-12-13,HELO,62.4162
2024-12-13,JAGG,42.6743
2024-12-13,JAVA,64.3165
2024-12-13,JBND,49.0586
2024-12-13,JCPB,42.9622
2024-12-13,JEMA,37.4752
2024-12-13,JEPI,51.8209
2024-12-13,JEPQ,47.9557
2024-12-13,JGLO,61.1429
2024-12-13,JGRO,83.6038
2024-12-13,JIRE,58.4842
2024-12-13,JMEE,62.7909
2024-12-13,JMST,48.5229
2024-12-13,JPIE,41.7227
2024-12-13,JPST,46.9874
2024-12-16,BBRE,92.8166
2024-12-16,HELO,62.436
2024-12-16,JAGG,42.7023
2024-12-16,JAVA,64.1016
2024-12-16,JBND,49.0781
2024-12-16,JCPB,42.9853
2024-12-16,JEMA,37.2476
2024-12-16,JEPI,51.6465
2024-12-16,JEPQ,48.1297
2024-12-16,JGLO,61.0977
2024-12-16,JGRO,84.5215
2024-12-16,JIRE,58.5408
2024-12-16,JMEE,62.8595
2024-12-16,JMST,48.5516
2024-12-16,JPIE,41.7318
2024-12-16,JPST,46.9967
2024-12-17,BBRE,92.6078
2024-12-17,HELO,62.4755
2024-12-17,JAGG,42.7116
2024-12-17,JAVA,63.6718
2024-12-17,JBND,49.0688
2024-12-17,JCPB,42.9761
2024-12-17,JEMA,37.0855
2024-12-17,JEPI,51.5419
2024-12-17,JEPQ,48.0717
2024-12-17,JGLO,60.8915
2024-12-17,JGRO,84.1225
2024-12-17,JIRE,58.2675
2024-12-17,JMEE,62.0366
2024-12-17,JMST,48.542
2024-12-17,JPIE,41.7409
2024-12-17,JPST,46.9874
2024-12-18,BBRE,88.8883
2024-12-18,HELO,61.2997
2024-12-18,JAGG,42.3567
2024-12-18,JAVA,61.9626
2024-12-18,JBND,48.7622
2024-12-18,JCPB,42.6673
2024-12-18,JEMA,36.2709
2024-12-18,JEPI,50.3647
2024-12-18,JEPQ,47.1184
2024-12-18,JGLO,59.4284
2024-12-18,JGRO,81.1103
2024-12-18,JIRE,56.7882
2024-12-18,JMEE,59.6656
2024-12-18,JMST,48.4943
2024-12-18,JPIE,41.6135
2024-12-18,JPST,46.9502
2024-12-19,BBRE,87.5409
2024-12-19,HELO,61.2503
2024-12-19,JAGG,42.2259
2024-12-19,JAVA,61.5426
2024-12-19,JBND,48.6228
2024-12-19,JCPB,42.5245
2024-12-19,JEMA,36.5459
2024-12-19,JEPI,50.2601
2024-12-19,JEPQ,47.0852
2024-12-19,JGLO,59.2615
2024-12-19,JGRO,81.1402
2024-12-19,JIRE,56.6657
2024-12-19,JMEE,59.3717
2024-12-19,JMST,48.4838
2024-12-19,JPIE,41.6044
2024-12-19,JPST,46.9595
2024-12-20,BBRE,89.0781
2024-12-20,HELO,61.6455
2024-12-20,JAGG,42.3754
2024-12-20,JAVA,62.3044
2024-12-20,JBND,48.7157
2024-12-20,JCPB,42.6535
2024-12-20,JEMA,36.7261
2024-12-20,JEPI,50.7484
2024-12-20,JEPQ,47.4168
2024-12-20,JGLO,59.5168
2024-12-20,JGRO,82.008
2024-12-20,JIRE,56.3736
2024-12-20,JMEE,59.842
2024-12-20,JMST,48.5134
2024-12-20,JPIE,41.659
2024-12-20,JPST,46.9874
2024-12-23,BBRE,89.3722
2024-12-23,HELO,61.9518
2024-12-23,JAGG,42.2353
2024-12-23,JAVA,62.4803
2024-12-23,JBND,48.5857
2024-12-23,JCPB,42.506
2024-12-23,JEMA,36.8968
2024-12-23,JEPI,50.9141
2024-12-23,JEPQ,47.8064
2024-12-23,JGLO,60.0274
2024-12-23,JGRO,82.7361
2024-12-23,JIRE,56.76
2024-12-23,JMEE,59.9889
2024-12-23,JMST,48.5038
2024-12-23,JPIE,41.8867
2024-12-23,JPST,46.9874
2024-12-24,BBRE,90.0593
2024-12-24,HELO,62.4084
2024-12-24,JAGG,42.282
2024-12-24,JAVA,62.9391
2024-12-24,JBND,48.6395
2024-12-24,JCPB,42.5383
2024-12-24,JEMA,36.9375
2024-12-24,JEPI,51.289
2024-12-24,JEPQ,48.2043
2024-12-24,JGLO,60.5283
2024-12-24,JGRO,83.8473
2024-12-24,JIRE,57.1784
2024-12-24,JMEE,60.4587
2024-12-24,JMST,48.5277
2024-12-24,JPIE,41.659
2024-12-24,JPST,46.9967
2024-12-26,BBRE,90.3353
2024-12-26,HELO,62.656
2024-12-26,JAGG,42.338
2024-12-26,JAVA,63.0666
2024-12-26,JBND,48.6321
2024-12-26,JCPB,42.589
2024-12-26,JEMA,36.8404
2024-12-26,JEPI,51.3239
2024-12-26,JEPQ,48.1878
2024-12-26,JGLO,60.5876
2024-12-26,JGRO,83.7075
2024-12-26,JIRE,57.4016
2024-12-26,JMEE,60.9137
2024-12-26,JMST,48.5229
2024-12-26,JPIE,41.7136
2024-12-26,JPST,47.0153
2024-12-27,BBRE,89.4153
2024-12-27,HELO,62.0518
2024-12-27,JAGG,42.254
2024-12-27,JAVA,62.6352
2024-12-27,JBND,48.6042
2024-12-27,JCPB,42.5337
2024-12-27,JEMA,36.656
2024-12-27,JEPI,50.9751
2024-12-27,JEPQ,47.8645
2024-12-27,JGLO,60.1529
2024-12-27,JGRO,82.5793
2024-12-27,JIRE,57.0522
2024-12-27,JMEE,60.2213
2024-12-27,JMST,48.5134
2024-12-27,JPIE,41.6772
2024-12-27,JPST,47.0433
2024-12-30,BBRE,88.9841
2024-12-30,HELO,61.5665
2024-12-30,JAGG,42.4127
2024-12-30,JAVA,61.9684
2024-12-30,JBND,48.7529
2024-12-30,JCPB,42.6719
2024-12-30,JEMA,36.4472
2024-12-30,JEPI,50.5391
2024-12-30,JEPQ,47.4417
2024-12-30,JGLO,59.4909
2024-12-30,JGRO,81.6308
2024-12-30,JIRE,56.7512
2024-12-30,JMEE,59.7565
2024-12-30,JMST,48.5516
2024-12-30,JPIE,41.7227
2024-12-30,JPST,47.0619
2024-12-31,BBRE,89.7316
2024-12-31,HELO,61.4477
2024-12-31,JAGG,42.36
2024-12-31,JAVA,62.0665
2024-12-31,JBND,48.7119
2024-12-31,JCPB,42.6405
2024-12-31,JEMA,36.3258
2024-12-31,JEPI,50.5084
2024-12-31,JEPQ,47.1125
2024-12-31,JGLO,59.3229
2024-12-31,JGRO,80.902
2024-12-31,JIRE,56.7998
2024-12-31,JMEE,59.806
2024-12-31,JMST,48.5631
2024-12-31,JPIE,41.7465
2024-12-31,JPST,47.0591
2025-01-02,BBRE,88.8883
2025-01-02,HELO,61.2892
2025-01-02,JAGG,42.3881
2025-01-02,JAVA,62.0567
2025-01-02,JBND,48.7585
2025-01-02,JCPB,42.6497
2025-01-02,JEMA,36.2675
2025-01-02,JEPI,50.4733
2025-01-02,JEPQ,47.0289
2025-01-02,JGLO,59.2933
2025-01-02,JGRO,81.0418
2025-01-02,JIRE,56.5668
2025-01-02,JMEE,59.6774
2025-01-02,JMST,48.5727
2025-01-02,JPIE,41.7648
2025-01-02,JPST,47.0778
2025-01-03,BBRE,90.2011
2025-01-03,HELO,61.8042
2025-01-03,JAGG,42.3225
2025-01-03,JAVA,62.6646
2025-01-03,JBND,48.6746
2025-01-03,JCPB,42.5942
2025-01-03,JEMA,36.5297
2025-01-03,JEPI,50.9034
2025-01-03,JEPQ,47.6974
2025-01-03,JGLO,59.8663
2025-01-03,JGRO,82.3896
2025-01-03,JIRE,56.7512
2025-01-03,JMEE,60.4191
2025-01-03,JMST,48.5727
2025-01-03,JPIE,41.774
2025-01-03,JPST,47.0871
2025-01-06,BBRE,88.7829
2025-01-06,HELO,62.0816
2025-01-06,JAGG,42.2568
2025-01-06,JAVA,62.8411
2025-01-06,JBND,48.628
2025-01-06,JCPB,42.5479
2025-01-06,JEMA,36.7239
2025-01-06,JEPI,50.842
2025-01-06,JEPQ,48.1403
2025-01-06,JGLO,60.4789
2025-01-06,JGRO,83.3581
2025-01-06,JIRE,57.4599
2025-01-06,JMEE,60.4093
2025-01-06,JMST,48.5918
2025-01-06,JPIE,41.7831
2025-01-06,JPST,47.1058
2025-01-07,BBRE,88.2559
2025-01-07,HELO,61.6458
2025-01-07,JAGG,42.1162
2025-01-07,JAVA,62.7136
2025-01-07,JBND,48.4975
2025-01-07,JCPB,42.4183
2025-01-07,JEMA,36.4715
2025-01-07,JEPI,50.6225
2025-01-07,JEPQ,47.4467
2025-01-07,JGLO,59.9553
2025-01-07,JGRO,81.7906
2025-01-07,JIRE,57.5861
2025-01-07,JMEE,59.9444
2025-01-07,JMST,48.6014
2025-01-07,JPIE,41.774
2025-01-07,JPST,47.0964
2025-01-08,BBRE,88.3919
2025-01-08,HELO,61.7448
2025-01-08,JAGG,42.1631
2025-01-08,JAVA,62.7823
2025-01-08,JBND,48.5254
2025-01-08,JCPB,42.4507
2025-01-08,JEMA,36.3452
2025-01-08,JEPI,50.8244
2025-01-08,JEPQ,47.4801
2025-01-08,JGLO,59.9651
2025-01-08,JGRO,81.9304
2025-01-08,JIRE,57.3434
2025-01-08,JMEE,60.1521
2025-01-08,JMST,48.5823
2025-01-08,JPIE,41.7282
2025-01-08,JPST,47.1058
2025-01-10,BBRE,86.416
2025-01-10,HELO,61.0515
2025-01-10,JAGG,41.9568
2025-01-10,JAVA,61.9096
2025-01-10,JBND,48.2923
2025-01-10,JCPB,42.2378
2025-01-10,JEMA,35.7529
2025-01-10,JEPI,50.0957
2025-01-10,JEPQ,46.7782
2025-01-10,JGLO,59.066
2025-01-10,JGRO,80.6324
2025-01-10,JIRE,56.5085
2025-01-10,JMEE,59.2719
2025-01-10,JMST,48.611
2025-01-10,JPIE,41.6001
2025-01-10,JPST,47.1058
2025-01-13,BBRE,87.5084
2025-01-13,HELO,61.1406
2025-01-13,JAGG,41.8818
2025-01-13,JAVA,62.3312
2025-01-13,JBND,48.2364
2025-01-13,JCPB,42.1684
2025-01-13,JEMA,35.4033
2025-01-13,JEPI,50.2801
2025-01-13,JEPQ,46.6529
2025-01-13,JGLO,59.0858
2025-01-13,JGRO,80.3928
2025-01-13,JIRE,56.3435
2025-01-13,JMEE,59.6873
2025-01-13,JMST,48.5918
2025-01-13,JPIE,41.6276
2025-01-13,JPST,47.1151
2025-01-14,BBRE,88.2597
2025-01-14,HELO,61.1604
2025-01-14,JAGG,41.9099
2025-01-14,JAVA,62.8313
2025-01-14,JBND,48.2457
2025-01-14,JCPB,42.2054
2025-01-14,JEMA,35.8694
2025-01-14,JEPI,50.482
2025-01-14,JEPQ,46.5944
2025-01-14,JGLO,59.0858
2025-01-14,JGRO,80.273
2025-01-14,JIRE,56.5959
2025-01-14,JMEE,60.4785
2025-01-14,JMST,48.611
2025-01-14,JPIE,41.655
2025-01-14,JPST,47.1151
2025-01-15,BBRE,88.3517
2025-01-15,HELO,61.9231
2025-01-15,JAGG,42.2662
2025-01-15,JAVA,63.6745
2025-01-15,JBND,48.6653
2025-01-15,JCPB,42.5757
2025-01-15,JEMA,36.2967
2025-01-15,JEPI,50.921
2025-01-15,JEPQ,47.5052
2025-01-15,JGLO,59.8565
2025-01-15,JGRO,82.17
2025-01-15,JIRE,57.2172
2025-01-15,JMEE,61.3389
2025-01-15,JMST,48.611
2025-01-15,JPIE,41.7831
2025-01-15,JPST,47.1525
2025-01-16,BBRE,89.8015
2025-01-16,HELO,61.8141
2025-01-16,JAGG,42.3787
2025-01-16,JAVA,63.9294
2025-01-16,JBND,48.7492
2025-01-16,JCPB,42.6775
2025-01-16,JEMA,36.2773
2025-01-16,JEPI,51.1405
2025-01-16,JEPQ,47.2796
2025-01-16,JGLO,60.0639
2025-01-16,JGRO,81.8305
2025-01-16,JIRE,57.5181
2025-01-16,JMEE,61.6257
2025-01-16,JMST,48.6206
2025-01-16,JPIE,41.8655
2025-01-16,JPST,47.1618
2025-01-17,BBRE,89.7316
2025-01-17,HELO,62.1014
2025-01-17,JAGG,42.3787
2025-01-17,JAVA,64.3118
2025-01-17,JBND,48.7771
2025-01-17,JCPB,42.6821
2025-01-17,JEMA,36.3744
2025-01-17,JEPI,51.36
2025-01-17,JEPQ,47.8562
2025-01-17,JGLO,60.4888
2025-01-17,JGRO,82.6891
2025-01-17,JIRE,57.7705
2025-01-17,JMEE,61.9422
2025-01-17,JMST,48.6589
2025-01-17,JPIE,41.9204
2025-01-17,JPST,47.1712
2025-01-21,BBRE,91.5293
2025-01-21,HELO,62.3985
2025-01-21,JAGG,42.51
2025-01-21,JAVA,65.1061
2025-01-21,JBND,48.889
2025-01-21,JCPB,42.8209
2025-01-21,JEMA,36.7822
2025-01-21,JEPI,51.7551
2025-01-21,JEPQ,48.0985
2025-01-21,JGLO,61.2101
2025-01-21,JGRO,83.5079
2025-01-21,JIRE,59.0617
2025-01-21,JMEE,62.9312
2025-01-21,JMST,48.6493
2025-01-21,JPIE,42.0943
2025-01-21,JPST,47.1805
2025-01-22,BBRE,89.8993
2025-01-22,HELO,62.5768
2025-01-22,JAGG,42.4256
2025-01-22,JAVA,64.8119
2025-01-22,JBND,48.8517
2025-01-22,JCPB,42.7608
2025-01-22,JEMA,36.9667
2025-01-22,JEPI,51.6848
2025-01-22,JEPQ,48.5247
2025-01-22,JGLO,61.6053
2025-01-22,JGRO,84.7659
2025-01-22,JIRE,58.8287
2025-01-22,JMEE,62.7532
2025-01-22,JMST,48.6684
2025-01-22,JPIE,41.9478
2025-01-22,JPST,47.1899
2025-01-23,BBRE,90.5471
2025-01-23,HELO,62.8937
2025-01-23,JAGG,42.3412
2025-01-23,JAVA,65.2237
2025-01-23,JBND,48.7492
2025-01-23,JCPB,42.696
2025-01-23,JEMA,36.957
2025-01-23,JEPI,51.9219
2025-01-23,JEPQ,48.6667
2025-01-23,JGLO,61.7634
2025-01-23,JGRO,85.1553
2025-01-23,JIRE,59.3626
2025-01-23,JMEE,62.6543
2025-01-23,JMST,48.6684
2025-01-23,JPIE,41.9387
2025-01-23,JPST,47.1899
2025-01-24,BBRE,91.0061
2025-01-24,HELO,62.7452
2025-01-24,JAGG,42.4256
2025-01-24,JAVA,65.1453
2025-01-24,JBND,48.8387
2025-01-24,JCPB,42.7562
2025-01-24,JEMA,37.1415
2025-01-24,JEPI,51.8867
2025-01-24,JEPQ,48.5247
2025-01-24,JGLO,61.9314
2025-01-24,JGRO,84.8358
2025-01-24,JIRE,59.6927
2025-01-24,JMEE,62.4763
2025-01-24,JMST,48.702
2025-01-24,JPIE,41.957
2025-01-24,JPST,47.2085
2025-01-27,BBRE,91.88
2025-01-27,HELO,62.5471
2025-01-27,JAGG,42.6319
2025-01-27,JAVA,65.3316
2025-01-27,JBND,49.0289
2025-01-27,JCPB,42.9459
2025-01-27,JEMA,36.4035
2025-01-27,JEPI,52.0536
2025-01-27,JEPQ,47.5135
2025-01-27,JGLO,61.1607
2025-01-27,JGRO,82.2099
2025-01-27,JIRE,59.6441
2025-01-27,JMEE,61.8235
2025-01-27,JMST,48.7067
2025-01-27,JPIE,42.0211
2025-01-27,JPST,47.2272
2025-01-28,BBRE,90.8527
2025-01-28,HELO,62.5966
2025-01-28,JAGG,42.6319
2025-01-28,JAVA,64.8609
2025-01-28,JBND,49.0941
2025-01-28,JCPB,42.9737
2025-01-28,JEMA,36.7628
2025-01-28,JEPI,51.7814
2025-01-28,JEPQ,48.0651
2025-01-28,JGLO,61.3385
2025-01-28,JGRO,83.8174
2025-01-28,JIRE,59.4694
2025-01-28,JMEE,61.9224
2025-01-28,JMST,48.7355
2025-01-28,JPIE,42.0668
2025-01-28,JPST,47.2459
2025-01-29,BBRE,89.5783
2025-01-29,HELO,62.4084
2025-01-29,JAGG,42.585
2025-01-29,JAVA,64.8609
2025-01-29,JBND,49.0475
2025-01-29,JCPB,42.9366
2025-01-29,JEMA,36.7812
2025-01-29,JEPI,51.7463
2025-01-29,JEPQ,47.9397
2025-01-29,JGLO,61.0125
2025-01-29,JGRO,83.388
2025-01-29,JIRE,59.5762
2025-01-29,JMEE,61.7543
2025-01-29,JMST,48.7163
2025-01-29,JPIE,42.0577
2025-01-29,JPST,47.2459
2025-01-30,BBRE,90.8192
2025-01-30,HELO,62.3391
2025-01-30,JAGG,42.6413
2025-01-30,JAVA,65.2826
2025-01-30,JBND,49.1687
2025-01-30,JCPB,43.0199
2025-01-30,JEMA,37.3774
2025-01-30,JEPI,51.9131
2025-01-30,JEPQ,48.0651
2025-01-30,JGLO,61.3781
2025-01-30,JGRO,83.8673
2025-01-30,JIRE,60.1101
2025-01-30,JMEE,62.3279
2025-01-30,JMST,48.745
2025-01-30,JPIE,42.0851
2025-01-30,JPST,47.2646
2025-01-31,BBRE,90.6228
2025-01-31,HELO,62.2004
2025-01-31,JAGG,42.6038
2025-01-31,JAVA,64.8315
2025-01-31,JBND,49.0195
2025-01-31,JCPB,42.9552
2025-01-31,JEMA,36.9084
2025-01-31,JEPI,51.7726
2025-01-31,JEPQ,48.0233
2025-01-31,JGLO,61.0322
2025-01-31,JGRO,83.5378
2025-01-31,JIRE,59.6538
2025-01-31,JMEE,61.8334
2025-01-31,JMST,48.745
2025-01-31,JPIE,42.1034
2025-01-31,JPST,47.2739
2025-02-03,BBRE,90.3257
2025-02-03,HELO,61.9825
2025-02-03,JAGG,42.6296
2025-02-03,JAVA,64.4883
2025-02-03,JBND,49.1141
2025-02-03,JCPB,42.9663
2025-02-03,JEMA,36.6851
2025-02-03,JEPI,51.6985
2025-02-03,JEPQ,47.6864
2025-02-03,JGLO,60.7259
2025-02-03,JGRO,82.7291
2025-02-03,JIRE,59.052
2025-02-03,JMEE,61.0719
2025-02-03,JMST,48.7556
2025-02-03,JPIE,42.0666
2025-02-03,JPST,47.2843
2025-02-04,BBRE,90.4982
2025-02-04,HELO,62.2004
2025-02-04,JAGG,42.6766
2025-02-04,JAVA,64.6943
2025-02-04,JBND,49.1421
2025-02-04,JCPB,43.0546
2025-02-04,JEMA,37.326
2025-02-04,JEPI,51.7514
2025-02-04,JEPQ,48.1159
2025-02-04,JGLO,61.0421
2025-02-04,JGRO,83.438
2025-02-04,JIRE,59.7315
2025-02-04,JMEE,61.4576
2025-02-04,JMST,48.77
2025-02-04,JPIE,42.1218
2025-02-04,JPST,47.2936
2025-02-05,BBRE,91.6462
2025-02-05,HELO,62.2499
2025-02-05,JAGG,42.9307
2025-02-05,JAVA,65.0865
2025-02-05,JBND,49.4229
2025-02-05,JCPB,43.2591
2025-02-05,JEMA,37.1764
2025-02-05,JEPI,52.0339
2025-02-05,JEPQ,48.3096
2025-02-05,JGLO,61.3089
2025-02-05,JGRO,83.8573
2025-02-05,JIRE,60.3916
2025-02-05,JMEE,62.051
2025-02-05,JMST,48.7844
2025-02-05,JPIE,42.1954
2025-02-05,JPST,47.303
2025-02-06,BBRE,91.9643
2025-02-06,HELO,62.5075
2025-02-06,JAGG,42.9024
2025-02-06,JAVA,65.2532
2025-02-06,JBND,49.3667
2025-02-06,JCPB,43.2265
2025-02-06,JEMA,37.2871
2025-02-06,JEPI,52.1222
2025-02-06,JEPQ,48.5033
2025-02-06,JGLO,61.6251
2025-02-06,JGRO,84.2567
2025-02-06,JIRE,60.7702
2025-02-06,JMEE,62.0016
2025-02-06,JMST,48.7662
2025-02-06,JPIE,42.1678
2025-02-06,JPST,47.303
2025-02-07,BBRE,91.696
2025-02-07,HELO,62.1608
2025-02-07,JAGG,42.7519
2025-02-07,JAVA,64.8217
2025-02-07,JBND,49.2357
2025-02-07,JCPB,43.1104
2025-02-07,JEMA,37.2871
2025-02-07,JEPI,51.9015
2025-02-07,JEPQ,48.1454
2025-02-07,JGLO,61.0322
2025-02-07,JGRO,83.438
2025-02-07,JIRE,60.2363
2025-02-07,JMEE,61.2301
2025-02-07,JMST,48.7748
2025-02-07,JPIE,42.1218
2025-02-07,JPST,47.2936
2025-02-10,BBRE,91.5561
2025-02-10,HELO,62.4282
2025-02-10,JAGG,42.7707
2025-02-10,JAVA,64.9492
2025-02-10,JBND,49.2451
2025-02-10,JCPB,43.1057
2025-02-10,JEMA,37.6755
2025-02-10,JEPI,52.1664
2025-02-10,JEPQ,48.6044
2025-02-10,JGLO,61.5856
2025-02-10,JGRO,84.1468
2025-02-10,JIRE,60.5761
2025-02-10,JMEE,61.2499
2025-02-10,JMST,48.7796
2025-02-10,JPIE,42.1402
2025-02-10,JPST,47.3124
2025-02-11,BBRE,91.994
2025-02-11,HELO,62.4282
2025-02-11,JAGG,42.686
2025-02-11,JAVA,64.9884
2025-02-11,JBND,49.1421
2025-02-11,JCPB,43.0221
2025-02-11,JEMA,37.7241
2025-02-11,JEPI,52.2635
2025-02-11,JEPQ,48.5455
2025-02-11,JGLO,61.5164
2025-02-11,JGRO,83.8174
2025-02-11,JIRE,60.9741
2025-02-11,JMEE,61.0224
2025-02-11,JMST,48.7652
2025-02-11,JPIE,42.1218
2025-02-11,JPST,47.3124
2025-02-12,BBRE,91.4124
2025-02-12,HELO,62.2995
2025-02-12,JAGG,42.4696
2025-02-12,JAVA,64.5766
2025-02-12,JBND,48.9175
2025-02-12,JCPB,42.8176
2025-02-12,JEMA,37.9027
2025-02-12,JEPI,52.1222
2025-02-12,JEPQ,48.5455
2025-02-12,JGLO,61.3188
2025-02-12,JGRO,83.6676
2025-02-12,JIRE,61.0809
2025-02-12,JMEE,60.4686
2025-02-12,JMST,48.7556
2025-02-12,JPIE,42.0666
2025-02-12,JPST,47.2936
2025-02-13,BBRE,92.271
2025-02-13,HELO,62.656
2025-02-13,JAGG,42.7143
2025-02-13,JAVA,64.8904
2025-02-13,JBND,49.1421
2025-02-13,JCPB,43.0732
2025-02-13,JEMA,38.0445
2025-02-13,JEPI,52.3341
2025-02-13,JEPQ,48.9413
2025-02-13,JGLO,61.6942
2025-02-13,JGRO,84.4863
2025-02-13,JIRE,61.8575
2025-02-13,JMEE,61.1312
2025-02-13,JMST,48.7556
2025-02-13,JPIE,42.1126
2025-02-13,JPST,47.3311
2025-02-14,BBRE,91.8398
2025-02-14,HELO,62.8145
2025-02-14,JAGG,42.8648
2025-02-14,JAVA,65.0276
2025-02-14,JBND,49.2638
2025-02-14,JCPB,43.2172
2025-02-14,JEMA,38.2776
2025-02-14,JEPI,52.237
2025-02-14,JEPQ,49.0761
2025-02-14,JGLO,61.5856
2025-02-14,JGRO,84.6061
2025-02-14,JIRE,61.9254
2025-02-14,JMEE,61.062
2025-02-14,JMST,48.7796
2025-02-14,JPIE,42.2046
2025-02-14,JPST,47.3593
2025-02-18,BBRE,92.1359
2025-02-18,HELO,62.864
2025-02-18,JAGG,42.6955
2025-02-18,JAVA,65.4492
2025-02-18,JBND,49.1702
2025-02-18,JCPB,43.05
2025-02-18,JEMA,38.6077
2025-02-18,JEPI,52.3959
2025-02-18,JEPQ,49.1687
2025-02-18,JGLO,61.7634
2025-02-18,JGRO,84.5462
2025-02-18,JIRE,62.3137
2025-02-18,JMEE,61.4873
2025-02-18,JMST,48.7748
2025-02-18,JPIE,42.1954
2025-02-18,JPST,47.3499
2025-02-19,BBRE,92.2039
2025-02-19,HELO,63.0918
2025-02-19,JAGG,42.7237
2025-02-19,JAVA,65.5865
2025-02-19,JBND,49.1796
2025-02-19,JCPB,43.1011
2025-02-19,JEMA,38.4426
2025-02-19,JEPI,52.7137
2025-02-19,JEPQ,49.2782
2025-02-19,JGLO,61.7634
2025-02-19,JGRO,84.5662
2025-02-19,JIRE,61.4886
2025-02-19,JMEE,61.151
2025-02-19,JMST,48.7844
2025-02-19,JPIE,42.2046
2025-02-19,JPST,47.378
2025-02-20,BBRE,92.6092
2025-02-20,HELO,63.0522
2025-02-20,JAGG,42.8272
2025-02-20,JAVA,65.3708
2025-02-20,JBND,49.3012
2025-02-20,JCPB,43.1754
2025-02-20,JEMA,38.6951
2025-02-20,JEPI,52.7137
2025-02-20,JEPQ,49.1856
2025-02-20,JGLO,61.8128
2025-02-20,JGRO,83.8873
2025-02-20,JIRE,62.1099
2025-02-20,JMEE,60.4884
2025-02-20,JMST,48.794
2025-02-20,JPIE,42.2229
2025-02-20,JPST,47.378
2025-02-21,BBRE,91.8973
2025-02-21,HELO,62.2499
2025-02-21,JAGG,42.9965
2025-02-21,JAVA,64.302
2025-02-21,JBND,49.5352
2025-02-21,JCPB,43.352
2025-02-21,JEMA,38.5203
2025-02-21,JEPI,52.2017
2025-02-21,JEPQ,48.4865
2025-02-21,JGLO,61.0026
2025-02-21,JGRO,81.9803
2025-02-21,JIRE,61.7507
2025-02-21,JMEE,58.9059
2025-02-21,JMST,48.8228
2025-02-21,JPIE,42.2505
2025-02-21,JPST,47.4156
2025-02-24,BBRE,92.3476
2025-02-24,HELO,62.0122
2025-02-24,JAGG,43.0718
2025-02-24,JAVA,64.253
2025-02-24,JBND,49.6101
2025-02-24,JCPB,43.4124
2025-02-24,JEMA,37.9474
2025-02-24,JEPI,52.1752
2025-02-24,JEPQ,48.0149
2025-02-24,JGLO,60.637
2025-02-24,JGRO,81.1616
2025-02-24,JIRE,61.741
2025-02-24,JMEE,58.7675
2025-02-24,JMST,48.8324
2025-02-24,JPIE,42.3149
2025-02-24,JPST,47.4343
2025-02-25,BBRE,93.0855
2025-02-25,HELO,61.8538
2025-02-25,JAGG,43.3446
2025-02-25,JAVA,64.3217
2025-02-25,JBND,49.9095
2025-02-25,JCPB,43.668
2025-02-25,JEMA,37.9765
2025-02-25,JEPI,52.2988
2025-02-25,JEPQ,47.4927
2025-02-25,JGLO,60.6864
2025-02-25,JGRO,80.3529
2025-02-25,JIRE,62.2943
2025-02-25,JMEE,58.6488
2025-02-25,JMST,48.842
2025-02-25,JPIE,42.3517
2025-02-25,JPST,47.4343
2025-02-26,BBRE,92.6658
2025-02-26,HELO,61.7943
2025-02-26,JAGG,43.4011
2025-02-26,JAVA,64.1648
2025-02-26,JBND,49.975
2025-02-26,JCPB,43.7656
2025-02-26,JEMA,38.2873
2025-02-26,JEPI,52.1664
2025-02-26,JEPQ,47.6274
2025-02-26,JGLO,61.0224
2025-02-26,JGRO,80.9719
2025-02-26,JIRE,62.3137
2025-02-26,JMEE,58.7477
2025-02-26,JMST,48.8516
2025-02-26,JPIE,42.3977
2025-02-26,JPST,47.4531
2025-02-27,BBRE,93.1142
2025-02-27,HELO,61.0812
2025-02-27,JAGG,43.3728
2025-02-27,JAVA,63.9294
2025-02-27,JBND,49.9189
2025-02-27,JCPB,43.7098
2025-02-27,JEMA,37.6085
2025-02-27,JEPI,51.8132
2025-02-27,JEPQ,46.4315
2025-02-27,JGLO,60.1035
2025-02-27,JGRO,79.1348
2025-02-27,JIRE,61.7022
2025-02-27,JMEE,58.0257
2025-02-27,JMST,48.8516
2025-02-27,JPIE,42.4069
2025-02-27,JPST,47.4531
2025-02-28,BBRE,93.8329
2025-02-28,HELO,61.8538
2025-02-28,JAGG,43.5516
2025-02-28,JAVA,64.7433
2025-02-28,JBND,50.1903
2025-02-28,JCPB,43.8957
2025-02-28,JEMA,37.0444
2025-02-28,JEPI,52.4489
2025-02-28,JEPQ,47.1474
2025-02-28,JGLO,60.7556
2025-02-28,JGRO,80.3928
2025-02-28,JIRE,61.7507
2025-02-28,JMEE,58.5993
2025-02-28,JMST,48.8756
2025-02-28,JPIE,42.462
2025-02-28,JPST,47.5093
2025-03-03,BBRE,94.36
2025-03-03,HELO,61.1505
2025-03-03,JAGG,43.6301
2025-03-03,JAVA,64.0471
2025-03-03,JBND,50.3068
2025-03-03,JCPB,43.9769
2025-03-03,JEMA,36.7336
2025-03-03,JEPI,52.1009
2025-03-03,JEPQ,46.1976
2025-03-03,JGLO,60.2616
2025-03-03,JGRO,78.5257
2025-03-03,JIRE,62.3914
2025-03-03,JMEE,57.3433
2025-03-03,JMST,48.8977
2025-03-03,JPIE,42.4879
2025-03-03,JPST,47.5122
2025-03-04,BBRE,93.2292
2025-03-04,HELO,60.685
2025-03-04,JAGG,43.5357
2025-03-04,JAVA,62.5665
2025-03-04,JBND,50.1941
2025-03-04,JCPB,43.8649
2025-03-04,JEMA,37.0832
2025-03-04,JEPI,51.4617
2025-03-04,JEPQ,46.0107
2025-03-04,JGLO,59.8169
2025-03-04,JGRO,77.6272
2025-03-04,JIRE,62.3526
2025-03-04,JMEE,56.2257
2025-03-04,JMST,48.8881
2025-03-04,JPIE,42.5017
2025-03-04,JPST,47.5122
2025-03-05,BBRE,94.13
2025-03-05,HELO,61.1703
2025-03-05,JAGG,43.3847
2025-03-05,JAVA,63.1843
2025-03-05,JBND,49.978
2025-03-05,JCPB,43.725
2025-03-05,JEMA,38.0348
2025-03-05,JEPI,51.9322
2025-03-05,JEPQ,46.5799
2025-03-05,JGLO,60.7062
2025-03-05,JGRO,78.7354
2025-03-05,JIRE,63.6437
2025-03-05,JMEE,56.9872
2025-03-05,JMST,48.8881
2025-03-05,JPIE,42.4786
2025-03-05,JPST,47.5216
2025-03-06,BBRE,91.6002
2025-03-06,HELO,60.5563
2025-03-06,JAGG,43.3658
2025-03-06,JAVA,62.6352
2025-03-06,JBND,49.978
2025-03-06,JCPB,43.6596
2025-03-06,JEMA,37.8357
2025-03-06,JEPI,51.3641
2025-03-06,JEPQ,45.3651
2025-03-06,JGLO,59.728
2025-03-06,JGRO,76.449
2025-03-06,JIRE,63.3428
2025-03-06,JMEE,56.0774
2025-03-06,JMST,48.8785
2025-03-06,JPIE,42.4417
2025-03-06,JPST,47.531
2025-03-07,BBRE,92.0506
2025-03-07,HELO,60.7742
2025-03-07,JAGG,43.1959
2025-03-07,JAVA,62.8803
2025-03-07,JBND,49.8738
2025-03-07,JCPB,43.641
2025-03-07,JEMA,38.0397
2025-03-07,JEPI,51.6659
2025-03-07,JEPQ,45.6709
2025-03-07,JGLO,60.2714
2025-03-07,JGRO,76.5489
2025-03-07,JIRE,63.7602
2025-03-07,JMEE,56.3839
2025-03-07,JMST,48.8977
2025-03-07,JPIE,42.4509
2025-03-07,JPST,47.5404
2025-03-10,BBRE,91.0732
2025-03-10,HELO,59.8828
2025-03-10,JAGG,43.4224
2025-03-10,JAVA,61.89
2025-03-10,JBND,50.1189
2025-03-10,JCPB,43.7809
2025-03-10,JEMA,36.9958
2025-03-10,JEPI,50.9468
2025-03-10,JEPQ,44.0993
2025-03-10,JGLO,59.1253
2025-03-10,JGRO,73.6934
2025-03-10,JIRE,62.3623
2025-03-10,JMEE,55.1971
2025-03-10,JMST,48.8592
2025-03-10,JPIE,42.4694
2025-03-10,JPST,47.578
2025-03-11,BBRE,90.136
2025-03-11,HELO,59.6649
2025-03-11,JAGG,43.3752
2025-03-11,JAVA,61.3017
2025-03-11,JBND,50.0062
2025-03-11,JCPB,43.669
2025-03-11,JEMA,37.2483
2025-03-11,JEPI,50.3787
2025-03-11,JEPQ,43.9888
2025-03-11,JGLO,58.651
2025-03-11,JGRO,73.7733
2025-03-11,JIRE,61.8866
2025-03-11,JMEE,54.9894
2025-03-11,JMST,48.8785
2025-03-11,JPIE,42.4417
2025-03-11,JPST,47.5498
2025-03-12,BBRE,89.8657
2025-03-12,HELO,59.7144
2025-03-12,JAGG,43.262
2025-03-12,JAVA,61.1742
2025-03-12,JBND,49.8747
2025-03-12,JCPB,43.6037
2025-03-12,JEMA,37.6076
2025-03-12,JEPI,50.3254
2025-03-12,JEPQ,44.473
2025-03-12,JGLO,58.8486
2025-03-12,JGRO,74.7417
2025-03-12,JIRE,62.372
2025-03-12,JMEE,54.8806
2025-03-12,JMST,48.9074
2025-03-12,JPIE,42.4417
2025-03-12,JPST,47.5404
2025-03-13,BBRE,87.9396
2025-03-13,HELO,59.3182
2025-03-13,JAGG,43.328
2025-03-13,JAVA,60.6938
2025-03-13,JBND,50.0344
2025-03-13,JCPB,43.6783
2025-03-13,JEMA,37.3357
2025-03-13,JEPI,49.8638
2025-03-13,JEPQ,43.7085
2025-03-13,JGLO,58.2163
2025-03-13,JGRO,73.2541
2025-03-13,JIRE,61.9837
2025-03-13,JMEE,53.9114
2025-03-13,JMST,48.8929
2025-03-13,JPIE,42.4325
2025-03-13,JPST,47.5592
2025-03-14,BBRE,89.4249
2025-03-14,HELO,59.9125
2025-03-14,JAGG,43.262
2025-03-14,JAVA,61.8017
2025-03-14,JBND,49.9405
2025-03-14,JCPB,43.557
2025-03-14,JEMA,37.9862
2025-03-14,JEPI,50.5651
2025-03-14,JEPQ,44.6939
2025-03-14,JGLO,59.2933
2025-03-14,JGRO,75.0013
2025-03-14,JIRE,63.0321
2025-03-14,JMEE,55.2664
2025-03-14,JMST,48.8977
2025-03-14,JPIE,42.4325
2025-03-14,JPST,47.5498
2025-03-17,BBRE,90.9677
2025-03-17,HELO,60.0313
2025-03-17,JAGG,43.2903
2025-03-17,JAVA,62.5862
2025-03-17,JBND,49.9686
2025-03-17,JCPB,43.6316
2025-03-17,JEMA,38.7436
2025-03-17,JEPI,51.009
2025-03-17,JEPQ,44.9233
2025-03-17,JGLO,59.6687
2025-03-17,JGRO,75.4506
2025-03-17,JIRE,63.6825
2025-03-17,JMEE,55.9982
2025-03-17,JMST,48.917
2025-03-17,JPIE,42.4047
2025-03-17,JPST,47.5592
2025-03-18,BBRE,90.3784
2025-03-18,HELO,59.6252
2025-03-18,JAGG,43.328
2025-03-18,JAVA,62.4195
2025-03-18,JBND,50.0156
2025-03-18,JCPB,43.6923
2025-03-18,JEMA,38.2776
2025-03-18,JEPI,50.6894
2025-03-18,JEPQ,44.3031
2025-03-18,JGLO,59.3427
2025-03-18,JGRO,74.1127
2025-03-18,JIRE,63.8379
2025-03-18,JMEE,55.6323
2025-03-18,JMST,48.9266
2025-03-18,JPIE,42.4047
2025-03-18,JPST,47.5686
2025-03-19,BBRE,90.4455
2025-03-19,HELO,59.8629
2025-03-19,JAGG,43.4602
2025-03-19,JAVA,62.8901
2025-03-19,JBND,50.1659
2025-03-19,JCPB,43.8369
2025-03-19,JEMA,38.5203
2025-03-19,JEPI,50.9468
2025-03-19,JEPQ,44.8044
2025-03-19,JGLO,59.6391
2025-03-19,JGRO,75.3208
2025-03-19,JIRE,63.9155
2025-03-19,JMEE,56.3345
2025-03-19,JMST,48.9266
2025-03-19,JPIE,42.4694
2025-03-19,JPST,47.5969
2025-03-20,BBRE,90.2299
2025-03-20,HELO,59.8332
2025-03-20,JAGG,43.5168
2025-03-20,JAVA,62.7724
2025-03-20,JBND,50.2316
2025-03-20,JCPB,43.8696
2025-03-20,JEMA,38.0348
2025-03-20,JEPI,50.8403
2025-03-20,JEPQ,44.7279
2025-03-20,JGLO,59.402
2025-03-20,JGRO,75.1511
2025-03-20,JIRE,63.4981
2025-03-20,JMEE,55.9982
2025-03-20,JMST,48.9362
2025-03-20,JPIE,42.5064
2025-03-20,JPST,47.6063
2025-03-21,BBRE,88.9937
2025-03-21,HELO,59.7837
2025-03-21,JAGG,43.4885
2025-03-21,JAVA,62.4881
2025-03-21,JBND,50.164
2025-03-21,JCPB,43.7343
2025-03-21,JEMA,37.996
2025-03-21,JEPI,50.6983
2025-03-21,JEPQ,44.8553
2025-03-21,JGLO,59.1846
2025-03-21,JGRO,75.4007
2025-03-21,JIRE,63.1729
2025-03-21,JMEE,55.662
2025-03-21,JMST,48.917
2025-03-21,JPIE,42.5156
2025-03-21,JPST,47.6157
2025-03-24,BBRE,90.6419
2025-03-24,HELO,60.4275
2025-03-24,JAGG,43.2714
2025-03-24,JAVA,63.2921
2025-03-24,JBND,49.9592
2025-03-24,JCPB,43.6503
2025-03-24,JEMA,38.1707
2025-03-24,JEPI,51.3019
2025-03-24,JEPQ,45.6709
2025-03-24,JGLO,59.6786
2025-03-24,JGRO,77.1779
2025-03-24,JIRE,63.1195
2025-03-24,JMEE,57.0367
2025-03-24,JMST,48.9314
2025-03-24,JPIE,42.4971
2025-03-24,JPST,47.5875
2025-03-25,BBRE,89.7305
2025-03-25,HELO,60.3958
2025-03-25,JAGG,43.2997
2025-03-25,JAVA,63.0552
2025-03-25,JBND,49.9874
2025-03-25,JCPB,43.697
2025-03-25,JEMA,38.229
2025-03-25,JEPI,51.1776
2025-03-25,JEPQ,45.8833
2025-03-25,JGLO,59.7774
2025-03-25,JGRO,77.6172
2025-03-25,JIRE,63.469
2025-03-25,JMEE,56.8686
2025-03-25,JMST,49.0036
2025-03-25,JPIE,42.5064
2025-03-25,JPST,47.6157
2025-03-26,BBRE,90.2151
2025-03-26,HELO,59.9494
2025-03-26,JAGG,43.262
2025-03-26,JAVA,62.9864
2025-03-26,JBND,49.8653
2025-03-26,JCPB,43.599
2025-03-26,JEMA,37.8503
2025-03-26,JEPI,51.0533
2025-03-26,JEPQ,45.2121
2025-03-26,JGLO,59.1549
2025-03-26,JGRO,75.9798
2025-03-26,JIRE,62.6632
2025-03-26,JMEE,56.5422
2025-03-26,JMST,48.9218
2025-03-26,JPIE,42.4786
2025-03-26,JPST,47.6063
2025-03-27,BBRE,89.8326
2025-03-27,HELO,59.8106
2025-03-27,JAGG,43.177
2025-03-27,JAVA,62.7504
2025-03-27,JBND,49.8747
2025-03-27,JCPB,43.5663
2025-03-27,JEMA,37.9765
2025-03-27,JEPI,50.938
2025-03-27,JEPQ,45.0083
2025-03-27,JGLO,59.1253
2025-03-27,JGRO,75.4706
2025-03-27,JIRE,62.9253
2025-03-27,JMEE,56.1861
2025-03-27,JMST,48.9074
2025-03-27,JPIE,42.4879
2025-03-27,JPST,47.6157
2025-03-28,BBRE,89.7758
2025-03-28,HELO,59.0964
2025-03-28,JAGG,43.4413
2025-03-28,JAVA,61.9443
2025-03-28,JBND,50.1471
2025-03-28,JCPB,43.7949
2025-03-28,JEMA,37.326
2025-03-28,JEPI,50.3165
2025-03-28,JEPQ,44.0143
2025-03-28,JGLO,58.2459
2025-03-28,JGRO,73.5836
2025-03-28,JIRE,62.5176
2025-03-28,JMEE,55.118
2025-03-28,JMST,48.9074
2025-03-28,JPIE,42.5248
2025-03-28,JPST,47.6439
2025-03-31,BBRE,90.5716
2025-03-31,HELO,59.1956
2025-03-31,JAGG,43.5262
2025-03-31,JAVA,62.4653
2025-03-31,JBND,50.2692
2025-03-31,JCPB,43.8929
2025-03-31,JEMA,37.1512
2025-03-31,JEPI,50.7249
2025-03-31,JEPQ,43.9888
2025-03-31,JGLO,58.236
2025-03-31,JGRO,73.6734
2025-03-31,JIRE,61.8575
2025-03-31,JMEE,55.3653
2025-03-31,JMST,48.9362
2025-03-31,JPIE,42.5618
2025-03-31,JPST,47.6533
2025-04-01,BBRE,90.6776
2025-04-01,HELO,59.2948
2025-04-01,JAGG,43.6501
2025-04-01,JAVA,62.3965
2025-04-01,JBND,50.3927
2025-04-01,JCPB,44.0072
2025-04-01,JEMA,37.3745
2025-04-01,JEPI,50.7589
2025-04-01,JEPQ,44.3073
2025-04-01,JGLO,58.404
2025-04-01,JGRO,74.1427
2025-04-01,JIRE,61.9157
2025-04-01,JMEE,55.6224
2025-04-01,JMST,49.0906
2025-04-01,JPIE,42.6017
2025-04-01,JPST,47.6647
2025-04-02,BBRE,91.2171
2025-04-02,HELO,59.4931
2025-04-02,JAGG,43.6691
2025-04-02,JAVA,62.8684
2025-04-02,JBND,50.355
2025-04-02,JCPB,43.9744
2025-04-02,JEMA,37.4133
2025-04-02,JEPI,50.9645
2025-04-02,JEPQ,44.5477
2025-04-02,JGLO,58.6016
2025-04-02,JGRO,74.9414
2025-04-02,JIRE,62.0808
2025-04-02,JMEE,56.4037
2025-04-02,JMST,48.9604
2025-04-02,JPIE,42.611
2025-04-02,JPST,47.6647
2025-04-03,BBRE,87.373
2025-04-03,HELO,58.2037
2025-04-03,JAGG,43.8492
2025-04-03,JAVA,60.3124
2025-04-03,JBND,50.6849
2025-04-03,JCPB,44.1805
2025-04-03,JEMA,36.6462
2025-04-03,JEPI,49.3641
2025-04-03,JEPQ,42.3671
2025-04-03,JGLO,56.6848
2025-04-03,JGRO,70.8379
2025-04-03,JIRE,60.8188
2025-04-03,JMEE,52.7147
2025-04-03,JMST,49.0038
2025-04-03,JPIE,42.5924
2025-04-03,JPST,47.7214
2025-04-04,BBRE,83.6446
2025-04-04,HELO,56.8052
2025-04-04,JAGG,43.9914
2025-04-04,JAVA,56.9601
2025-04-04,JBND,50.798
2025-04-04,JCPB,44.218
2025-04-04,JEMA,34.3838
2025-04-04,JEPI,46.6191
2025-04-04,JEPQ,40.0062
2025-04-04,JGLO,53.2958
2025-04-04,JGRO,66.6146
2025-04-04,JIRE,56.8095
2025-04-04,JMEE,50.2817
2025-04-04,JMST,48.9893
2025-04-04,JPIE,42.5182
2025-04-04,JPST,47.693
2025-04-07,BBRE,81.0819
2025-04-07,HELO,56.6564
2025-04-07,JAGG,43.4226
2025-04-07,JAVA,56.6455
2025-04-07,JBND,50.2466
2025-04-07,JCPB,43.7121
2025-04-07,JEMA,33.1991
2025-04-07,JEPI,46.4492
2025-04-07,JEPQ,40.1007
2025-04-07,JGLO,52.8116
2025-04-07,JGRO,66.7843
2025-04-07,JIRE,55.9358
2025-04-07,JMEE,49.6289
2025-04-07,JMST,48.8446
2025-04-07,JPIE,42.1376
2025-04-07,JPST,47.6363
2025-04-08,BBRE,79.1357
2025-04-08,HELO,56.2199
2025-04-08,JAGG,43.1383
2025-04-08,JAVA,55.8787
2025-04-08,JBND,49.9308
2025-04-08,JCPB,43.328
2025-04-08,JEMA,32.7233
2025-04-08,JEPI,45.725
2025-04-08,JEPQ,39.3881
2025-04-08,JGLO,51.9915
2025-04-08,JGRO,65.8258
2025-04-08,JIRE,55.2174
2025-04-08,JMEE,48.5311
2025-04-08,JMST,48.8349
2025-04-08,JPIE,42.1655
2025-04-08,JPST,47.6363
2025-04-09,BBRE,84.4587
2025-04-09,HELO,58.4021
2025-04-09,JAGG,43.3279
2025-04-09,JAVA,59.5849
2025-04-09,JBND,49.8082
2025-04-09,JCPB,43.4404
2025-04-09,JEMA,35.3742
2025-04-09,JEPI,48.9975
2025-04-09,JEPQ,43.5175
2025-04-09,JGLO,56.339
2025-04-09,JGRO,72.7449
2025-04-09,JIRE,59.1976
2025-04-09,JMEE,52.8531
2025-04-09,JMST,48.8494
2025-04-09,JPIE,42.2629
2025-04-09,JPST,47.5796
2025-04-10,BBRE,82.2813
2025-04-10,HELO,57.4896
2025-04-10,JAGG,42.9297
2025-04-10,JAVA,57.9431
2025-04-10,JBND,49.5443
2025-04-10,JCPB,43.1125
2025-04-10,JEMA,34.3643
2025-04-10,JEPI,47.7994
2025-04-10,JEPQ,41.9464
2025-04-10,JGLO,54.7087
2025-04-10,JGRO,70.0891
2025-04-10,JIRE,58.3724
2025-04-10,JMEE,50.7465
2025-04-10,JMST,48.7626
2025-04-10,JPIE,41.9149
2025-04-10,JPST,47.5796
2025-04-11,BBRE,83.2621
2025-04-11,HELO,57.8764
2025-04-11,JAGG,42.8444
2025-04-11,JAVA,58.6116
2025-04-11,JBND,49.4689
2025-04-11,JCPB,43.0001
2025-04-11,JEMA,35.3548
2025-04-11,JEPI,48.2643
2025-04-11,JEPQ,42.5302
2025-04-11,JGLO,55.7758
2025-04-11,JGRO,71.2373
2025-04-11,JIRE,59.6927
2025-04-11,JMEE,51.3597
2025-04-11,JMST,48.7433
2025-04-11,JPIE,41.8778
2025-04-11,JPST,47.608
2025-04-14,BBRE,84.82
2025-04-14,HELO,58.1045
2025-04-14,JAGG,43.053
2025-04-14,JAVA,59.2998
2025-04-14,JBND,49.714
2025-04-14,JCPB,43.2624
2025-04-14,JEMA,35.6073
2025-04-14,JEPI,48.8812
2025-04-14,JEPQ,42.865
2025-04-14,JGLO,56.1018
2025-04-14,JGRO,71.5967
2025-04-14,JIRE,60.3431
2025-04-14,JMEE,51.9037
2025-04-14,JMST,48.7915
2025-04-14,JPIE,42.0819
2025-04-14,JPST,47.6647
2025-04-15,BBRE,85.1186
2025-04-15,HELO,58.045
2025-04-15,JAGG,43.1478
2025-04-15,JAVA,59.172
2025-04-15,JBND,49.8177
2025-04-15,JCPB,43.3374
2025-04-15,JEMA,35.7044
2025-04-15,JEPI,48.7382
2025-04-15,JEPQ,42.9423
2025-04-15,JGLO,55.8647
2025-04-15,JGRO,71.6466
2025-04-15,JIRE,60.9547
2025-04-15,JMEE,51.9136
2025-04-15,JMST,48.7915
2025-04-15,JPIE,42.1562
2025-04-15,JPST,47.6741
2025-04-16,BBRE,84.9789
2025-04-16,HELO,57.6284
2025-04-16,JAGG,43.3184
2025-04-16,JAVA,58.5232
2025-04-16,JBND,49.9779
2025-04-16,JCPB,43.4919
2025-04-16,JEMA,35.3606
2025-04-16,JEPI,47.9335
2025-04-16,JEPQ,41.8606
2025-04-16,JGLO,54.8273
2025-04-16,JGRO,69.7996
2025-04-16,JIRE,60.7314
2025-04-16,JMEE,51.3894
2025-04-16,JMST,48.8398
2025-04-16,JPIE,42.2119
2025-04-16,JPST,47.7025
2025-04-17,BBRE,86.5059
2025-04-17,HELO,57.5292
2025-04-17,JAGG,43.2615
2025-04-17,JAVA,58.5723
2025-04-17,JBND,49.9119
2025-04-17,JCPB,43.403
2025-04-17,JEMA,35.5393
2025-04-17,JEPI,48.0676
2025-04-17,JEPQ,41.8434
2025-04-17,JGLO,54.7778
2025-04-17,JGRO,69.9793
2025-04-17,JIRE,61.3818
2025-04-17,JMEE,51.7751
2025-04-17,JMST,48.8494
2025-04-17,JPIE,42.4254
2025-04-17,JPST,47.7025
2025-04-21,BBRE,84.7718
2025-04-21,HELO,57.2118
2025-04-21,JAGG,42.9866
2025-04-21,JAVA,57.4123
2025-04-21,JBND,49.6669
2025-04-21,JCPB,43.1594
2025-04-21,JEMA,35.549
2025-04-21,JEPI,47.1288
2025-04-21,JEPQ,40.942
2025-04-21,JGLO,53.8787
2025-04-21,JGRO,68.222
2025-04-21,JIRE,61.042
2025-04-21,JMEE,50.6279
2025-04-21,JMST,48.859
2025-04-21,JPIE,42.3697
2025-04-21,JPST,47.7308
2025-04-22,BBRE,86.4289
2025-04-22,HELO,57.6383
2025-04-22,JAGG,43.015
2025-04-22,JAVA,58.6706
2025-04-22,JBND,49.7611
2025-04-22,JCPB,43.2624
2025-04-22,JEMA,36.1316
2025-04-22,JEPI,48.1302
2025-04-22,JEPQ,41.8692
2025-04-22,JGLO,55.1731
2025-04-22,JGRO,70.159
2025-04-22,JIRE,62.3623
2025-04-22,JMEE,51.8641
2025-04-22,JMST,48.8494
2025-04-22,JPIE,42.4068
2025-04-22,JPST,47.7308
2025-04-23,BBRE,86.8913
2025-04-23,HELO,57.9359
2025-04-23,JAGG,43.1004
2025-04-23,JAVA,59.172
2025-04-23,JBND,49.796
2025-04-23,JCPB,43.3093
2025-04-23,JEMA,36.5783
2025-04-23,JEPI,48.4699
2025-04-23,JEPQ,42.6161
2025-04-23,JGLO,55.6869
2025-04-23,JGRO,71.6167
2025-04-23,JIRE,62.5661
2025-04-23,JMEE,52.5663
2025-04-23,JMST,48.8976
2025-04-23,JPIE,42.3975
2025-04-23,JPST,47.7214
2025-04-24,BBRE,87.0936
2025-04-24,HELO,58.3426
2025-04-24,JAGG,43.3658
2025-04-24,JAVA,59.9093
2025-04-24,JBND,50.091
2025-04-24,JCPB,43.6512
2025-04-24,JEMA,36.9764
2025-04-24,JEPI,49.0153
2025-04-24,JEPQ,43.466
2025-04-24,JGLO,56.6552
2025-04-24,JGRO,73.4638
2025-04-24,JIRE,63.3428
2025-04-24,JMEE,53.4663
2025-04-24,JMST,48.9266
2025-04-24,JPIE,42.5275
2025-04-24,JPST,47.7686
2025-04-25,BBRE,87.0397
2025-04-25,HELO,58.5509
2025-04-25,JAGG,43.5459
2025-04-25,JAVA,59.8602
2025-04-25,JBND,50.2042
2025-04-25,JCPB,43.8058
2025-04-25,JEMA,36.9473
2025-04-25,JEPI,49.1584
2025-04-25,JEPQ,43.8609
2025-04-25,JGLO,56.9516
2025-04-25,JGRO,74.2825
2025-04-25,JIRE,63.5854
2025-04-25,JMEE,53.4466
2025-04-25,JMST,48.9652
2025-04-25,JPIE,42.6296
2025-04-25,JPST,47.8064
2025-04-28,BBRE,87.7661
2025-04-28,HELO,58.5509
2025-04-28,JAGG,43.6312
2025-04-28,JAVA,60.0175
2025-04-28,JBND,50.355
2025-04-28,JCPB,43.9276
2025-04-28,JEMA,37.0444
2025-04-28,JEPI,49.2568
2025-04-28,JEPQ,43.8781
2025-04-28,JGLO,56.9713
2025-04-28,JGRO,74.2525
2025-04-28,JIRE,64.032
2025-04-28,JMEE,53.6048
2025-04-28,JMST,49.0038
2025-04-28,JPIE,42.6574
2025-04-28,JPST,47.8442
2025-04-29,BBRE,87.3538
2025-04-29,HELO,58.5905
2025-04-29,JAGG,43.7828
2025-04-29,JAVA,60.332
2025-04-29,JBND,50.5058
2025-04-29,JCPB,44.04
2025-04-29,JEMA,37.2298
2025-04-29,JEPI,49.4266
2025-04-29,JEPQ,44.0583
2025-04-29,JGLO,57.1788
2025-04-29,JGRO,74.7317
2025-04-29,JIRE,64.1776
2025-04-29,JMEE,53.7927
2025-04-29,JMST,49.0086
2025-04-29,JPIE,42.7038
2025-04-29,JPST,47.8253
2025-04-30,BBRE,88.0571
2025-04-30,HELO,58.7592
2025-04-30,JAGG,43.6975
2025-04-30,JAVA,60.5778
2025-04-30,JBND,50.4775
2025-04-30,JCPB,44.0025
2025-04-30,JEMA,37.2677
2025-04-30,JEPI,49.7038
2025-04-30,JEPQ,44.0755
2025-04-30,JGLO,57.2282
2025-04-30,JGRO,74.8116
2025-04-30,JIRE,63.1001
2025-04-30,JMEE,53.7136
2025-04-30,JMST,49.0327
2025-04-30,JPIE,42.7224
2025-04-30,JPST,47.8536
2025-05-01,BBRE,88.3557
2025-05-01,HELO,59.0666
2025-05-01,JAGG,43.5832
2025-05-01,JAVA,60.627
2025-05-01,JBND,50.3725
2025-05-01,JCPB,43.867
2025-05-01,JEMA,37.2677
2025-05-01,JEPI,49.702
2025-05-01,JEPQ,44.3691
2025-05-01,JGLO,57.9297
2025-05-01,JGRO,75.6403
2025-05-01,JIRE,63.9738
2025-05-01,JMEE,54.0004
2025-05-01,JMST,49.0482
2025-05-01,JPIE,42.6552
2025-05-01,JPST,47.8261
2025-05-02,BBRE,89.5889
2025-05-02,HELO,59.5031
2025-05-02,JAGG,43.39
2025-05-02,JAVA,61.6297
2025-05-02,JBND,50.0791
2025-05-02,JCPB,43.6647
2025-05-02,JEMA,38.3261
2025-05-02,JEPI,50.2071
2025-05-02,JEPQ,44.7253
2025-05-02,JGLO,58.8783
2025-05-02,JGRO,76.9183
2025-05-02,JIRE,64.9834
2025-05-02,JMEE,55.2565
2025-05-02,JMST,49.0192
2025-05-02,JPIE,42.6459
2025-05-02,JPST,47.8546
2025-05-05,BBRE,89.2902
2025-05-05,HELO,59.3345
2025-05-05,JAGG,43.2761
2025-05-05,JAVA,61.325
2025-05-05,JBND,50.0129
2025-05-05,JCPB,43.58
2025-05-05,JEMA,38.6174
2025-05-05,JEPI,50.1621
2025-05-05,JEPQ,44.7079
2025-05-05,JGLO,58.7202
2025-05-05,JGRO,76.5788
2025-05-05,JIRE,65.2455
2025-05-05,JMEE,55.118
2025-05-05,JMST,49.0192
2025-05-05,JPIE,42.6179
2025-05-05,JPST,47.8261
2025-05-06,BBRE,88.7016
2025-05-06,HELO,59.1063
2025-05-06,JAGG,43.4093
2025-05-06,JAVA,60.8334
2025-05-06,JBND,50.117
2025-05-06,JCPB,43.6788
2025-05-06,JEMA,38.5883
2025-05-06,JEPI,49.9636
2025-05-06,JEPQ,44.5515
2025-05-06,JGLO,58.325
2025-05-06,JGRO,75.8699
2025-05-06,JIRE,64.9639
2025-05-06,JMEE,54.6927
2025-05-06,JMST,49.0434
2025-05-06,JPIE,42.6645
2025-05-06,JPST,47.8546
2025-05-07,BBRE,88.9068
2025-05-07,HELO,59.2353
2025-05-07,JAGG,43.4663
2025-05-07,JAVA,61.1087
2025-05-07,JBND,50.2021
2025-05-07,JCPB,43.7823
2025-05-07,JEMA,38.2096
2025-05-07,JEPI,50.2252
2025-05-07,JEPQ,44.6992
2025-05-07,JGLO,58.7103
2025-05-07,JGRO,76.2194
2025-05-07,JIRE,64.8086
2025-05-07,JMEE,54.8312
2025-05-07,JMST,49.0676
2025-05-07,JPIE,42.7112
2025-05-07,JPST,47.8641
2025-05-08,BBRE,88.5099
2025-05-08,HELO,59.3741
2025-05-08,JAGG,43.2666
2025-05-08,JAVA,61.3741
2025-05-08,JBND,49.9372
2025-05-08,JCPB,43.5612
2025-05-08,JEMA,38.2096
2025-05-08,JEPI,50.2162
2025-05-08,JEPQ,44.8295
2025-05-08,JGLO,58.9178
2025-05-08,JGRO,76.6387
2025-05-08,JIRE,64.5562
2025-05-08,JMEE,55.5828
2025-05-08,JMST,49.0579
2025-05-08,JPIE,42.6086
2025-05-08,JPST,47.8451
2025-05-09,BBRE,89.165
2025-05-09,HELO,59.3543
2025-05-09,JAGG,43.2856
2025-05-09,JAVA,61.3741
2025-05-09,JBND,49.9561
2025-05-09,JCPB,43.5847
2025-05-09,JEMA,38.3844
2025-05-09,JEPI,50.1981
2025-05-09,JEPQ,44.8469
2025-05-09,JGLO,58.9771
2025-05-09,JGRO,76.3791
2025-05-09,JIRE,64.896
2025-05-09,JMEE,55.5631
2025-05-09,JMST,49.0869
2025-05-09,JPIE,42.6272
2025-05-09,JPST,47.8546
2025-05-12,BBRE,90.0995
2025-05-12,HELO,60.4553
2025-05-12,JAGG,43.1904
2025-05-12,JAVA,62.7898
2025-05-12,JBND,49.7574
2025-05-12,JCPB,43.4436
2025-05-12,JEMA,39.3272
2025-05-12,JEPI,50.6762
2025-05-12,JEPQ,45.368
2025-05-12,JGLO,60.7358
2025-05-12,JGRO,79.2047
2025-05-12,JIRE,65.1387
2025-05-12,JMEE,57.4422
2025-05-12,JMST,49.0676
2025-05-12,JPIE,42.6739
2025-05-12,JPST,47.8641
2025-05-13,BBRE,89.0205
2025-05-13,HELO,60.7727
2025-05-13,JAGG,43.1239
2025-05-13,JAVA,62.5931
2025-05-13,JBND,49.7195
2025-05-13,JCPB,43.4248
2025-05-13,JEMA,39.4428
2025-05-13,JEPI,50.5409
2025-05-13,JEPQ,45.4723
2025-05-13,JGLO,60.9828
2025-05-13,JGRO,80.1332
2025-05-13,JIRE,65.4008
2025-05-13,JMEE,57.6004
2025-05-13,JMST,49.0772
2025-05-13,JPIE,42.6832
2025-05-13,JPST,47.8451
2025-05-14,BBRE,88.0282
2025-05-14,HELO,60.7727
2025-05-14,JAGG,43.0098
2025-05-14,JAVA,62.2687
2025-05-14,JBND,49.5823
2025-05-14,JCPB,43.3119
2025-05-14,JEMA,39.7632
2025-05-14,JEPI,50.2342
2025-05-14,JEPQ,45.5331
2025-05-14,JGLO,60.8742
2025-05-14,JGRO,80.4227
2025-05-14,JIRE,64.9834
2025-05-14,JMEE,57.3532
2025-05-14,JMST,49.0869
2025-05-14,JPIE,42.6366
2025-05-14,JPST,47.8546
2025-05-15,BBRE,89.4829
2025-05-15,HELO,60.8223
2025-05-15,JAGG,43.181
2025-05-15,JAVA,62.5931
2025-05-15,JBND,49.852
2025-05-15,JCPB,43.5189
2025-05-15,JEMA,39.7535
2025-05-15,JEPI,50.4778
2025-05-15,JEPQ,45.5418
2025-05-15,JGLO,60.9334
2025-05-15,JGRO,80.4527
2025-05-15,JIRE,65.7211
2025-05-15,JMEE,57.5609
2025-05-15,JMST,49.0966
2025-05-15,JPIE,42.7018
2025-05-15,JPST,47.8736
2025-05-16,BBRE,90.639
2025-05-16,HELO,61.1
2025-05-16,JAGG,43.2571
2025-05-16,JAVA,63.2125
2025-05-16,JBND,49.8993
2025-05-16,JCPB,43.5659
2025-05-16,JEMA,39.6176
2025-05-16,JEPI,50.7303
2025-05-16,JEPQ,45.6199
2025-05-16,JGLO,61.1706
2025-05-16,JGRO,80.9419
2025-05-16,JIRE,65.9347
2025-05-16,JMEE,58.1444
2025-05-16,JMST,49.1062
2025-05-16,JPIE,42.7578
2025-05-16,JPST,47.902
2025-05-19,BBRE,90.7344
2025-05-19,HELO,61.1198
2025-05-19,JAGG,43.2381
2025-05-19,JAVA,63.2813
2025-05-19,JBND,49.8899
2025-05-19,JCPB,43.5659
2025-05-19,JEMA,39.77
2025-05-19,JEPI,50.7754
2025-05-19,JEPQ,45.6286
2025-05-19,JGLO,61.3978
2025-05-19,JGRO,81.0318
2025-05-19,JIRE,66.5463
2025-05-19,JMEE,57.8774
2025-05-19,JMST,49.1159
2025-05-19,JPIE,42.7671
2025-05-19,JPST,47.9115
2025-05-20,BBRE,90.1284
2025-05-20,HELO,60.9711
2025-05-20,JAGG,43.1429
2025-05-20,JAVA,63.065
2025-05-20,JBND,49.7952
2025-05-20,JCPB,43.4906
2025-05-20,JEMA,39.6564
2025-05-20,JEPI,50.7844
2025-05-20,JEPQ,45.5939
2025-05-20,JGLO,61.3385
2025-05-20,JGRO,80.6124
2025-05-20,JIRE,66.9055
2025-05-20,JMEE,57.7191
2025-05-20,JMST,49.1159
2025-05-20,JPIE,42.7765
2025-05-20,JPST,47.9305
2025-05-21,BBRE,87.7391
2025-05-21,HELO,60.4156
2025-05-21,JAGG,42.8957
2025-05-21,JAVA,61.7084
2025-05-21,JBND,49.5019
2025-05-21,JCPB,43.2178
2025-05-21,JEMA,39.5593
2025-05-21,JEPI,50.4417
2025-05-21,JEPQ,45.3072
2025-05-21,JGLO,60.4592
2025-05-21,JGRO,79.4642
2025-05-21,JIRE,66.5269
2025-05-21,JMEE,56.1466
2025-05-21,JMST,49.1159
2025-05-21,JPIE,42.7112
2025-05-21,JPST,47.921
2025-05-22,BBRE,87.4116
2025-05-22,HELO,60.3462
2025-05-22,JAGG,42.9717
2025-05-22,JAVA,61.4528
2025-05-22,JBND,49.6722
2025-05-22,JCPB,43.3213
2025-05-22,JEMA,39.4913
2025-05-22,JEPI,50.2703
2025-05-22,JEPQ,45.368
2025-05-22,JGLO,60.3307
2025-05-22,JGRO,79.624
2025-05-22,JIRE,66.556
2025-05-22,JMEE,56.0971
2025-05-22,JMST,49.1304
2025-05-22,JPIE,42.7485
2025-05-22,JPST,47.921
2025-05-23,BBRE,87.3056
2025-05-23,HELO,60.0883
2025-05-23,JAGG,43.0716
2025-05-23,JAVA,61.2365
2025-05-23,JBND,49.729
2025-05-23,JCPB,43.3777
2025-05-23,JEMA,39.6078
2025-05-23,JEPI,50.0809
2025-05-23,JEPQ,45.203
2025-05-23,JGLO,59.8663
2025-05-23,JGRO,79.1148
2025-05-23,JIRE,66.7307
2025-05-23,JMEE,55.9092
2025-05-23,JMST,49.1353
2025-05-23,JPIE,42.7858
2025-05-23,JPST,47.9399
2025-05-27,BBRE,88.9819
2025-05-27,HELO,60.7628
2025-05-27,JAGG,43.2666
2025-05-27,JAVA,62.2392
2025-05-27,JBND,49.9372
2025-05-27,JCPB,43.5753
2025-05-27,JEMA,39.6467
2025-05-27,JEPI,50.577
2025-05-27,JEPQ,45.7068
2025-05-27,JGLO,61.0224
2025-05-27,JGRO,80.7023
2025-05-27,JIRE,67.6433
2025-05-27,JMEE,57.2246
2025-05-27,JMST,49.1595
2025-05-27,JPIE,42.8604
2025-05-27,JPST,47.9873
2025-05-28,BBRE,88.9145
2025-05-28,HELO,60.6338
2025-05-28,JAGG,43.1905
2025-05-28,JAVA,61.7772
2025-05-28,JBND,49.852
2025-05-28,JCPB,43.5189
2025-05-28,JEMA,39.4816
2025-05-28,JEPI,50.4236
2025-05-28,JEPQ,45.6634
2025-05-28,JGLO,60.6074
2025-05-28,JGRO,80.5126
2025-05-28,JIRE,66.7599
2025-05-28,JMEE,56.5521
2025-05-28,JMST,49.174
2025-05-28,JPIE,42.8418
2025-05-28,JPST,47.9779
2025-05-29,BBRE,89.7671
2025-05-29,HELO,60.7826
2025-05-29,JAGG,43.3237
2025-05-29,JAVA,62.0328
2025-05-29,JBND,50.0034
2025-05-29,JCPB,43.6788
2025-05-29,JEMA,39.637
2025-05-29,JEPI,50.5138
2025-05-29,JEPQ,45.7589
2025-05-29,JGLO,60.9334
2025-05-29,JGRO,80.5825
2025-05-29,JIRE,67.0802
2025-05-29,JMEE,56.7499
2025-05-29,JMST,49.1933
2025-05-29,JPIE,42.8604
2025-05-29,JPST,47.9873
2025-05-30,BBRE,89.9068
2025-05-30,HELO,60.7429
2025-05-30,JAGG,43.4283
2025-05-30,JAVA,61.8853
2025-05-30,JBND,50.1359
2025-05-30,JCPB,43.7682
2025-05-30,JEMA,39.1029
2025-05-30,JEPI,50.595
2025-05-30,JEPQ,45.7155
2025-05-30,JGLO,60.7457
2025-05-30,JGRO,80.5725
2025-05-30,JIRE,67.0899
2025-05-30,JMEE,56.562
2025-05-30,JMST,49.203
2025-05-30,JPIE,42.935
2025-05-30,JPST,48.0063
2025-06-02,BBRE,90.0321
2025-06-02,HELO,60.8322
2025-06-02,JAGG,43.3489
2025-06-02,JAVA,61.9935
2025-06-02,JBND,50.0172
2025-06-02,JCPB,43.6492
2025-06-02,JEMA,39.4039
2025-06-02,JEPI,50.6679
2025-06-02,JEPQ,45.9097
2025-06-02,JGLO,61.1805
2025-06-02,JGRO,81.2414
2025-06-02,JIRE,67.9248
2025-06-02,JMEE,56.5125
2025-06-02,JMST,49.2001
2025-06-02,JPIE,42.9472
2025-06-02,JPST,48.0273
2025-06-03,BBRE,89.7238
2025-06-03,HELO,61.0207
2025-06-03,JAGG,43.3012
2025-06-03,JAVA,62.4358
2025-06-03,JBND,49.9886
2025-06-03,JCPB,43.6397
2025-06-03,JEMA,39.4913
2025-06-03,JEPI,50.7681
2025-06-03,JEPQ,46.0767
2025-06-03,JGLO,61.2595
2025-06-03,JGRO,81.6308
2025-06-03,JIRE,67.3229
2025-06-03,JMEE,57.1455
2025-06-03,JMST,49.2195
2025-06-03,JPIE,42.9378
2025-06-03,JPST,48.0273
2025-06-04,BBRE,89.772
2025-06-04,HELO,61.0702
2025-06-04,JAGG,43.5493
2025-06-04,JAVA,62.308
2025-06-04,JBND,50.2927
2025-06-04,JCPB,43.909
2025-06-04,JEMA,40.0351
2025-06-04,JEPI,50.7863
2025-06-04,JEPQ,46.1734
2025-06-04,JGLO,61.3188
2025-06-04,JGRO,81.9803
2025-06-04,JIRE,67.6142
2025-06-04,JMEE,56.9576
2025-06-04,JMST,49.2292
2025-06-04,JPIE,43.0034
2025-06-04,JPST,48.0558
2025-06-05,BBRE,89.4877
2025-06-05,HELO,61.0306
2025-06-05,JAGG,43.4921
2025-06-05,JAVA,62.2786
2025-06-05,JBND,50.1919
2025-06-05,JCPB,43.8098
2025-06-05,JEMA,40.1613
2025-06-05,JEPI,50.7954
2025-06-05,JEPQ,46.0064
2025-06-05,JGLO,61.1607
2025-06-05,JGRO,81.6907
2025-06-05,JIRE,67.653
2025-06-05,JMEE,56.8982
2025-06-05,JMST,49.234
2025-06-05,JPIE,42.9706
2025-06-05,JPST,48.0273
2025-06-06,BBRE,90.3211
2025-06-06,HELO,61.3281
2025-06-06,JAGG,43.2344
2025-06-06,JAVA,62.892
2025-06-06,JBND,49.9031
2025-06-06,JCPB,43.5877
2025-06-06,JEMA,40.3264
2025-06-06,JEPI,51.0322
2025-06-06,JEPQ,46.3229
2025-06-06,JGLO,61.8425
2025-06-06,JGRO,82.3697
2025-06-06,JIRE,67.8763
2025-06-06,JMEE,57.5015
2025-06-06,JMST,49.2389
2025-06-06,JPIE,42.891
2025-06-06,JPST,48.0273
2025-06-09,BBRE,90.3991
2025-06-09,HELO,61.3976
2025-06-09,JAGG,43.3012
2025-06-09,JAVA,63.065
2025-06-09,JBND,49.9696
2025-06-09,JCPB,43.6633
2025-06-09,JEMA,40.6274
2025-06-09,JEPI,51.0231
2025-06-09,JEPQ,46.4108
2025-06-09,JGLO,61.9808
2025-06-09,JGRO,82.2898
2025-06-09,JIRE,67.886
2025-06-09,JMEE,57.729
2025-06-09,JMST,49.234
2025-06-09,JPIE,42.9004
2025-06-09,JPST,48.0558
2025-06-10,BBRE,91.1208
2025-06-10,HELO,61.5067
2025-06-10,JAGG,43.3775
2025-06-10,JAVA,63.3108
2025-06-10,JBND,50.0504
2025-06-10,JCPB,43.7295
2025-06-10,JEMA,40.909
2025-06-10,JEPI,51.1779
2025-06-10,JEPQ,46.5778
2025-06-10,JGLO,62.1982
2025-06-10,JGRO,82.6592
2025-06-10,JIRE,67.9539
2025-06-10,JMEE,57.9664
2025-06-10,JMST,49.2631
2025-06-10,JPIE,42.9378
2025-06-10,JPST,48.0463
2025-06-11,BBRE,90.4174
2025-06-11,HELO,61.4571
2025-06-11,JAGG,43.5395
2025-06-11,JAVA,63.1928
2025-06-11,JBND,50.2452
2025-06-11,JCPB,43.8807
2025-06-11,JEMA,41.0741
2025-06-11,JEPI,51.1688
2025-06-11,JEPQ,46.5162
2025-06-11,JGLO,62.0697
2025-06-11,JGRO,82.6193
2025-06-11,JIRE,67.983
2025-06-11,JMEE,57.64
2025-06-11,JMST,49.2631
2025-06-11,JPIE,42.9959
2025-06-11,JPST,48.0653
2025-06-12,BBRE,90.7065
2025-06-12,HELO,61.586
2025-06-12,JAGG,43.6734
2025-06-12,JAVA,63.3403
2025-06-12,JBND,50.4351
2025-06-12,JCPB,44.0413
2025-06-12,JEMA,41.1022
2025-06-12,JEPI,51.4056
2025-06-12,JEPQ,46.6217
2025-06-12,JGLO,62.5143
2025-06-12,JGRO,82.8289
2025-06-12,JIRE,68.4878
2025-06-12,JMEE,57.6697
2025-06-12,JMST,49.2631
2025-06-12,JPIE,43.0503
2025-06-12,JPST,48.0844
2025-06-13,BBRE,89.9357
2025-06-13,HELO,61.3182
2025-06-13,JAGG,43.5589
2025-06-13,JAVA,62.7799
2025-06-13,JBND,50.2546
2025-06-13,JCPB,43.8778
2025-06-13,JEMA,40.5109
2025-06-13,JEPI,51.0413
2025-06-13,JEPQ,46.2262
2025-06-13,JGLO,61.8029
2025-06-13,JGRO,81.9304
2025-06-13,JIRE,67.6433
2025-06-13,JMEE,56.7004
2025-06-13,JMST,49.2777
2025-06-13,JPIE,43.0128
2025-06-13,JPST,48.0939
2025-06-16,BBRE,89.8346
2025-06-16,HELO,61.5364
2025-06-16,JAGG,43.451
2025-06-16,JAVA,63.1535
2025-06-16,JBND,50.1644
2025-06-16,JCPB,43.8098
2025-06-16,JEMA,41.0061
2025-06-16,JEPI,51.2417
2025-06-16,JEPQ,46.7184
2025-06-16,JGLO,62.2278
2025-06-16,JGRO,82.8988
2025-06-16,JIRE,67.8277
2025-06-16,JMEE,57.2246
2025-06-16,JMST,49.2777
2025-06-16,JPIE,43.0315
2025-06-16,JPST,48.1034
2025-06-17,BBRE,89.7334
2025-06-17,HELO,61.3777
2025-06-17,JAGG,43.5875
2025-06-17,JAVA,62.662
2025-06-17,JBND,50.3306
2025-06-17,JCPB,43.9421
2025-06-17,JEMA,40.5789
2025-06-17,JEPI,50.8865
2025-06-17,JEPQ,46.3932
2025-06-17,JGLO,61.5954
2025-06-17,JGRO,82.3098
2025-06-17,JIRE,66.8667
2025-06-17,JMEE,56.8092
2025-06-17,JMST,49.3019
2025-06-17,JPIE,43.0128
2025-06-17,JPST,48.1129
2025-06-18,BBRE,90.0032
2025-06-18,HELO,61.3281
2025-06-18,JAGG,43.6257
2025-06-18,JAVA,62.8881
2025-06-18,JBND,50.3686
2025-06-18,JCPB,43.9752
2025-06-18,JEMA,40.5886
2025-06-18,JEPI,50.7681
2025-06-18,JEPQ,46.4547
2025-06-18,JGLO,61.635
2025-06-18,JGRO,82.12
2025-06-18,JIRE,67.0026
2025-06-18,JMEE,56.9576
2025-06-18,JMST,49.2922
2025-06-18,JPIE,43.0596
2025-06-18,JPST,48.1225
2025-06-20,BBRE,89.8779
2025-06-20,HELO,61.3678
2025-06-20,JAGG,43.6454
2025-06-20,JAVA,62.9864
2025-06-20,JBND,50.3876
2025-06-20,JCPB,43.994
2025-06-20,JEMA,40.3322
2025-06-20,JEPI,50.7772
2025-06-20,JEPQ,46.3668
2025-06-20,JGLO,61.2793
2025-06-20,JGRO,81.7307
2025-06-20,JIRE,66.3327
2025-06-20,JMEE,57.0268
2025-06-20,JMST,49.3019
2025-06-20,JPIE,43.1346
2025-06-20,JPST,48.1415
2025-06-23,BBRE,91.0129
2025-06-23,HELO,61.6059
2025-06-23,JAGG,43.745
2025-06-23,JAVA,63.4878
2025-06-23,JBND,50.5207
2025-06-23,JCPB,44.1169
2025-06-23,JEMA,40.5594
2025-06-23,JEPI,51.1233
2025-06-23,JEPQ,46.7799
2025-06-23,JGLO,61.793
2025-06-23,JGRO,82.6792
2025-06-23,JIRE,66.8084
2025-06-23,JMEE,57.6499
2025-06-23,JMST,49.331
2025-06-23,JPIE,43.1908
2025-06-23,JPST,48.17
2025-06-24,BBRE,91.1226
2025-06-24,HELO,61.8652
2025-06-24,JAGG,43.8881
2025-06-24,JAVA,63.9762
2025-06-24,JBND,50.7106
2025-06-24,JCPB,44.2586
2025-06-24,JEMA,41.6324
2025-06-24,JEPI,51.524
2025-06-24,JEPQ,47.2546
2025-06-24,JGLO,62.4649
2025-06-24,JGRO,83.8773
2025-06-24,JIRE,67.7209
2025-06-24,JMEE,58.1246
2025-06-24,JMST,49.3358
2025-06-24,JPIE,43.2751
2025-06-24,JPST,48.1796
2025-06-25,BBRE,88.7921
2025-06-25,HELO,61.8652
2025-06-25,JAGG,43.9025
2025-06-25,JAVA,63.6999
2025-06-25,JBND,50.7296
2025-06-25,JCPB,44.2822
2025-06-25,JEMA,41.6276
2025-06-25,JEPI,51.3328
2025-06-25,JEPQ,47.3777
2025-06-25,JGLO,62.4452
2025-06-25,JGRO,84.0071
2025-06-25,JIRE,67.1773
2025-06-25,JMEE,57.7092
2025-06-25,JMST,49.3455
2025-06-25,JPIE,43.2939
2025-06-25,JPST,48.1796
2025-06-26,BBRE,88.7629
2025-06-26,HELO,61.9546
2025-06-26,JAGG,44.0069
2025-06-26,JAVA,64.2525
2025-06-26,JBND,50.8816
2025-06-26,JCPB,44.4098
2025-06-26,JEMA,41.8509
2025-06-26,JEPI,51.3692
2025-06-26,JEPQ,47.5798
2025-06-26,JGLO,62.9194
2025-06-26,JGRO,84.8657
2025-06-26,JIRE,68.0025
2025-06-26,JMEE,58.4807
2025-06-26,JMST,49.3504
2025-06-26,JPIE,43.3407
2025-06-26,JPST,48.2081
2025-06-27,BBRE,89.0251
2025-06-27,HELO,62.1334
2025-06-27,JAGG,43.9693
2025-06-27,JAVA,64.5091
2025-06-27,JBND,50.7581
2025-06-27,JCPB,44.3248
2025-06-27,JEMA,41.8121
2025-06-27,JEPI,51.606
2025-06-27,JEPQ,47.7029
2025-06-27,JGLO,63.4826
2025-06-27,JGRO,85.335
2025-06-27,JIRE,68.682
2025-06-27,JMEE,58.5796
2025-06-27,JMST,49.3698
2025-06-27,JPIE,43.3501
2025-06-27,JPST,48.2272
2025-06-30,BBRE,89.4427
2025-06-30,HELO,62.1732
2025-06-30,JAGG,44.0647
2025-06-30,JAVA,64.6374
2025-06-30,JBND,50.9101
2025-06-30,JCPB,44.4665
2025-06-30,JEMA,41.8023
2025-06-30,JEPI,51.7791
2025-06-30,JEPQ,47.8171
2025-06-30,JGLO,63.5715
2025-06-30,JGRO,85.934
2025-06-30,JIRE,68.7014
2025-06-30,JMEE,58.5598
2025-06-30,JMST,49.3795
2025-06-30,JPIE,43.3969
2025-06-30,JPST,48.2462
2025-07-01,BBRE,89.9088
2025-07-01,HELO,62.1533
2025-07-01,JAGG,44.0797
2025-07-01,JAVA,65.4269
2025-07-01,JBND,50.9121
2025-07-01,JCPB,44.4485
2025-07-01,JEMA,41.8606
2025-07-01,JEPI,52.0818
2025-07-01,JEPQ,47.732
2025-07-01,JGLO,63.6111
2025-07-01,JGRO,84.8857
2025-07-01,JIRE,68.5849
2025-07-01,JMEE,59.351
2025-07-01,JMST,49.3979
2025-07-01,JPIE,43.3894
2025-07-01,JPST,48.2233
2025-07-02,BBRE,90.2486
2025-07-02,HELO,62.4017
2025-07-02,JAGG,43.9982
2025-07-02,JAVA,65.6242
2025-07-02,JBND,50.8262
2025-07-02,JCPB,44.3963
2025-07-02,JEMA,41.9966
2025-07-02,JEPI,52.1093
2025-07-02,JEPQ,47.8828
2025-07-02,JGLO,64.0261
2025-07-02,JGRO,85.3849
2025-07-02,JIRE,68.7791
2025-07-02,JMEE,59.8554
2025-07-02,JMST,49.3931
2025-07-02,JPIE,43.3988
2025-07-02,JPST,48.2424
2025-07-03,BBRE,90.4642
2025-07-03,HELO,62.5407
2025-07-03,JAGG,43.9264
2025-07-03,JAVA,65.9104
2025-07-03,JBND,50.6928
2025-07-03,JCPB,44.2777
2025-07-03,JEMA,42.317
2025-07-03,JEPI,52.2469
2025-07-03,JEPQ,48.0425
2025-07-03,JGLO,64.3225
2025-07-03,JGRO,86.3434
2025-07-03,JIRE,68.7208
2025-07-03,JMEE,60.3202
2025-07-03,JMST,49.4125
2025-07-03,JPIE,43.3564
2025-07-03,JPST,48.2519
2025-07-07,BBRE,89.5786
2025-07-07,HELO,62.3917
2025-07-07,JAGG,43.754
2025-07-07,JAVA,65.3578
2025-07-07,JBND,50.5498
2025-07-07,JCPB,44.1733
2025-07-07,JEMA,41.5402
2025-07-07,JEPI,52.0176
2025-07-07,JEPQ,47.9271
2025-07-07,JGLO,63.8186
2025-07-07,JGRO,85.8342
2025-07-07,JIRE,67.8277
2025-07-07,JMEE,59.5587
2025-07-07,JMST,49.3979
2025-07-07,JPIE,43.3423
2025-07-07,JPST,48.2328
2025-07-08,BBRE,89.4038
2025-07-08,HELO,62.3917
2025-07-08,JAGG,43.6869
2025-07-08,JAVA,65.3479
2025-07-08,JBND,50.5116
2025-07-08,JCPB,44.1259
2025-07-08,JEMA,41.8023
2025-07-08,JEPI,52.1093
2025-07-08,JEPQ,48.0336
2025-07-08,JGLO,63.9668
2025-07-08,JGRO,85.5446
2025-07-08,JIRE,68.4975
2025-07-08,JMEE,59.8653
2025-07-08,JMST,49.4271
2025-07-08,JPIE,43.3329
2025-07-08,JPST,48.2424
2025-07-09,BBRE,89.3747
2025-07-09,HELO,62.5606
2025-07-09,JAGG,43.9005
2025-07-09,JAVA,65.4367
2025-07-09,JBND,50.7214
2025-07-09,JCPB,44.3062
2025-07-09,JEMA,41.8218
2025-07-09,JEPI,52.146
2025-07-09,JEPQ,48.1666
2025-07-09,JGLO,64.3027
2025-07-09,JGRO,86.2835
2025-07-09,JIRE,69.1868
2025-07-09,JMEE,60.2016
2025-07-09,JMST,49.4417
2025-07-09,JPIE,43.3988
2025-07-09,JPST,48.2711
2025-07-10,BBRE,89.9088
2025-07-10,HELO,62.6103
2025-07-10,JAGG,43.9072
2025-07-10,JAVA,65.8709
2025-07-10,JBND,50.7118
2025-07-10,JCPB,44.3062
2025-07-10,JEMA,41.8995
2025-07-10,JEPI,52.2469
2025-07-10,JEPQ,48.2199
2025-07-10,JGLO,64.53
2025-07-10,JGRO,86.1437
2025-07-10,JIRE,69.0121
2025-07-10,JMEE,60.5477
2025-07-10,JMST,49.466
2025-07-10,JPIE,43.3894
2025-07-10,JPST,48.2711
2025-07-11,BBRE,90.0641
2025-07-11,HELO,62.6401
2025-07-11,JAGG,43.7061
2025-07-11,JAVA,65.5453
2025-07-11,JBND,50.5116
2025-07-11,JCPB,44.1259
2025-07-11,JEMA,41.7635
2025-07-11,JEPI,52.0634
2025-07-11,JEPQ,48.2199
2025-07-11,JGLO,64.2533
2025-07-11,JGRO,85.7643
2025-07-11,JIRE,68.3228
2025-07-11,JMEE,60.0433
2025-07-11,JMST,49.4709
2025-07-11,JPIE,43.3706
2025-07-11,JPST,48.2902
2025-07-14,BBRE,90.5302
2025-07-14,HELO,62.6202
2025-07-14,JAGG,43.7061
2025-07-14,JAVA,65.6834
2025-07-14,JBND,50.4926
2025-07-14,JCPB,44.1164
2025-07-14,JEMA,41.8315
2025-07-14,JEPI,52.1276
2025-07-14,JEPQ,48.2642
2025-07-14,JGLO,64.1644
2025-07-14,JGRO,86.1337
2025-07-14,JIRE,68.6237
2025-07-14,JMEE,60.251
2025-07-14,JMST,49.4709
2025-07-14,JPIE,43.3517
2025-07-14,JPST,48.2997
2025-07-15,BBRE,89.3359
2025-07-15,HELO,62.5606
2025-07-15,JAGG,43.5959
2025-07-15,JAVA,64.8348
2025-07-15,JBND,50.3305
2025-07-15,JCPB,43.9931
2025-07-15,JEMA,42.0645
2025-07-15,JEPI,51.7882
2025-07-15,JEPQ,48.3352
2025-07-15,JGLO,63.868
2025-07-15,JGRO,86.2136
2025-07-15,JIRE,67.6433
2025-07-15,JMEE,59.1235
2025-07-15,JMST,49.4709
2025-07-15,JPIE,43.3047
2025-07-15,JPST,48.2997
2025-07-16,BBRE,90.001
2025-07-16,HELO,62.6401
2025-07-16,JAGG,43.6869
2025-07-16,JAVA,65.1407
2025-07-16,JBND,50.4496
2025-07-16,JCPB,44.0785
2025-07-16,JEMA,42.2772
2025-07-16,JEPI,51.9717
2025-07-16,JEPQ,48.3884
2025-07-16,JGLO,64.1051
2025-07-16,JGRO,86.4831
2025-07-16,JIRE,67.9345
2025-07-16,JMEE,59.4499
2025-07-16,JMST,49.4709
2025-07-16,JPIE,43.3706
2025-07-16,JPST,48.3093
2025-07-17,BBRE,89.7534
2025-07-17,HELO,62.8686
2025-07-17,JAGG,43.6678
2025-07-17,JAVA,65.5058
2025-07-17,JBND,50.464
2025-07-17,JCPB,44.0785
2025-07-17,JEMA,42.4918
2025-07-17,JEPI,52.3019
2025-07-17,JEPQ,48.5747
2025-07-17,JGLO,64.4114
2025-07-17,JGRO,86.9724
2025-07-17,JIRE,68.2937
2025-07-17,JMEE,60.1422
2025-07-17,JMST,49.4854
2025-07-17,JPIE,43.3612
2025-07-17,JPST,48.3188
2025-07-18,BBRE,89.9573
2025-07-18,HELO,62.8587
2025-07-18,JAGG,43.7507
2025-07-18,JAVA,65.3479
2025-07-18,JBND,50.5498
2025-07-18,JCPB,44.1638
2025-07-18,JEMA,42.3558
2025-07-18,JEPI,52.256
2025-07-18,JEPQ,48.5126
2025-07-18,JGLO,64.3422
2025-07-18,JGRO,86.9824
2025-07-18,JIRE,67.8083
2025-07-18,JMEE,59.9444
2025-07-18,JMST,49.4952
2025-07-18,JPIE,43.38
2025-07-18,JPST,48.3475
2025-07-21,BBRE,90.1127
2025-07-21,HELO,62.8587
2025-07-21,JAGG,43.9072
2025-07-21,JAVA,65.2196
2025-07-21,JBND,50.7118
2025-07-21,JCPB,44.2872
2025-07-21,JEMA,42.6763
2025-07-21,JEPI,52.146
2025-07-21,JEPQ,48.69
2025-07-21,JGLO,64.5003
2025-07-21,JGRO,87.1521
2025-07-21,JIRE,68.2451
2025-07-21,JMEE,59.6873
2025-07-21,JMST,49.4952
2025-07-21,JPIE,43.4364
2025-07-21,JPST,48.3475
2025-07-22,BBRE,91.6324
2025-07-22,HELO,62.8885
2025-07-22,JAGG,43.9647
2025-07-22,JAVA,65.7525
2025-07-22,JBND,50.8167
2025-07-22,JCPB,44.3915
2025-07-22,JEMA,42.5996
2025-07-22,JEPI,52.4212
2025-07-22,JEPQ,48.5836
2025-07-22,JGLO,64.6288
2025-07-22,JGRO,86.5431
2025-07-22,JIRE,68.5849
2025-07-22,JMEE,60.3598
2025-07-22,JMST,49.5097
2025-07-22,JPIE,43.4835
2025-07-22,JPST,48.3666
2025-07-23,BBRE,91.7052
2025-07-23,HELO,62.9978
2025-07-23,JAGG,43.8977
2025-07-23,JAVA,66.2953
2025-07-23,JBND,50.7118
2025-07-23,JCPB,44.2967
2025-07-23,JEMA,43.1229
2025-07-23,JEPI,52.4945
2025-07-23,JEPQ,48.7255
2025-07-23,JGLO,65.5872
2025-07-23,JGRO,87.192
2025-07-23,JIRE,70.2546
2025-07-23,JMEE,60.9137
2025-07-23,JMST,49.5195
2025-07-23,JPIE,43.4882
2025-07-23,JPST,48.3571
2025-07-24,BBRE,91.142
2025-07-24,HELO,62.9878
2025-07-24,JAGG,43.8019
2025-07-24,JAVA,65.8413
2025-07-24,JBND,50.6451
2025-07-24,JCPB,44.2587
2025-07-24,JEMA,42.8705
2025-07-24,JEPI,52.4395
2025-07-24,JEPQ,48.8053
2025-07-24,JGLO,65.4785
2025-07-24,JGRO,87.3618
2025-07-24,JIRE,69.5994
2025-07-24,JMEE,60.1917
2025-07-24,JMST,49.5195
2025-07-24,JPIE,43.46
2025-07-24,JPST,48.3571
2025-07-25,BBRE,91.0556
2025-07-25,HELO,62.9978
2025-07-25,JAGG,43.936
2025-07-25,JAVA,66.1275
2025-07-25,JBND,50.7404
2025-07-25,JCPB,44.3394
2025-07-25,JEMA,42.7539
2025-07-25,JEPI,52.5771
2025-07-25,JEPQ,48.8585
2025-07-25,JGLO,65.6465
2025-07-25,JGRO,87.861
2025-07-25,JIRE,69.4295
2025-07-25,JMEE,60.6367
2025-07-25,JMST,49.5292
2025-07-25,JPIE,43.4694
2025-07-25,JPST,48.3762
2025-07-28,BBRE,89.5854
2025-07-28,HELO,63.0375
2025-07-28,JAGG,43.8594
2025-07-28,JAVA,65.8413
2025-07-28,JBND,50.6737
2025-07-28,JCPB,44.2872
2025-07-28,JEMA,42.5015
2025-07-28,JEPI,52.4395
2025-07-28,JEPQ,49.0182
2025-07-28,JGLO,65.3105
2025-07-28,JGRO,88.1705
2025-07-28,JIRE,68.3519
2025-07-28,JMEE,60.5082
2025-07-28,JMST,49.534
2025-07-28,JPIE,43.4929
2025-07-28,JPST,48.3762
2025-07-29,BBRE,91.4013
2025-07-29,HELO,62.9878
2025-07-29,JAGG,44.0222
2025-07-29,JAVA,65.6834
2025-07-29,JBND,50.9311
2025-07-29,JCPB,44.4959
2025-07-29,JEMA,42.5316
2025-07-29,JEPI,52.4303
2025-07-29,JEPQ,48.965
2025-07-29,JGLO,64.8758
2025-07-29,JGRO,87.7212
2025-07-29,JIRE,68.3228
2025-07-29,JMEE,60.3697
2025-07-29,JMST,49.5554
2025-07-29,JPIE,43.507
2025-07-29,JPST,48.3953
2025-07-30,BBRE,90.0544
2025-07-30,HELO,62.9183
2025-07-30,JAGG,43.9504
2025-07-30,JAVA,65.3085
2025-07-30,JBND,50.8167
2025-07-30,JCPB,44.3821
2025-07-30,JEMA,42.2587
2025-07-30,JEPI,52.1368
2025-07-30,JEPQ,48.9916
2025-07-30,JGLO,64.5497
2025-07-30,JGRO,87.9109
2025-07-30,JIRE,67.852
2025-07-30,JMEE,60.0631
2025-07-30,JMST,49.5632
2025-07-30,JPIE,43.4929
2025-07-30,JPST,48.3953
2025-07-31,BBRE,88.5882
2025-07-31,HELO,62.9083
2025-07-31,JAGG,43.9647
2025-07-31,JAVA,64.8052
2025-07-31,JBND,50.8358
2025-07-31,JCPB,44.3915
2025-07-31,JEMA,42.0451
2025-07-31,JEPI,51.8066
2025-07-31,JEPQ,48.8763
2025-07-31,JGLO,64.4904
2025-07-31,JGRO,88.1904
2025-07-31,JIRE,67.1433
2025-07-31,JMEE,59.3312
2025-07-31,JMST,49.5681
2025-07-31,JPIE,43.4835
2025-07-31,JPST,48.3857
2025-08-01,BBRE,88.1512
2025-08-01,HELO,62.342
2025-08-01,JAGG,44.3546
2025-08-01,JAVA,63.8973
2025-08-01,JBND,51.2579
2025-08-01,JCPB,44.7679
2025-08-01,JEMA,41.7587
2025-08-01,JEPI,51.334
2025-08-01,JEPQ,48.1197
2025-08-01,JGLO,63.5913
2025-08-01,JGRO,86.5231
2025-08-01,JIRE,67.0026
2025-08-01,JMEE,58.54
2025-08-01,JMST,49.5914
2025-08-01,JPIE,43.5998
2025-08-01,JPST,48.4797
2025-08-04,BBRE,88.9863
2025-08-04,HELO,62.7991
2025-08-04,JAGG,44.3787
2025-08-04,JAVA,64.4302
2025-08-04,JBND,51.344
2025-08-04,JCPB,44.825
2025-08-04,JEMA,42.2141
2025-08-04,JEPI,51.9063
2025-08-04,JEPQ,48.862
2025-08-04,JGLO,64.4213
2025-08-04,JGRO,88.1904
2025-08-04,JIRE,67.7889
2025-08-04,JMEE,59.3609
2025-08-04,JMST,49.5963
2025-08-04,JPIE,43.7133
2025-08-04,JPST,48.4893
2025-08-05,BBRE,89.6019
2025-08-05,HELO,62.5606
2025-08-05,JAGG,44.3979
2025-08-05,JAVA,64.2821
2025-08-05,JBND,51.3393
2025-08-05,JCPB,44.8441
2025-08-05,JEMA,42.3364
2025-08-05,JEPI,51.6017
2025-08-05,JEPQ,48.5937
2025-08-05,JGLO,64.0359
2025-08-05,JGRO,87.4915
2025-08-05,JIRE,67.7889
2025-08-05,JMEE,59.3807
2025-08-05,JMST,49.6158
2025-08-05,JPIE,43.7039
2025-08-05,JPST,48.4893
2025-08-06,BBRE,88.7872
2025-08-06,HELO,62.809
2025-08-06,JAGG,44.345
2025-08-06,JAVA,64.1243
2025-08-06,JBND,51.301
2025-08-06,JCPB,44.7965
2025-08-06,JEMA,42.5452
2025-08-06,JEPI,51.6847
2025-08-06,JEPQ,49.0229
2025-08-06,JGLO,64.362
2025-08-06,JGRO,88.5499
2025-08-06,JIRE,68.2937
2025-08-06,JMEE,59.3114
2025-08-06,JMST,49.6207
2025-08-06,JPIE,43.7039
2025-08-06,JPST,48.4893
2025-08-07,BBRE,89.0377
2025-08-07,HELO,62.7891
2025-08-07,JAGG,44.34
2025-08-07,JAVA,64.1539
2025-08-07,JBND,51.2866
2025-08-07,JCPB,44.7774
2025-08-07,JEMA,42.919
2025-08-07,JEPI,51.6017
2025-08-07,JEPQ,49.166
2025-08-07,JGLO,64.6189
2025-08-07,JGRO,88.5798
2025-08-07,JIRE,68.9247
2025-08-07,JMEE,59.1829
2025-08-07,JMST,49.6304
2025-08-07,JPIE,43.7133
2025-08-07,JPST,48.4989
2025-08-08,BBRE,88.3959
2025-08-08,HELO,63.0574
2025-08-08,JAGG,44.2489
2025-08-08,JAVA,64.5683
2025-08-08,JBND,51.1813
2025-08-08,JCPB,44.7059
2025-08-08,JEMA,42.9093
2025-08-08,JEPI,51.7494
2025-08-08,JEPQ,49.4701
2025-08-08,JGLO,65.0536
2025-08-08,JGRO,88.9992
2025-08-08,JIRE,69.2159
2025-08-08,JMEE,59.2719
2025-08-08,JMST,49.645
2025-08-08,JPIE,43.7086
2025-08-08,JPST,48.5181
2025-08-11,BBRE,87.8822
2025-08-11,HELO,63.0574
2025-08-11,JAGG,44.2681
2025-08-11,JAVA,64.3907
2025-08-11,JBND,51.21
2025-08-11,JCPB,44.725
2025-08-11,JEMA,42.7743
2025-08-11,JEPI,51.7309
2025-08-11,JEPQ,49.4343
2025-08-11,JGLO,64.777
2025-08-11,JGRO,88.7995
2025-08-11,JIRE,68.9538
2025-08-11,JMEE,59.0939
2025-08-11,JMST,49.6402
2025-08-11,JPIE,43.7086
2025-08-11,JPST,48.5085
2025-08-12,BBRE,88.595
2025-08-12,HELO,63.4349
2025-08-12,JAGG,44.2642
2025-08-12,JAVA,65.2492
2025-08-12,JBND,51.1909
2025-08-12,JCPB,44.7298
2025-08-12,JEMA,43.421
2025-08-12,JEPI,52.0078
2025-08-12,JEPQ,49.8367
2025-08-12,JGLO,65.4884
2025-08-12,JGRO,89.9776
2025-08-12,JIRE,69.7207
2025-08-12,JMEE,60.6268
2025-08-12,JMST,49.6645
2025-08-12,JPIE,43.7322
2025-08-12,JPST,48.5372
2025-08-13,BBRE,89.4854
2025-08-13,HELO,63.4846
2025-08-13,JAGG,44.4267
2025-08-13,JAVA,65.9203
2025-08-13,JBND,51.3728
2025-08-13,JCPB,44.887
2025-08-13,JEMA,43.9027
2025-08-13,JEPI,52.3217
2025-08-13,JEPQ,49.8546
2025-08-13,JGLO,65.8144
2025-08-13,JGRO,89.6481
2025-08-13,JIRE,70.109
2025-08-13,JMEE,61.6356
2025-08-13,JMST,49.6743
2025-08-13,JPIE,43.8268
2025-08-13,JPST,48.5468
2025-08-14,BBRE,88.7338
2025-08-14,HELO,63.574
2025-08-14,JAGG,44.3066
2025-08-14,JAVA,65.8117
2025-08-14,JBND,51.2388
2025-08-14,JCPB,44.7679
2025-08-14,JEMA,43.4113
2025-08-14,JEPI,52.2663
2025-08-14,JEPQ,49.9082
2025-08-14,JGLO,65.8342
2025-08-14,JGRO,89.6781
2025-08-14,JIRE,70.2158
2025-08-14,JMEE,60.8246
2025-08-14,JMST,49.6694
2025-08-14,JPIE,43.8079
2025-08-14,JPST,48.5372
2025-08-15,BBRE,89.0766
2025-08-15,HELO,63.5243
2025-08-15,JAGG,44.2489
2025-08-15,JAVA,65.644
2025-08-15,JBND,51.1478
2025-08-15,JCPB,44.7107
2025-08-15,JEMA,43.5016
2025-08-15,JEPI,52.3309
2025-08-15,JEPQ,49.8993
2025-08-15,JGLO,65.9231
2025-08-15,JGRO,89.5583
2025-08-15,JIRE,70.6332
2025-08-15,JMEE,60.4389
2025-08-15,JMST,49.6743
2025-08-15,JPIE,43.7937
2025-08-15,JPST,48.5564
2025-08-18,BBRE,88.4425
2025-08-18,HELO,63.6137
2025-08-18,JAGG,44.2028
2025-08-18,JAVA,65.7624
2025-08-18,JBND,51.1143
2025-08-18,JCPB,44.6726
2025-08-18,JEMA,43.6667
2025-08-18,JEPI,52.3771
2025-08-18,JEPQ,49.953
2025-08-18,JGLO,65.8046
2025-08-18,JGRO,89.5483
2025-08-18,JIRE,70.5265
2025-08-18,JMEE,60.5576
2025-08-18,JMST,49.6743
2025-08-18,JPIE,43.7795
2025-08-18,JPST,48.5564
2025-08-19,BBRE,90.1321
2025-08-19,HELO,63.4647
2025-08-19,JAGG,44.2922
2025-08-19,JAVA,65.8709
2025-08-19,JBND,51.2148
2025-08-19,JCPB,44.7488
2025-08-19,JEMA,43.2113
2025-08-19,JEPI,52.5525
2025-08-19,JEPQ,49.5237
2025-08-19,JGLO,65.6662
2025-08-19,JGRO,88.2803
2025-08-19,JIRE,70.5944
2025-08-19,JMEE,60.5972
2025-08-19,JMST,49.6743
2025-08-19,JPIE,43.7795
2025-08-19,JPST,48.5852
2025-08-20,BBRE,90.5739
2025-08-20,HELO,63.4647
2025-08-20,JAGG,44.3162
2025-08-20,JAVA,66.0782
2025-08-20,JBND,51.2579
2025-08-20,JCPB,44.7774
2025-08-20,JEMA,43.1569
2025-08-20,JEPI,52.7094
2025-08-20,JEPQ,49.3091
2025-08-20,JGLO,65.6168
2025-08-20,JGRO,87.8709
2025-08-20,JIRE,70.8468
2025-08-20,JMEE,60.3301
2025-08-20,JMST,49.6743
2025-08-20,JPIE,43.8268
2025-08-20,JPST,48.5948
2025-08-21,BBRE,90.0641
2025-08-21,HELO,63.3256
2025-08-21,JAGG,44.1912
2025-08-21,JAVA,65.8709
2025-08-21,JBND,51.167
2025-08-21,JCPB,44.6907
2025-08-21,JEMA,43.0841
2025-08-21,JEPI,52.5063
2025-08-21,JEPQ,49.1302
2025-08-21,JGLO,65.3698
2025-08-21,JGRO,87.5914
2025-08-21,JIRE,70.342
2025-08-21,JMEE,60.3005
2025-08-21,JMST,49.6791
2025-08-21,JPIE,43.7843
2025-08-21,JPST,48.566
2025-08-22,BBRE,91.6188
2025-08-22,HELO,63.7528
2025-08-22,JAGG,44.47
2025-08-22,JAVA,67.0551
2025-08-22,JBND,51.3919
2025-08-22,JCPB,44.9012
2025-08-22,JEMA,43.8221
2025-08-22,JEPI,52.9586
2025-08-22,JEPQ,49.7831
2025-08-22,JGLO,66.3974
2025-08-22,JGRO,88.9093
2025-08-22,JIRE,71.4196
2025-08-22,JMEE,62.1104
2025-08-22,JMST,49.6889
2025-08-22,JPIE,43.893
2025-08-22,JPST,48.6236
2025-08-25,BBRE,91.0449
2025-08-25,HELO,63.7429
2025-08-25,JAGG,44.3998
2025-08-25,JAVA,66.6604
2025-08-25,JBND,51.3536
2025-08-25,JCPB,44.8489
2025-08-25,JEMA,43.7201
2025-08-25,JEPI,52.654
2025-08-25,JEPQ,49.7294
2025-08-25,JGLO,65.9034
2025-08-25,JGRO,88.6996
2025-08-25,JIRE,70.4197
2025-08-25,JMEE,61.695
2025-08-25,JMST,49.6937
2025-08-25,JPIE,43.893
2025-08-25,JPST,48.614
2025-08-26,BBRE,90.9769
2025-08-26,HELO,63.8224
2025-08-26,JAGG,44.4315
2025-08-26,JAVA,66.917
2025-08-26,JBND,51.4302
2025-08-26,JCPB,44.9203
2025-08-26,JEMA,43.6793
2025-08-26,JEPI,52.7002
2025-08-26,JEPQ,49.9082
2025-08-26,JGLO,65.933
2025-08-26,JGRO,89.2687
2025-08-26,JIRE,70.3226
2025-08-26,JMEE,61.9323
2025-08-26,JMST,49.7181
2025-08-26,JPIE,43.9309
2025-08-26,JPST,48.6331
2025-08-27,BBRE,92.1393
2025-08-27,HELO,63.8621
2025-08-27,JAGG,44.4748
2025-08-27,JAVA,67.144
2025-08-27,JBND,51.4685
2025-08-27,JCPB,44.9679
2025-08-27,JEMA,43.4608
2025-08-27,JEPI,52.7371
2025-08-27,JEPQ,49.9619
2025-08-27,JGLO,65.9626
2025-08-27,JGRO,89.2887
2025-08-27,JIRE,70.1284
2025-08-27,JMEE,62.3279
2025-08-27,JMST,49.7181
2025-08-27,JPIE,43.9876
2025-08-27,JPST,48.6427
2025-08-28,BBRE,91.912
2025-08-28,HELO,63.882
2025-08-28,JAGG,44.5277
2025-08-28,JAVA,67.1637
2025-08-28,JBND,51.5642
2025-08-28,JCPB,45.0346
2025-08-28,JEMA,43.6958
2025-08-28,JEPI,52.7925
2025-08-28,JEPQ,50.257
2025-08-28,JGLO,66.1207
2025-08-28,JGRO,89.9776
2025-08-28,JIRE,70.4391
2025-08-28,JMEE,62.5257
2025-08-28,JMST,49.7084
2025-08-28,JPIE,44.016
2025-08-28,JPST,48.6427
2025-08-29,BBRE,92.5694
2025-08-29,HELO,63.7628
2025-08-29,JAGG,44.5107
2025-08-29,JAVA,67.1045
2025-08-29,JBND,51.4876
2025-08-29,JCPB,44.9822
2025-08-29,JEMA,43.424
2025-08-29,JEPI,52.7555
2025-08-29,JEPQ,49.792
2025-08-29,JGLO,65.6761
2025-08-29,JGRO,88.8893
2025-08-29,JIRE,69.9634
2025-08-29,JMEE,62.1005
2025-08-29,JMST,49.7473
2025-08-29,JPIE,44.0254
2025-08-29,JPST,48.6619
2025-09-02,BBRE,90.9041
2025-09-02,HELO,63.6137
2025-09-02,JAGG,44.3721
2025-09-02,JAVA,66.917
2025-09-02,JBND,51.3964
2025-09-02,JCPB,44.8904
2025-09-02,JEMA,43.2103
2025-09-02,JEPI,52.6329
2025-09-02,JEPQ,49.4873
2025-09-02,JGLO,65.2414
2025-09-02,JGRO,88.2504
2025-09-02,JIRE,69.2402
2025-09-02,JMEE,61.8137
2025-09-02,JMST,49.7219
2025-09-02,JPIE,44.0026
2025-09-02,JPST,48.6706
2025-09-03,BBRE,91.3265
2025-09-03,HELO,63.723
2025-09-03,JAGG,44.5168
2025-09-03,JAVA,66.7492
2025-09-03,JBND,51.5693
2025-09-03,JCPB,45.0148
2025-09-03,JEMA,43.4628
2025-09-03,JEPI,52.5679
2025-09-03,JEPQ,49.8028
2025-09-03,JGLO,65.2809
2025-09-03,JGRO,88.7995
2025-09-03,JIRE,69.3518
2025-09-03,JMEE,61.7444
2025-09-03,JMST,49.7415
2025-09-03,JPIE,44.0501
2025-09-03,JPST,48.6898
2025-09-04,BBRE,92.0645
2025-09-04,HELO,64.0111
2025-09-04,JAGG,44.7039
2025-09-04,JAVA,67.3512
2025-09-04,JBND,51.7326
2025-09-04,JCPB,45.1965
2025-09-04,JEMA,43.3074
2025-09-04,JEPI,52.7351
2025-09-04,JEPQ,50.1724
2025-09-04,JGLO,65.7354
2025-09-04,JGRO,89.718
2025-09-04,JIRE,69.9634
2025-09-04,JMEE,62.6444
2025-09-04,JMST,49.7561
2025-09-04,JPIE,44.0977
2025-09-04,JPST,48.7091
2025-09-05,BBRE,92.8899
2025-09-05,HELO,63.9018
2025-09-05,JAGG,44.9316
2025-09-05,JAVA,67.1637
2025-09-05,JBND,51.9823
2025-09-05,JCPB,45.3927
2025-09-05,JEMA,43.8522
2025-09-05,JEPI,52.7537
2025-09-05,JEPQ,50.2806
2025-09-05,JGLO,65.3698
2025-09-05,JGRO,89.6681
2025-09-05,JIRE,70.2741
2025-09-05,JMEE,62.9609
2025-09-05,JMST,49.8196
2025-09-05,JPIE,44.1737
2025-09-05,JPST,48.7476
2025-09-08,BBRE,92.5646
2025-09-08,HELO,64.0211
2025-09-08,JAGG,45.086
2025-09-08,JAVA,67.1538
2025-09-08,JBND,52.1504
2025-09-08,JCPB,45.5505
2025-09-08,JEMA,44.2678
2025-09-08,JEPI,52.7816
2025-09-08,JEPQ,50.4969
2025-09-08,JGLO,65.5378
2025-09-08,JGRO,90.377
2025-09-08,JIRE,70.842
2025-09-08,JMEE,62.8027
2025-09-08,JMST,49.8343
2025-09-08,JPIE,44.1927
2025-09-08,JPST,48.7572
2025-09-09,BBRE,92.348
2025-09-09,HELO,64.0807
2025-09-09,JAGG,45.0088
2025-09-09,JAVA,67.1834
2025-09-09,JBND,52.0591
2025-09-09,JCPB,45.474
2025-09-09,JEMA,44.5163
2025-09-09,JEPI,52.7258
2025-09-09,JEPQ,50.6321
2025-09-09,JGLO,65.7255
2025-09-09,JGRO,90.8063
2025-09-09,JIRE,70.6138
2025-09-09,JMEE,62.3972
2025-09-09,JMST,49.8343
2025-09-09,JPIE,44.1547
2025-09-09,JPST,48.738
2025-09-10,BBRE,92.3665
2025-09-10,HELO,64.2396
2025-09-10,JAGG,45.0571
2025-09-10,JAVA,67.213
2025-09-10,JBND,52.184
2025-09-10,JCPB,45.5697
2025-09-10,JEMA,44.93
2025-09-10,JEPI,52.8652
2025-09-10,JEPQ,50.6591
2025-09-10,JGLO,65.5575
2025-09-10,JGRO,91.4753
2025-09-10,JIRE,70.4585
2025-09-10,JMEE,62.2983
2025-09-10,JMST,49.8294
2025-09-10,JPIE,44.1832
2025-09-10,JPST,48.7668
2025-09-11,BBRE,93.7939
2025-09-11,HELO,64.4681
2025-09-11,JAGG,45.1765
2025-09-11,JAVA,68.1407
2025-09-11,JBND,52.2704
2025-09-11,JCPB,45.6606
2025-09-11,JEMA,45.5214
2025-09-11,JEPI,53.1904
2025-09-11,JEPQ,50.8484
2025-09-11,JGLO,66.1207
2025-09-11,JGRO,91.8746
2025-09-11,JIRE,71.206
2025-09-11,JMEE,63.495
2025-09-11,JMST,49.844
2025-09-11,JPIE,44.2022
2025-09-11,JPST,48.7668
2025-09-12,BBRE,93.6861
2025-09-12,HELO,64.4483
2025-09-12,JAGG,45.1246
2025-09-12,JAVA,67.7755
2025-09-12,JBND,52.184
2025-09-12,JCPB,45.5984
2025-09-12,JEMA,45.5039
2025-09-12,JEPI,52.8652
2025-09-12,JEPQ,50.9656
2025-09-12,JGLO,66.0615
2025-09-12,JGRO,91.9745
2025-09-12,JIRE,70.9342
2025-09-12,JMEE,62.773
2025-09-12,JMST,49.8538
2025-09-12,JPIE,44.1832
2025-09-12,JPST,48.7861
2025-09-15,BBRE,93.254
2025-09-15,HELO,64.5377
2025-09-15,JAGG,45.1632
2025-09-15,JAVA,67.815
2025-09-15,JBND,52.28
2025-09-15,JCPB,45.6845
2025-09-15,JEMA,45.8078
2025-09-15,JEPI,52.7908
2025-09-15,JEPQ,51.218
2025-09-15,JGLO,66.3677
2025-09-15,JGRO,92.7832
2025-09-15,JIRE,71.3807
2025-09-15,JMEE,62.7829
2025-09-15,JMST,49.8538
2025-09-15,JPIE,44.1927
2025-09-15,JPST,48.7957
2025-09-16,BBRE,92.6539
2025-09-16,HELO,64.5079
2025-09-16,JAGG,45.1975
2025-09-16,JAVA,67.6275
2025-09-16,JBND,52.2993
2025-09-16,JCPB,45.6988
2025-09-16,JEMA,46.1525
2025-09-16,JEPI,52.7444
2025-09-16,JEPQ,51.227
2025-09-16,JGLO,66.3085
2025-09-16,JGRO,92.6634
2025-09-16,JIRE,71.2739
2025-09-16,JMEE,62.7137
2025-09-16,JMST,49.8538
2025-09-16,JPIE,44.2022
2025-09-16,JPST,48.815
2025-09-17,BBRE,92.2742
2025-09-17,HELO,64.4582
2025-09-17,JAGG,45.1632
2025-09-17,JAVA,67.8347
2025-09-17,JBND,52.2032
2025-09-17,JCPB,45.6366
2025-09-17,JEMA,46.3176
2025-09-17,JEPI,52.8838
2025-09-17,JEPQ,51.218
2025-09-17,JGLO,66.348
2025-09-17,JGRO,92.3539
2025-09-17,JIRE,70.9245
2025-09-17,JMEE,62.6543
2025-09-17,JMST,49.8733
2025-09-17,JPIE,44.1642
2025-09-17,JPST,48.8054
2025-09-18,BBRE,92.7636
2025-09-18,HELO,64.5079
2025-09-18,JAGG,45.0301
2025-09-18,JAVA,68.0913
2025-09-18,JBND,52.0687
2025-09-18,JCPB,45.517
2025-09-18,JEMA,46.2593
2025-09-18,JEPI,52.893
2025-09-18,JEPQ,51.3983
2025-09-18,JGLO,66.5851
2025-09-18,JGRO,92.9629
2025-09-18,JIRE,71.371
2025-09-18,JMEE,63.762
2025-09-18,JMST,49.8391
2025-09-18,JPIE,44.1547
2025-09-18,JPST,48.8054
2025-09-19,BBRE,92.25
2025-09-19,HELO,64.5774
2025-09-19,JAGG,45.0137
2025-09-19,JAVA,67.9038
2025-09-19,JBND,52.0783
2025-09-19,JCPB,45.5123
2025-09-19,JEMA,46.0845
2025-09-19,JEPI,52.828
2025-09-19,JEPQ,51.5245
2025-09-19,JGLO,66.6839
2025-09-19,JGRO,93.8016
2025-09-19,JIRE,70.973
2025-09-19,JMEE,63.2378
2025-09-19,JMST,49.8489
2025-09-19,JPIE,44.1452
2025-09-19,JPST,48.8342
2025-09-22,BBRE,92.4247
2025-09-22,HELO,64.7364
2025-09-22,JAGG,44.9702
2025-09-22,JAVA,67.9236
2025-09-22,JBND,51.9823
2025-09-22,JCPB,45.4501
2025-09-22,JEMA,46.3273
2025-09-22,JEPI,52.7908
2025-09-22,JEPQ,51.6868
2025-09-22,JGLO,66.9803
2025-09-22,JGRO,94.4605
2025-09-22,JIRE,71.3419
2025-09-22,JMEE,63.3071
2025-09-22,JMST,49.8245
2025-09-22,JPIE,44.1547
2025-09-22,JPST,48.8246
2025-09-23,BBRE,93.0608
2025-09-23,HELO,64.5144
2025-09-23,JAGG,45.0474
2025-09-23,JAVA,67.9642
2025-09-23,JBND,52.1072
2025-09-23,JCPB,45.5505
2025-09-23,JEMA,46.3856
2025-09-23,JEPI,52.8094
2025-09-23,JEPQ,51.5335
2025-09-23,JGLO,66.5357
2025-09-23,JGRO,93.4421
2025-09-23,JIRE,71.206
2025-09-23,JMEE,63.1192
2025-09-23,JMST,49.8538
2025-09-23,JPIE,44.1832
2025-09-23,JPST,48.8342
2025-09-24,BBRE,92.1821
2025-09-24,HELO,64.5343
2025-09-24,JAGG,44.9316
2025-09-24,JAVA,67.7661
2025-09-24,JBND,52.0303
2025-09-24,JCPB,45.4644
2025-09-24,JEMA,46.1622
2025-09-24,JEPI,52.8466
2025-09-24,JEPQ,51.5335
2025-09-24,JGLO,66.4172
2025-09-24,JGRO,93.0228
2025-09-24,JIRE,70.6721
2025-09-24,JMEE,62.6148
2025-09-24,JMST,49.8391
2025-09-24,JPIE,44.1737
2025-09-24,JPST,48.8342
2025-09-25,BBRE,91.8249
2025-09-25,HELO,64.4845
2025-09-25,JAGG,44.8834
2025-09-25,JAVA,67.4194
2025-09-25,JBND,51.9439
2025-09-25,JCPB,45.3879
2025-09-25,JEMA,45.8515
2025-09-25,JEPI,52.6329
2025-09-25,JEPQ,51.4704
2025-09-25,JGLO,66.1603
2025-09-25,JGRO,92.4737
2025-09-25,JIRE,70.2255
2025-09-25,JMEE,62.0708
2025-09-25,JMST,49.8343
2025-09-25,JPIE,44.1262
2025-09-25,JPST,48.8054
2025-09-26,BBRE,92.7741
2025-09-26,HELO,64.594
2025-09-26,JAGG,44.9027
2025-09-26,JAVA,67.9047
2025-09-26,JBND,51.9247
2025-09-26,JCPB,45.3879
2025-09-26,JEMA,45.6961
2025-09-26,JEPI,52.9023
2025-09-26,JEPQ,51.6056
2025-09-26,JGLO,66.5258
2025-09-26,JGRO,92.8331
2025-09-26,JIRE,70.8565
2025-09-26,JMEE,62.7532
2025-09-26,JMST,49.8343
2025-09-26,JPIE,44.1262
2025-09-26,JPST,48.8439
2025-09-29,BBRE,92.685
2025-09-29,HELO,64.6737
2025-09-29,JAGG,44.9799
2025-09-29,JAVA,68.1028
2025-09-29,JBND,51.9919
2025-09-29,JCPB,45.5027
2025-09-29,JEMA,46.1914
2025-09-29,JEPI,52.9209
2025-09-29,JEPQ,51.7499
2025-09-29,JGLO,66.8321
2025-09-29,JGRO,93.4222
2025-09-29,JIRE,70.9924
2025-09-29,JMEE,62.5752
2025-09-29,JMST,49.8343
2025-09-29,JPIE,44.1357
2025-09-29,JPST,48.8439
2025-09-30,BBRE,93.4297
2025-09-30,HELO,64.7035
2025-09-30,JAGG,45.0281
2025-09-30,JAVA,68.3009
2025-09-30,JBND,52.0207
2025-09-30,JCPB,45.4931
2025-09-30,JEMA,46.1719
2025-09-30,JEPI,53.051
2025-09-30,JEPQ,51.849
2025-09-30,JGLO,66.9606
2025-09-30,JGRO,93.6019
2025-09-30,JIRE,71.3904
2025-09-30,JMEE,62.7334
2025-09-30,JMST,49.844
2025-09-30,JPIE,44.1072
2025-09-30,JPST,48.8342
2025-10-01,BBRE,93.596
2025-10-01,HELO,64.7832
2025-10-01,JAGG,45.1194
2025-10-01,JAVA,68.4792
2025-10-01,JBND,52.1297
2025-10-01,JCPB,45.6161
2025-10-01,JEMA,46.5992
2025-10-01,JEPI,53.1548
2025-10-01,JEPQ,51.9635
2025-10-01,JGLO,67.1582
2025-10-01,JGRO,93.7816
2025-10-01,JIRE,72.0894
2025-10-01,JMEE,62.9609
2025-10-01,JMST,49.8303
2025-10-01,JPIE,44.1482
2025-10-01,JPST,48.8613
2025-10-02,BBRE,93.0539
2025-10-02,HELO,64.7931
2025-10-02,JAGG,45.1485
2025-10-02,JAVA,68.4297
2025-10-02,JBND,52.2164
2025-10-02,JCPB,45.6449
2025-10-02,JEMA,46.8225
2025-10-02,JEPI,53.1548
2025-10-02,JEPQ,52.0452
2025-10-02,JGLO,67.3262
2025-10-02,JGRO,94.0013
2025-10-02,JIRE,72.2641
2025-10-02,JMEE,63.0895
2025-10-02,JMST,49.8401
2025-10-02,JPIE,44.1769
2025-10-02,JPST,48.871
2025-10-03,BBRE,93.4395
2025-10-03,HELO,64.8031
2025-10-03,JAGG,45.1291
2025-10-03,JAVA,68.7961
2025-10-03,JBND,52.1875
2025-10-03,JCPB,45.5777
2025-10-03,JEMA,47.0361
2025-10-03,JEPI,53.3231
2025-10-03,JEPQ,52.0361
2025-10-03,JGLO,67.4941
2025-10-03,JGRO,93.7716
2025-10-03,JIRE,72.9048
2025-10-03,JMEE,63.2873
2025-10-03,JMST,49.845
2025-10-03,JPIE,44.1864
2025-10-03,JPST,48.8999
2025-10-06,BBRE,92.7447
2025-10-06,HELO,64.8529
2025-10-06,JAGG,45.0323
2025-10-06,JAVA,68.7664
2025-10-06,JBND,52.0622
2025-10-06,JCPB,45.4816
2025-10-06,JEMA,47.2886
2025-10-06,JEPI,53.267
2025-10-06,JEPQ,52.1997
2025-10-06,JGLO,67.7313
2025-10-06,JGRO,94.1909
2025-10-06,JIRE,72.9825
2025-10-06,JMEE,63.2675
2025-10-06,JMST,49.845
2025-10-06,JPIE,44.1673
2025-10-06,JPST,48.8999
2025-10-07,BBRE,92.3915
2025-10-07,HELO,64.6836
2025-10-07,JAGG,45.0517
2025-10-07,JAVA,68.4198
2025-10-07,JBND,52.1489
2025-10-07,JCPB,45.5488
2025-10-07,JEMA,46.939
2025-10-07,JEPI,53.1735
2025-10-07,JEPQ,52.0725
2025-10-07,JGLO,67.3459
2025-10-07,JGRO,93.7417
2025-10-07,JIRE,72.2544
2025-10-07,JMEE,62.5159
2025-10-07,JMST,49.8499
2025-10-07,JPIE,44.1339
2025-10-07,JPST,48.9096
2025-10-08,BBRE,91.9815
2025-10-08,HELO,64.813
2025-10-08,JAGG,45.0517
2025-10-08,JAVA,68.5386
2025-10-08,JBND,52.1489
2025-10-08,JCPB,45.5873
2025-10-08,JEMA,47.2789
2025-10-08,JEPI,53.2109
2025-10-08,JEPQ,52.3814
2025-10-08,JGLO,67.4546
2025-10-08,JGRO,94.6802
2025-10-08,JIRE,72.5554
2025-10-08,JMEE,63.0895
2025-10-08,JMST,49.8548
2025-10-08,JPIE,44.1291
2025-10-08,JPST,48.9193
2025-10-09,BBRE,91.4726
2025-10-09,HELO,64.7433
2025-10-09,JAGG,45.0613
2025-10-09,JAVA,68.0335
2025-10-09,JBND,52.1007
2025-10-09,JCPB,45.5488
2025-10-09,JEMA,46.9264
2025-10-09,JEPI,53.0613
2025-10-09,JEPQ,52.3541
2025-10-09,JGLO,67.2372
2025-10-09,JGRO,94.6302
2025-10-09,JIRE,71.9438
2025-10-09,JMEE,62.4565
2025-10-09,JMST,49.8548
2025-10-09,JPIE,44.11
2025-10-09,JPST,48.8999
2025-10-10,BBRE,90.2084
2025-10-10,HELO,63.9868
2025-10-10,JAGG,45.2453
2025-10-10,JAVA,66.5082
2025-10-10,JBND,52.3418
2025-10-10,JCPB,45.693
2025-10-10,JEMA,45.0941
2025-10-10,JEPI,52.36
2025-10-10,JEPQ,51.1731
2025-10-10,JGLO,65.6267
2025-10-10,JGRO,91.5451
2025-10-10,JIRE,70.6235
2025-10-10,JMEE,60.6268
2025-10-10,JMST,49.8499
2025-10-10,JPIE,44.11
2025-10-10,JPST,48.9289
2025-10-13,BBRE,90.9658
2025-10-13,HELO,64.5044
2025-10-13,JAGG,45.2453
2025-10-13,JAVA,67.261
2025-10-13,JBND,52.4189
2025-10-13,JCPB,45.8227
2025-10-13,JEMA,46.5438
2025-10-13,JEPI,52.8743
2025-10-13,JEPQ,52.0725
2025-10-13,JGLO,66.4468
2025-10-13,JGRO,93.6318
2025-10-13,JIRE,71.2157
2025-10-13,JMEE,61.8928
2025-10-13,JMST,49.8793
2025-10-13,JPIE,44.196
2025-10-13,JPST,48.9386
2025-10-14,BBRE,91.8053
2025-10-14,HELO,64.5642
2025-10-14,JAGG,45.3615
2025-10-14,JAVA,67.7562
2025-10-14,JBND,52.4864
2025-10-14,JCPB,45.8467
2025-10-14,JEMA,46.0826
2025-10-14,JEPI,53.1828
2025-10-14,JEPQ,51.8181
2025-10-14,JGLO,66.5258
2025-10-14,JGRO,92.7832
2025-10-14,JIRE,71.5555
2025-10-14,JMEE,62.5752
2025-10-14,JMST,49.8548
2025-10-14,JPIE,44.2246
2025-10-14,JPST,48.9579
2025-10-15,BBRE,93.1215
2025-10-15,HELO,64.5542
2025-10-15,JAGG,45.3325
2025-10-15,JAVA,68.1623
2025-10-15,JBND,52.4478
2025-10-15,JCPB,45.8419
2025-10-15,JEMA,46.8623
2025-10-15,JEPI,53.1735
2025-10-15,JEPQ,52.0543
2025-10-15,JGLO,66.8321
2025-10-15,JGRO,93.1027
2025-10-15,JIRE,71.7788
2025-10-15,JMEE,62.8126
2025-10-15,JMST,49.8842
2025-10-15,JPIE,44.2533
2025-10-15,JPST,48.9772
2025-10-16,BBRE,92.823
2025-10-16,HELO,64.3352
2025-10-16,JAGG,45.468
2025-10-16,JAVA,67.5383
2025-10-16,JBND,52.6021
2025-10-16,JCPB,45.9908
2025-10-16,JEMA,47.075
2025-10-16,JEPI,52.8369
2025-10-16,JEPQ,51.8908
2025-10-16,JGLO,66.4666
2025-10-16,JGRO,92.6434
2025-10-16,JIRE,72.303
2025-10-16,JMEE,62.0115
2025-10-16,JMST,49.8842
2025-10-16,JPIE,44.2724
2025-10-16,JPST,48.9966
2025-10-17,BBRE,93.5471
2025-10-17,HELO,64.6139
2025-10-17,JAGG,45.4441
2025-10-17,JAVA,67.8849
2025-10-17,JBND,52.5635
2025-10-17,JCPB,45.9399
2025-10-17,JEMA,47.1041
2025-10-17,JEPI,53.1641
2025-10-17,JEPQ,52.2178
2025-10-17,JGLO,66.7729
2025-10-17,JGRO,92.9529
2025-10-17,JIRE,72.3224
2025-10-17,JMEE,62.0609
2025-10-17,JMST,49.8842
2025-10-17,JPIE,44.301
2025-10-17,JPST,49.0062
2025-10-20,BBRE,94.4131
2025-10-20,HELO,64.9524
2025-10-20,JAGG,45.5164
2025-10-20,JAVA,68.6476
2025-10-20,JBND,52.6888
2025-10-20,JCPB,46.0148
2025-10-20,JEMA,47.7741
2025-10-20,JEPI,53.454
2025-10-20,JEPQ,52.6993
2025-10-20,JGLO,67.4941
2025-10-20,JGRO,93.8715
2025-10-20,JIRE,72.8757
2025-10-20,JMEE,62.9312
2025-10-20,JMST,49.8939
2025-10-20,JPIE,44.3201
2025-10-20,JPST,49.0159
2025-10-21,BBRE,94.0687
2025-10-21,HELO,65.1117
2025-10-21,JAGG,45.5939
2025-10-21,JAVA,68.7763
2025-10-21,JBND,52.6696
2025-10-21,JCPB,46.0869
2025-10-21,JEMA,47.3857
2025-10-21,JEPI,53.7812
2025-10-21,JEPQ,52.7447
2025-10-21,JGLO,67.6127
2025-10-21,JGRO,93.8315
2025-10-21,JIRE,72.3321
2025-10-21,JMEE,63.1587
2025-10-21,JMST,49.8842
2025-10-21,JPIE,44.3488
2025-10-21,JPST,49.0159
2025-10-22,BBRE,94.5941
2025-10-22,HELO,64.9524
2025-10-22,JAGG,45.5745
2025-10-22,JAVA,68.3801
2025-10-22,JBND,52.7756
2025-10-22,JCPB,46.0869
2025-10-22,JEMA,47.2401
2025-10-22,JEPI,53.5662
2025-10-22,JEPQ,52.4631
2025-10-22,JGLO,67.2471
2025-10-22,JGRO,92.9429
2025-10-22,JIRE,72.2059
2025-10-22,JMEE,62.5554
2025-10-22,JMST,49.889
2025-10-22,JPIE,44.3297
2025-10-22,JPST,49.0255
2025-10-23,BBRE,94.3789
2025-10-23,HELO,65.1415
2025-10-23,JAGG,45.4874
2025-10-23,JAVA,68.8159
2025-10-23,JBND,52.5635
2025-10-23,JCPB,45.9812
2025-10-23,JEMA,47.7741
2025-10-23,JEPI,53.7251
2025-10-23,JEPQ,52.8174
2025-10-23,JGLO,67.4922
2025-10-23,JGRO,93.8715
2025-10-23,JIRE,72.4971
2025-10-23,JMEE,63.3664
2025-10-23,JMST,49.8842
2025-10-23,JPIE,44.3297
2025-10-23,JPST,49.0159
2025-10-24,BBRE,94.5158
2025-10-24,HELO,65.261
2025-10-24,JAVA,69.1824
2025-10-24,JBND,52.6792
2025-10-24,JCPB,46.0244
2025-10-24,JEMA,48.0751
2025-10-24,JEPI,53.7251
2025-10-24,JEPQ,53.1899
2025-10-24,JGLO,67.751
2025-10-24,JGRO,94.7201
2025-10-24,JIRE,72.6524
2025-10-24,JMEE,63.8115
2025-10-24,JMST,49.8842
2025-10-24,JPIE,44.3488
2025-10-24,JPST,49.0255
2025-10-27,BBRE,94.8877
2025-10-27,HELO,65.4501
2025-10-27,JAGG,45.5455
2025-10-27,JAVA,69.4399
2025-10-27,JBND,52.7081
2025-10-27,JCPB,46.0677
2025-10-27,JEMA,48.6189
2025-10-27,JEPI,53.856
2025-10-27,JEPQ,53.5623
2025-10-27,JGLO,68.3142
2025-10-27,JGRO,96.2876
2025-10-27,JIRE,73.2058
2025-10-27,JMEE,63.9598
2025-10-27,JMST,49.8939
2025-10-27,JPIE,44.3488
2025-10-27,JPST,49.0352
2025-10-28,BBRE,93.0285
2025-10-28,HELO,65.4899
2025-10-28,JAGG,45.5648
2025-10-28,JAVA,68.9546
2025-10-28,JBND,52.6792
2025-10-28,JCPB,46.1205
2025-10-28,JEMA,48.6383
2025-10-28,JEPI,53.5101
2025-10-28,JEPQ,53.6895
2025-10-28,JGLO,68.3834
2025-10-28,JGRO,97.0764
2025-10-28,JIRE,73.1864
2025-10-28,JMEE,63.4356
2025-10-28,JMST,49.8939
2025-10-28,JPIE,44.3774
2025-10-28,JPST,49.0545
2025-10-29,BBRE,90.9149
2025-10-29,HELO,65.4899
2025-10-29,JAGG,45.3663
2025-10-29,JAVA,68.7466
2025-10-29,JBND,52.4864
2025-10-29,JCPB,45.8803
2025-10-29,JEMA,48.8966
2025-10-29,JEPI,53.2015
2025-10-29,JEPQ,53.7985
2025-10-29,JGLO,68.2352
2025-10-29,JGRO,97.5656
2025-10-29,JIRE,72.7107
2025-10-29,JMEE,63.0005
2025-10-29,JMST,49.9233
2025-10-29,JPIE,44.3106
2025-10-29,JPST,49.0159
2025-10-30,BBRE,91.3767
2025-10-30,HELO,65.3207
2025-10-30,JAGG,45.3034
2025-10-30,JAVA,68.4099
2025-10-30,JBND,52.3321
2025-10-30,JCPB,45.8083
2025-10-30,JEMA,48.447
2025-10-30,JEPI,53.2109
2025-10-30,JEPQ,53.5623
2025-10-30,JGLO,67.4645
2025-10-30,JGRO,95.8084
2025-10-30,JIRE,72.1574
2025-10-30,JMEE,62.3477
2025-10-30,JMST,49.8988
2025-10-30,JPIE,44.2724
2025-10-30,JPST,49.0255
2025-10-31,BBRE,91.7271
2025-10-31,HELO,65.3008
2025-10-31,JAGG,45.2926
2025-10-31,JAVA,68.6872
2025-10-31,JBND,52.39
2025-10-31,JCPB,45.7794
2025-10-31,JEMA,48.3528
2025-10-31,JEPI,53.1828
2025-10-31,JEPQ,53.6895
2025-10-31,JGLO,67.3953
2025-10-31,JGRO,96.2477
2025-10-31,JIRE,72.1379
2025-10-31,JMEE,62.5554
2025-10-31,JMST,49.7961
2025-10-31,JPIE,44.3201
2025-10-31,JPST,49.0545
2025-11-03,BBRE,91.6586
2025-11-03,HELO,65.3705
2025-11-03,JAGG,45.1802
2025-11-03,JAVA,68.6476
2025-11-03,JBND,52.2468
2025-11-03,JCPB,45.738
2025-11-03,JEMA,48.6956
2025-11-03,JEPI,53.0474
2025-11-03,JEPQ,53.8232
2025-11-03,JGLO,67.3854
2025-11-03,JGRO,96.3276
2025-11-03,JIRE,72.2447
2025-11-03,JMEE,62.6148
2025-11-03,JMST,49.8932
2025-11-03,JPIE,44.3077
2025-11-03,JPST,49.039
2025-11-04,BBRE,91.6096
2025-11-04,HELO,65.1216
2025-11-04,JAGG,45.2191
2025-11-04,JAVA,68.3207
2025-11-04,JBND,52.4016
2025-11-04,JCPB,45.7814
2025-11-04,JEMA,47.8712
2025-11-04,JEPI,53.0474
2025-11-04,JEPQ,53.2921
2025-11-04,JGLO,66.9309
2025-11-04,JGRO,94.5005
2025-11-04,JIRE,71.5361
2025-11-04,JMEE,61.8928
2025-11-04,JMST,49.9079
2025-11-04,JPIE,44.3269
2025-11-04,JPST,49.0584
2025-11-05,BBRE,91.8601
2025-11-05,HELO,65.2012
2025-11-05,JAGG,45.083
2025-11-05,JAVA,68.6079
2025-11-05,JBND,52.1887
2025-11-05,JCPB,45.6367
2025-11-05,JEMA,48.2596
2025-11-05,JEPI,53.1226
2025-11-05,JEPQ,53.6126
2025-11-05,JGLO,66.9408
2025-11-05,JGRO,94.76
2025-11-05,JIRE,72.0797
2025-11-05,JMEE,62.7038
2025-11-05,JMST,49.9079
2025-11-05,JPIE,44.2885
2025-11-05,JPST,49.0584
2025-11-06,BBRE,91.4041
2025-11-06,HELO,64.8728
2025-11-06,JAGG,45.3065
2025-11-06,JAVA,68.4099
2025-11-06,JBND,52.4016
2025-11-06,JCPB,45.8103
2025-11-06,JEMA,47.8547
2025-11-06,JEPI,52.9157
2025-11-06,JEPQ,52.9532
2025-11-06,JGLO,66.3184
2025-11-06,JGRO,93.1027
2025-11-06,JIRE,71.9632
2025-11-06,JMEE,62.0016
2025-11-06,JMST,49.9324
2025-11-06,JPIE,44.3269
2025-11-06,JPST,49.0875
2025-11-07,BBRE,92.9414
2025-11-07,HELO,64.9723
2025-11-07,JAGG,45.2731
2025-11-07,JAVA,68.8556
2025-11-07,JBND,52.3919
2025-11-07,JCPB,45.8007
2025-11-07,JEMA,47.7935
2025-11-07,JEPI,53.1038
2025-11-07,JEPQ,52.8525
2025-11-07,JGLO,66.595
2025-11-07,JGRO,92.923
2025-11-07,JIRE,72.1476
2025-11-07,JMEE,62.7038
2025-11-07,JMST,49.9275
2025-11-07,JPIE,44.3556
2025-11-07,JPST,49.0875
2025-11-10,BBRE,92.7349
2025-11-10,HELO,65.4899
2025-11-10,JAGG,45.2482
2025-11-10,JAVA,69.3904
2025-11-10,JBND,52.3726
2025-11-10,JCPB,45.7814
2025-11-10,JEMA,48.5898
2025-11-10,JEPI,53.3578
2025-11-10,JEPQ,53.8232
2025-11-10,JGLO,67.4941
2025-11-10,JGRO,94.9997
2025-11-10,JIRE,72.9146
2025-11-10,JMEE,63.2675
2025-11-10,JMST,49.9324
2025-11-10,JPIE,44.3652
2025-11-10,JPST,49.0875
2025-11-11,BBRE,93.5373
2025-11-11,HELO,65.5098
2025-11-11,JAGG,45.3842
2025-11-11,JAVA,69.8361
2025-11-11,JBND,52.5177
2025-11-11,JCPB,45.9164
2025-11-11,JEMA,48.682
2025-11-11,JEPI,53.7247
2025-11-11,JEPQ,53.7775
2025-11-11,JGLO,67.84
2025-11-11,JGRO,94.7101
2025-11-11,JIRE,73.4096
2025-11-11,JMEE,63.2576
2025-11-11,JMST,49.9422
2025-11-11,JPIE,44.4228
2025-11-11,JPST,49.0972
2025-11-12,BBRE,92.6557
2025-11-12,HELO,65.5596
2025-11-12,JAGG,45.3745
2025-11-12,JAVA,70.0936
2025-11-12,JBND,52.508
2025-11-12,JCPB,45.8923
2025-11-12,JEMA,48.6247
2025-11-12,JEPI,53.8846
2025-11-12,JEPQ,53.8049
2025-11-12,JGLO,68.0277
2025-11-12,JGRO,94.4605
2025-11-12,JIRE,73.9436
2025-11-12,JMEE,63.3565
2025-11-12,JMST,49.952
2025-11-12,JPIE,44.394
2025-11-12,JPST,49.0972
2025-11-13,BBRE,91.6175
2025-11-13,HELO,65.032
2025-11-13,JAGG,45.2482
2025-11-13,JAVA,69.2022
2025-11-13,JBND,52.3435
2025-11-13,JCPB,45.7814
2025-11-13,JEMA,48.0334
2025-11-13,JEPI,53.4895
2025-11-13,JEPQ,52.8983
2025-11-13,JGLO,66.9803
2025-11-13,JGRO,92.0943
2025-11-13,JIRE,73.0602
2025-11-13,JMEE,62.1104
2025-11-13,JMST,49.952
2025-11-13,JPIE,44.346
2025-11-13,JPST,49.0875
2025-11-14,BBRE,91.8004
2025-11-14,HELO,65.0718
2025-11-14,JAGG,45.1652
2025-11-14,JAVA,68.9249
2025-11-14,JBND,52.3048
2025-11-14,JCPB,45.709
2025-11-14,JEMA,48.0246
2025-11-14,JEPI,53.3766
2025-11-14,JEPQ,52.9532
2025-11-14,JGLO,66.8914
2025-11-14,JGRO,92.3838
2025-11-14,JIRE,72.8175
2025-11-14,JMEE,62.051
2025-11-14,JMST,49.952
2025-11-14,JPIE,44.3556
2025-11-14,JPST,49.0972
2025-11-17,BBRE,91.2779
2025-11-17,HELO,64.7334
2025-11-17,JAGG,45.1705
2025-11-17,JAVA,68.192
2025-11-17,JBND,52.3338
2025-11-17,JCPB,45.7187
2025-11-17,JEMA,47.5051
2025-11-17,JEPI,53.0474
2025-11-17,JEPQ,52.596
2025-11-17,JGLO,66.1504
2025-11-17,JGRO,91.605
2025-11-17,JIRE,71.8661
2025-11-17,JMEE,60.9137
2025-11-17,JMST,49.952
2025-11-17,JPIE,44.3652
2025-11-17,JPST,49.1263
2025-11-18,BBRE,91.6703
2025-11-18,HELO,64.4348
2025-11-18,JAGG,45.1899
2025-11-18,JAVA,68.0137
2025-11-18,JBND,52.4403
2025-11-18,JCPB,45.7717
2025-11-18,JEMA,47.3294
2025-11-18,JEPI,52.9533
2025-11-18,JEPQ,51.9916
2025-11-18,JGLO,65.6168
2025-11-18,JGRO,90.6765
2025-11-18,JIRE,71.0798
2025-11-18,JMEE,61.062
2025-11-18,JMST,49.9766
2025-11-18,JPIE,44.3844
2025-11-18,JPST,49.136
2025-11-19,BBRE,90.8865
2025-11-19,HELO,64.5841
2025-11-19,JAGG,45.1608
2025-11-19,JAVA,67.9444
2025-11-19,JBND,52.3919
2025-11-19,JCPB,45.7524
2025-11-19,JEMA,47.1624
2025-11-19,JEPI,52.9815
2025-11-19,JEPQ,52.2755
2025-11-19,JGLO,65.6465
2025-11-19,JGRO,91.3455
2025-11-19,JIRE,70.808
2025-11-19,JMEE,61.1411
2025-11-19,JMST,49.9913
2025-11-19,JPIE,44.394
2025-11-19,JPST,49.1457
2025-11-20,BBRE,90.591
2025-11-20,HELO,63.9968
2025-11-20,JAGG,45.2191
2025-11-20,JAVA,67.1718
2025-11-20,JBND,52.4693
2025-11-20,JCPB,45.8344
2025-11-20,JEMA,46.3856
2025-11-20,JEPI,52.5394
2025-11-20,JEPQ,51.1215
2025-11-20,JGLO,64.8461
2025-11-20,JGRO,89.3286
2025-11-20,JIRE,69.7498
2025-11-20,JMEE,60.1422
2025-11-20,JMST,49.9815
2025-11-20,JPIE,44.4228
2025-11-20,JPST,49.1457
2025-11-21,BBRE,91.9237
2025-11-21,HELO,64.4945
2025-11-21,JAGG,45.3357
2025-11-21,JAVA,68.1821
2025-11-21,JBND,52.5902
2025-11-21,JCPB,45.9357
2025-11-21,JEMA,46.7643
2025-11-21,JEPI,53.2355
2025-11-21,JEPQ,51.5062
2025-11-21,JGLO,65.6267
2025-11-21,JGRO,89.6382
2025-11-21,JIRE,70.9342
2025-11-21,JMEE,61.6554
2025-11-21,JMST,49.9913
2025-11-21,JPIE,44.4899
2025-11-21,JPST,49.1845
2025-11-24,BBRE,92.14
2025-11-24,HELO,65.1714
2025-11-24,JAGG,45.462
2025-11-24,JAVA,68.7268
2025-11-24,JBND,52.6918
2025-11-24,JCPB,46.0177
2025-11-24,JEMA,47.2595
2025-11-24,JEPI,53.4707
2025-11-24,JEPQ,52.7426
2025-11-24,JGLO,65.8737
2025-11-24,JGRO,91.9046
2025-11-24,JIRE,70.9439
2025-11-24,JMEE,62.3774
2025-11-24,JMST,49.9913
2025-11-24,JPIE,44.5283
2025-11-24,JPST,49.1845
2025-11-25,BBRE,92.9013
2025-11-25,HELO,65.5696
2025-11-25,JAGG,45.53
2025-11-25,JAVA,69.7866
2025-11-25,JBND,52.8176
2025-11-25,JCPB,46.1286
2025-11-25,JEMA,47.5896
2025-11-25,JEPI,54.0351
2025-11-25,JEPQ,53.0723
2025-11-25,JGLO,66.3974
2025-11-25,JGRO,92.5535
2025-11-25,JIRE,71.8273
2025-11-25,JMEE,63.6829
2025-11-25,JMST,50.0109
2025-11-25,JPIE,44.5667
2025-11-25,JPST,49.2039
2025-11-26,BBRE,93.4356
2025-11-26,HELO,65.7786
2025-11-26,JAGG,45.6223
2025-11-26,JAVA,70.1629
2025-11-26,JBND,52.8563
2025-11-26,JCPB,46.1913
2025-11-26,JEMA,47.9877
2025-11-26,JEPI,54.2515
2025-11-26,JEPQ,53.5027
2025-11-26,JGLO,66.8025
2025-11-26,JGRO,93.3423
2025-11-26,JIRE,72.6524
2025-11-26,JMEE,64.0587
2025-11-26,JMST,50.0011
2025-11-26,JPIE,44.5763
2025-11-26,JPST,49.2039
2025-11-28,BBRE,93.645
2025-11-28,HELO,65.898
2025-11-28,JAGG,45.577
2025-11-28,JAVA,70.6384
2025-11-28,JBND,52.8176
2025-11-28,JCPB,46.1238
2025-11-28,JEMA,48.114
2025-11-28,JEPI,54.4773
2025-11-28,JEPQ,53.8599
2025-11-28,JGLO,67.1384
2025-11-28,JGRO,93.8814
2025-11-28,JIRE,72.8466
2025-11-28,JMEE,64.2565
2025-11-28,JMST,50.0109
2025-11-28,JPIE,44.5859
2025-11-28,JPST,49.2136
2025-12-01,BBRE,92.8308
2025-12-01,HELO,65.699
2025-12-01,JAGG,45.3577
2025-12-01,JAVA,70.1035
2025-12-01,JBND,52.5982
2025-12-01,JCPB,45.9495
2025-12-01,JEMA,48.045
2025-12-01,JEPI,54.1658
2025-12-01,JEPQ,53.7794
2025-12-01,JGLO,66.9211
2025-12-01,JGRO,93.4222
2025-12-01,JIRE,72.468
2025-12-01,JMEE,63.8906
2025-12-01,JMST,50.007
2025-12-01,JPIE,44.5763
2025-12-01,JPST,49.2223
2025-12-02,BBRE,92.5715
2025-12-02,HELO,65.8085
2025-12-02,JAGG,45.3967
2025-12-02,JAVA,70.1134
2025-12-02,JBND,52.6273
2025-12-02,JCPB,45.9979
2025-12-02,JEMA,48.2888
2025-12-02,JEPI,54.1184
2025-12-02,JEPQ,54.066
2025-12-02,JGLO,66.9606
2025-12-02,JGRO,93.9214
2025-12-02,JIRE,72.7884
2025-12-02,JMEE,63.8016
2025-12-02,JMST,50.0168
2025-12-02,JPIE,44.6148
2025-12-02,JPST,49.2321
2025-12-03,BBRE,92.6077
2025-12-03,HELO,65.8582
2025-12-03,JAGG,45.5078
2025-12-03,JAVA,70.9058
2025-12-03,JBND,52.6953
2025-12-03,JCPB,46.0608
2025-12-03,JEMA,48.3761
2025-12-03,JEPI,54.4214
2025-12-03,JEPQ,54.1585
2025-12-03,JGLO,67.2274
2025-12-03,JGRO,93.9913
2025-12-03,JIRE,73.2446
2025-12-03,JMEE,64.3357
2025-12-03,JMST,50.0266
2025-12-03,JPIE,44.6534
2025-12-03,JPST,49.2418
2025-12-04,BBRE,92.2163
2025-12-04,HELO,65.9578
2025-12-04,JAGG,45.4065
2025-12-04,JAVA,70.8563
2025-12-04,JBND,52.6079
2025-12-04,JCPB,45.9834
2025-12-04,JEMA,48.2499
2025-12-04,JEPI,54.4025
2025-12-04,JEPQ,54.1862
2025-12-04,JGLO,67.1286
2025-12-04,JGRO,94.3207
2025-12-04,JIRE,73.4096
2025-12-04,JMEE,64.6027
2025-12-04,JMST,50.0365
2025-12-04,JPIE,44.6245
2025-12-04,JPST,49.2515
2025-12-05,BBRE,92.0695
2025-12-05,HELO,66.0474
2025-12-05,JAGG,45.3236
2025-12-05,JAVA,70.9949
2025-12-05,JBND,52.5302
2025-12-05,JCPB,45.9107
2025-12-05,JEMA,48.5995
2025-12-05,JEPI,54.3741
2025-12-05,JEPQ,54.3804
2025-12-05,JGLO,67.1187
2025-12-05,JGRO,94.5304
2025-12-05,JIRE,73.2737
2025-12-05,JMEE,64.6324
2025-12-05,JMST,50.0365
2025-12-05,JPIE,44.6052
2025-12-05,JPST,49.2515
2025-12-08,BBRE,91.1399
2025-12-08,HELO,65.908
2025-12-08,JAGG,45.231
2025-12-08,JAVA,70.5591
2025-12-08,JBND,52.3943
2025-12-08,JCPB,45.8429
2025-12-08,JEMA,48.5995
2025-12-08,JEPI,54.1279
2025-12-08,JEPQ,54.3526
2025-12-08,JGLO,66.9507
2025-12-08,JGRO,94.5704
2025-12-08,JIRE,73.099
2025-12-08,JMEE,64.3653
2025-12-08,JMST,50.0561
2025-12-08,JPIE,44.5859
2025-12-08,JPST,49.2418
2025-12-09,BBRE,90.8072
2025-12-09,HELO,65.898
2025-12-09,JAGG,45.2505
2025-12-09,JAVA,70.3412
2025-12-09,JBND,52.3991
2025-12-09,JCPB,45.809
2025-12-09,JEMA,48.5412
2025-12-09,JEPI,53.9859
2025-12-09,JEPQ,54.3989
2025-12-09,JGLO,66.8519
2025-12-09,JGRO,94.6103
2025-12-09,JIRE,72.9922
2025-12-09,JMEE,64.4543
2025-12-09,JMST,50.0463
2025-12-09,JPIE,44.5377
2025-12-09,JPST,49.2418
2025-12-10,BBRE,91.1204
2025-12-10,HELO,66.2863
2025-12-10,JAGG,45.3577
2025-12-10,JAVA,71.3515
2025-12-10,JBND,52.5496
2025-12-10,JCPB,45.9495
2025-12-10,JEMA,48.9782
2025-12-10,JEPI,54.3551
2025-12-10,JEPQ,54.593
2025-12-10,JGLO,67.2669
2025-12-10,JGRO,94.7501
2025-12-10,JIRE,73.7882
2025-12-10,JMEE,65.6906
2025-12-10,JMST,50.061
2025-12-10,JPIE,44.5955
2025-12-10,JPST,49.2612
2025-12-11,BBRE,91.365
2025-12-11,HELO,66.4157
2025-12-11,JAGG,45.3706
2025-12-11,JAVA,71.9259
2025-12-11,JBND,52.5399
2025-12-11,JCPB,45.9543
2025-12-11,JEMA,48.8325
2025-12-11,JEPI,54.7149
2025-12-11,JEPQ,54.5375
2025-12-11,JGLO,67.5831
2025-12-11,JGRO,94.5404
2025-12-11,JIRE,74.2445
2025-12-11,JMEE,66.3137
2025-12-11,JMST,50.0856
2025-12-11,JPIE,44.6052
2025-12-11,JPST,49.2807
2025-12-12,BBRE,91.4139
2025-12-12,HELO,65.9677
2025-12-12,JAGG,45.2211
2025-12-12,JAVA,71.5595
2025-12-12,JBND,52.4185
2025-12-12,JCPB,45.8284
2025-12-12,JEMA,48.2111
2025-12-12,JEPI,54.6581
2025-12-12,JEPQ,53.7887
2025-12-12,JGLO,67.2175
2025-12-12,JGRO,92.8331
2025-12-12,JIRE,73.8077
2025-12-12,JMEE,65.4434
2025-12-12,JMST,50.0659
2025-12-12,JPIE,44.6245
2025-12-12,JPST,49.2807
2025-12-15,BBRE,92.1576
2025-12-15,HELO,65.8781
2025-12-15,JAGG,45.231
2025-12-15,JAVA,71.7378
2025-12-15,JBND,52.5021
2025-12-15,JCPB,45.872
2025-12-15,JEMA,48.046
2025-12-15,JEPI,54.696
2025-12-15,JEPQ,53.613
2025-12-15,JGLO,67.257
2025-12-15,JGRO,92.264
2025-12-15,JIRE,74.361
2025-12-15,JMEE,65.295
2025-12-15,JMST,50.0856
2025-12-15,JPIE,44.6727
2025-12-15,JPST,49.3099
2025-12-16,BBRE,91.2671
2025-12-16,HELO,65.7944
2025-12-16,JAGG,45.3675
2025-12-16,JAVA,71.1271
2025-12-16,JBND,52.609
2025-12-16,JCPB,45.9688
2025-12-16,JEMA,47.67
2025-12-16,JEPI,54.4593
2025-12-16,JEPQ,53.7332
2025-12-16,JGLO,67.03
2025-12-16,JGRO,92.5
2025-12-16,JIRE,74.05
2025-12-16,JMEE,64.89
2025-12-16,JMST,50.0807
2025-12-16,JPIE,44.7016
2025-12-16,JPST,49.3099
2025-12-17,BBRE,91.7251
2025-12-17,HELO,65.2159
2025-12-17,JAGG,45.3382
2025-12-17,JAVA,70.8487
2025-12-17,JBND,52.5701
2025-12-17,JCPB,45.964
2025-12-17,JEMA,47.25
2025-12-17,JEPI,54.1942
2025-12-17,JEPQ,52.8272
2025-12-17,JGLO,66.47
2025-12-17,JGRO,90.74
2025-12-17,JIRE,73.53
2025-12-17,JMEE,64.59
2025-12-17,JMST,50.0856
2025-12-17,JPIE,44.7257
2025-12-17,JPST,49.3099
2025-12-18,BBRE,91.3063
2025-12-18,HELO,65.5949
2025-12-18,JAGG,45.4552
2025-12-18,JAVA,71.0177
2025-12-18,JBND,52.745
2025-12-18,JCPB,46.0608
2025-12-18,JEMA,47.92
2025-12-18,JEPI,54.3551
2025-12-18,JEPQ,53.5391
2025-12-18,JGLO,66.86
2025-12-18,JGRO,91.65
2025-12-18,JIRE,74.04
2025-12-18,JMEE,64.85
2025-12-18,JMST,50.0955
2025-12-18,JPIE,44.7691
2025-12-18,JPST,49.3294
2025-12-19,BBRE,90.9051
2025-12-19,HELO,66.1135
2025-12-19,JAGG,45.4357
2025-12-19,JAVA,71.2763
2025-12-19,JBND,52.6479
2025-12-19,JCPB,46.0027
2025-12-19,JEMA,48.24
2025-12-19,JEPI,54.4782
2025-12-19,JEPQ,54.1955
2025-12-19,JGLO,67.29
2025-12-19,JGRO,93.02
2025-12-19,JIRE,74.41
2025-12-19,JMEE,65.31
2025-12-19,JMST,50.1544
2025-12-19,JPIE,44.7594
2025-12-19,JPST,49.3391
2025-12-22,BBRE,91.3552
2025-12-22,HELO,66.4426
2025-12-22,JAGG,45.3577
2025-12-22,JAVA,71.9028
2025-12-22,JBND,52.6381
2025-12-22,JCPB,45.9931
2025-12-22,JEMA,48.41
2025-12-22,JEPI,54.6865
2025-12-22,JEPQ,54.4451
2025-12-22,JGLO,67.51
2025-12-22,JGRO,93.53
2025-12-22,JIRE,74.64
2025-12-22,JMEE,65.83
2025-12-22,JMST,50.1397
2025-12-22,JPIE,44.7594
2025-12-22,JPST,49.3391
2025-12-23,BBRE,91.1098
2025-12-23,HELO,66.7019
2025-12-23,JAGG,45.3626
2025-12-23,JAVA,71.9426
2025-12-23,JBND,52.6284
2025-12-23,JCPB,45.9834
2025-12-23,JEMA,48.67
2025-12-23,JEPI,54.7433
2025-12-23,JEPQ,54.6855
2025-12-23,JGLO,67.99
2025-12-23,JGRO,94.16
2025-12-23,JIRE,75.18
2025-12-23,JMEE,65.65
2025-12-23,JMST,50.1544
2025-12-23,JPIE,44.7594
2025-12-23,JPST,49.3391
2025-12-24,BBRE,91.8519
2025-12-24,HELO,66.8715
2025-12-24,JAGG,45.4455
2025-12-24,JAVA,72.2211
2025-12-24,JBND,52.745
2025-12-24,JCPB,46.0899
2025-12-24,JEMA,48.8
2025-12-24,JEPI,54.8853
2025-12-24,JEPQ,54.8149
2025-12-24,JGLO,68.19
2025-12-24,JGRO,94.36
2025-12-24,JIRE,75.25
2025-12-24,JMEE,65.83
2025-12-24,JMST,50.1643
2025-12-24,JPIE,44.798
2025-12-24,JPST,49.3683
2025-12-26,BBRE,91.8717
2025-12-26,HELO,66.8216
2025-12-26,JAGG,45.504
2025-12-26,JAVA,72.2808
2025-12-26,JBND,52.7353
2025-12-26,JCPB,46.0996
2025-12-26,JEMA,49.189
2025-12-26,JEPI,54.9327
2025-12-26,JEPQ,54.8611
2025-12-26,JGLO,68.218
2025-12-26,JGRO,94.34
2025-12-26,JIRE,75.36
2025-12-26,JMEE,65.79
2025-12-26,JMST,50.1643
2025-12-26,JPIE,44.8076
2025-12-26,JPST,49.3878
2025-12-29,BBRE,92.0794
2025-12-29,HELO,66.692
2025-12-29,JAGG,45.543
2025-12-29,JAVA,72.052
2025-12-29,JBND,52.8325
2025-12-29,JCPB,46.1577
2025-12-29,JEMA,49.1
2025-12-29,JEPI,54.8948
2025-12-29,JEPQ,54.6947
2025-12-29,JGLO,67.991
2025-12-29,JGRO,93.77
2025-12-29,JIRE,75.08
2025-12-29,JMEE,65.42
2025-12-29,JMST,50.1771
2025-12-29,JPIE,44.8462
2025-12-29,JPST,49.3975
2025-12-30,BBRE,92.2773
2025-12-30,HELO,66.6222
2025-12-30,JAGG,45.4942
2025-12-30,JAVA,71.9128
2025-12-30,JBND,52.8131
2025-12-30,JCPB,46.148
2025-12-30,JEMA,49.24
2025-12-30,JEPI,54.8948
2025-12-30,JEPQ,54.63
2025-12-30,JGLO,68.03
2025-12-30,JGRO,93.49
2025-12-30,JIRE,75.33
2025-12-30,JMEE,65.11
2025-12-30,JMST,50.1839
2025-12-30,JPIE,44.8462
2025-12-30,JPST,49.417
2025-12-31,BBRE,91.6045
2025-12-31,HELO,66.2531
2025-12-31,JAGG,45.4403
2025-12-31,JAVA,71.326
2025-12-31,JBND,52.7204
2025-12-31,JCPB,46.0411
2025-12-31,JEMA,49.0
2025-12-31,JEPI,54.5963
2025-12-31,JEPQ,54.2622
2025-12-31,JGLO,67.67
2025-12-31,JGRO,92.8
2025-12-31,JIRE,74.88
2025-12-31,JMEE,64.38
2025-12-31,JMST,50.1908
2025-12-31,JPIE,44.8307
2025-12-31,JPST,49.4072
2026-01-02,BBRE,91.6441
2026-01-02,HELO,66.2631
2026-01-02,JAGG,45.4011
2026-01-02,JAVA,72.1813
2026-01-02,JBND,52.6522
2026-01-02,JCPB,46.0168
2026-01-02,JEMA,50.335
2026-01-02,JEPI,54.6726
2026-01-02,JEPQ,54.2341
2026-01-02,JGLO,68.05
2026-01-02,JGRO,92.71
2026-01-02,JIRE,75.84
2026-01-02,JMEE,65.24
2026-01-02,JMST,50.181
2026-01-02,JPIE,44.8113
2026-01-02,JPST,49.4365
2026-01-05,BBRE,91.6144
2026-01-05,HELO,66.4127
2026-01-05,JAGG,45.4794
2026-01-05,JAVA,72.9073
2026-01-05,JBND,52.7351
2026-01-05,JCPB,46.1091
2026-01-05,JEMA,50.865
2026-01-05,JEPI,54.8156
2026-01-05,JEPQ,54.5609
2026-01-05,JGLO,68.54
2026-01-05,JGRO,93.23
2026-01-05,JIRE,76.64
2026-01-05,JMEE,66.0
2026-01-05,JMST,50.2155
2026-01-05,JPIE,44.8888
2026-01-05,JPST,49.4267
2026-01-06,BBRE,92.396
2026-01-06,HELO,66.7917
2026-01-06,JAGG,45.4207
2026-01-06,JAVA,74.0112
2026-01-06,JBND,52.7302
2026-01-06,JCPB,46.1091
2026-01-06,JEMA,51.37
2026-01-06,JEPI,55.2735
2026-01-06,JEPQ,54.9624
2026-01-06,JGLO,68.86
2026-01-06,JGRO,93.6
2026-01-06,JIRE,76.79
2026-01-06,JMEE,66.99
2026-01-06,JMST,50.2401
2026-01-06,JPIE,44.8985
2026-01-06,JPST,49.4365
2026-01-07,BBRE,91.8914
2026-01-07,HELO,66.6222
2026-01-07,JAGG,45.5186
2026-01-07,JAVA,73.0962
2026-01-07,JBND,52.7594
2026-01-07,JCPB,46.1529
2026-01-07,JEMA,50.85
2026-01-07,JEPI,55.0922
2026-01-07,JEPQ,55.0184
2026-01-07,JGLO,68.6
2026-01-07,JGRO,93.8
2026-01-07,JIRE,76.46
2026-01-07,JMEE,66.43
2026-01-07,JMST,50.25
2026-01-07,JPIE,44.9372
2026-01-07,JPST,49.456
2026-01-08,BBRE,92.8412
2026-01-08,HELO,66.662
2026-01-08,JAGG,45.4348
2026-01-08,JAVA,73.5836
2026-01-08,JBND,52.7302
2026-01-08,JCPB,46.0702
2026-01-08,JEMA,50.95
2026-01-08,JEPI,55.3593
2026-01-08,JEPQ,54.8223
2026-01-08,JGLO,68.73
2026-01-08,JGRO,92.75
2026-01-08,JIRE,76.49
2026-01-08,JMEE,66.82
2026-01-08,JMST,50.2697
2026-01-08,JPIE,44.9179
2026-01-08,JPST,49.456
2026-01-09,BBRE,93.0094
2026-01-09,HELO,66.8715
2026-01-09,JAGG,45.5088
2026-01-09,JAVA,74.0311
2026-01-09,JBND,52.7692
2026-01-09,JCPB,46.1869
2026-01-09,JEMA,51.22
2026-01-09,JEPI,55.5596
2026-01-09,JEPQ,55.2331
2026-01-09,JGLO,69.01
2026-01-09,JGRO,93.32
2026-01-09,JIRE,77.1
2026-01-09,JMEE,67.37
2026-01-09,JMST,50.2697
2026-01-09,JPIE,44.8791
2026-01-09,JPST,49.4463
2026-01-12,BBRE,92.9599
2026-01-12,HELO,66.9313
2026-01-12,JAGG,45.5166
2026-01-12,JAVA,74.041
2026-01-12,JBND,52.7204
2026-01-12,JCPB,46.1577
2026-01-12,JEMA,51.655
2026-01-12,JEPI,55.6073
2026-01-12,JEPQ,55.3171
2026-01-12,JGLO,69.19
2026-01-12,JGRO,93.72
2026-01-12,JIRE,77.5
2026-01-12,JMEE,67.53
2026-01-12,JMST,50.2795
2026-01-12,JPIE,44.8985
2026-01-12,JPST,49.4658
2026-01-13,BBRE,93.4348
2026-01-13,HELO,66.8416
2026-01-13,JAGG,45.5463
2026-01-13,JAVA,74.0311
2026-01-13,JBND,52.8179
2026-01-13,JCPB,46.2064
2026-01-13,JEMA,51.18
2026-01-13,JEPI,55.5596
2026-01-13,JEPQ,55.2425
2026-01-13,JGLO,69.11
2026-01-13,JGRO,93.68
2026-01-13,JIRE,77.18
2026-01-13,JMEE,67.62
2026-01-13,JMST,50.3091
2026-01-13,JPIE,44.8985
2026-01-13,JPST,49.4756
2026-01-14,BBRE,94.167
2026-01-14,HELO,66.5922
2026-01-14,JAGG,45.6223
2026-01-14,JAVA,74.0808
2026-01-14,JBND,52.8959
2026-01-14,JCPB,46.2744
2026-01-14,JEMA,51.59
2026-01-14,JEPI,55.6455
2026-01-14,JEPQ,54.8503
2026-01-14,JGLO,68.82
2026-01-14,JGRO,92.48
2026-01-14,JIRE,77.52
2026-01-14,JMEE,67.69
2026-01-14,JMST,50.2992
2026-01-14,JPIE,44.9275
2026-01-14,JPST,49.4756
2026-01-15,BBRE,94.5261
2026-01-15,HELO,66.5922
2026-01-15,JAGG,45.6067
2026-01-15,JAVA,74.4189
2026-01-15,JBND,52.8472
2026-01-15,JCPB,46.2064
2026-01-15,JEMA,51.83
2026-01-15,JEPI,55.7313
2026-01-15,JEPQ,54.981
2026-01-15,JGLO,69.19
2026-01-15,JGRO,92.61
2026-01-15,JIRE,77.56
2026-01-15,JMEE,68.58
2026-01-15,JMST,50.3189
2026-01-15,JPIE,44.8888
2026-01-15,JPST,49.4756
2026-01-16,BBRE,95.7796
2026-01-16,HELO,66.5623
2026-01-16,JAGG,45.5088
2026-01-16,JAVA,74.2499
2026-01-16,JBND,52.7204
2026-01-16,JCPB,46.1286
2026-01-16,JEMA,51.77
2026-01-16,JEPI,55.7122
2026-01-16,JEPQ,55.0091
2026-01-16,JGLO,69.21
2026-01-16,JGRO,92.41
2026-01-16,JIRE,77.8
2026-01-16,JMEE,68.41
2026-01-16,JMST,50.2894
2026-01-16,JPIE,44.8985
2026-01-16,JPST,49.4853
2026-01-20,BBRE,94.3737
2026-01-20,HELO,65.5351
2026-01-20,JAGG,45.313
2026-01-20,JAVA,73.1161
2026-01-20,JBND,52.5254
2026-01-20,JCPB,45.973
2026-01-20,JEMA,51.38
2026-01-20,JEPI,54.9587
2026-01-20,JEPQ,54.0754
2026-01-20,JGLO,67.79
2026-01-20,JGRO,90.16
2026-01-20,JIRE,76.5
2026-01-20,JMEE,67.47
2026-01-20,JMST,50.2992
2026-01-20,JPIE,44.8501
2026-01-20,JPST,49.4951
2026-01-21,BBRE,94.5924
2026-01-21,HELO,66.0238
2026-01-21,JAGG,45.4109
2026-01-21,JAVA,74.3991
2026-01-21,JBND,52.6619
2026-01-21,JCPB,46.1091
2026-01-21,JEMA,52.19
2026-01-21,JEPI,55.5024
2026-01-21,JEPQ,54.7383
2026-01-21,JGLO,68.49
2026-01-21,JGRO,90.67
2026-01-21,JIRE,77.21
2026-01-21,JMEE,68.9
2026-01-21,JMST,50.3386
2026-01-21,JPIE,44.8888
2026-01-21,JPST,49.5244
2026-01-22,BBRE,93.3953
2026-01-22,HELO,66.3728
2026-01-22,JAGG,45.4794
2026-01-22,JAVA,74.7372
2026-01-22,JBND,52.6814
2026-01-22,JCPB,46.1188
2026-01-22,JEMA,52.57
2026-01-22,JEPI,55.6455
2026-01-22,JEPQ,55.1024
2026-01-22,JGLO,68.92
2026-01-22,JGRO,91.38
2026-01-22,JIRE,77.53
2026-01-22,JMEE,68.94
2026-01-22,JMST,50.3386
2026-01-22,JPIE,44.8888
2026-01-22,JPST,49.5146
2026-01-23,BBRE,93.5892
2026-01-23,HELO,66.5424
2026-01-23,JAGG,45.5088
2026-01-23,JAVA,74.3593
2026-01-23,JBND,52.7497
2026-01-23,JCPB,46.1772
2026-01-23,JEMA,53.04
2026-01-23,JEPI,55.6836
2026-01-23,JEPQ,55.2891
2026-01-23,JGLO,69.0
2026-01-23,JGRO,91.68
2026-01-23,JIRE,77.94
2026-01-23,JMEE,68.07
2026-01-23,JMST,50.3288
2026-01-23,JPIE,44.9082
2026-01-23,JPST,49.5341
2026-01-26,BBRE,93.2726
2026-01-26,HELO,66.8117
2026-01-26,JAGG,45.548
2026-01-26,JAVA,74.5681
2026-01-26,JBND,52.8472
2026-01-26,JCPB,46.2452
2026-01-26,JEMA,53.18
2026-01-26,JEPI,55.903
2026-01-26,JEPQ,55.5132
2026-01-26,JGLO,69.35
2026-01-26,JGRO,92.19
2026-01-26,JIRE,78.32
2026-01-26,JMEE,68.02
2026-01-26,JMST,50.3288
2026-01-26,JPIE,44.9324
2026-01-26,JPST,49.5439
2026-01-27,BBRE,93.3497
2026-01-27,HELO,66.9712
2026-01-27,JAGG,45.5382
2026-01-27,JAVA,74.4786
2026-01-27,JBND,52.7594
2026-01-27,JCPB,46.2161
2026-01-27,JEMA,54.22
2026-01-27,JEPI,55.8839
2026-01-27,JEPQ,55.84
2026-01-27,JGLO,69.71
2026-01-27,JGRO,92.9
2026-01-27,JIRE,79.58
2026-01-27,JMEE,68.08
2026-01-27,JMST,50.3485
2026-01-27,JPIE,44.9566
2026-01-27,JPST,49.5537
2026-01-28,BBRE,92.3218
2026-01-28,HELO,67.0111
2026-01-28,JAGG,45.5088
2026-01-28,JAVA,74.5283
2026-01-28,JBND,52.7887
2026-01-28,JCPB,46.2064
2026-01-28,JEMA,54.63
2026-01-28,JEPI,55.7218
2026-01-28,JEPQ,55.98
2026-01-28,JGLO,69.43
2026-01-28,JGRO,92.69
2026-01-28,JIRE,78.71
2026-01-28,JMEE,67.89
2026-01-28,JMST,50.3682
2026-01-28,JPIE,44.9856
2026-01-28,JPST,49.5634
2026-01-29,BBRE,93.7217
2026-01-29,HELO,67.0111
2026-01-29,JAGG,45.5333
2026-01-29,JAVA,74.946
2026-01-29,JBND,52.7984
2026-01-29,JCPB,46.2258
2026-01-29,JEMA,54.4
2026-01-29,JEPI,55.8457
2026-01-29,JEPQ,55.8867
2026-01-29,JGLO,69.64
2026-01-29,JGRO,92.06
2026-01-29,JIRE,79.37
2026-01-29,JMEE,68.06
2026-01-29,JMST,50.3682
2026-01-29,JPIE,44.9856
2026-01-29,JPST,49.5634
2026-01-30,BBRE,94.0779
2026-01-30,HELO,66.7917
2026-01-30,JAGG,45.5382
2026-01-30,JAVA,74.5582
2026-01-30,JBND,52.7692
2026-01-30,JCPB,46.1918
2026-01-30,JEMA,53.21
2026-01-30,JEPI,55.8553
2026-01-30,JEPQ,55.4852
2026-01-30,JGLO,69.21
2026-01-30,JGRO,91.27
2026-01-30,JIRE,78.57
2026-01-30,JMEE,67.45
2026-01-30,JMST,50.378
2026-01-30,JPIE,45.0195
2026-01-30,JPST,49.5927
2026-02-02,BBRE,93.2271
2026-02-02,HELO,67.0111
2026-02-02,JAGG,45.4773
2026-02-02,JAVA,75.1648
2026-02-02,JBND,52.7584
2026-02-02,JCPB,46.1644
2026-02-02,JEMA,53.52
2026-02-02,JEPI,56.051
2026-02-02,JEPQ,55.8767
2026-02-02,JGLO,69.48
2026-02-02,JGRO,91.57
2026-02-02,JIRE,79.1
2026-02-02,JMEE,68.16
2026-02-02,JMST,50.3553
2026-02-02,JPIE,45.0283
2026-02-02,JPST,49.5947
2026-02-03,BBRE,93.7217
2026-02-03,HELO,66.7119
2026-02-03,JAGG,45.4773
2026-02-03,JAVA,75.3836
2026-02-03,JBND,52.778
2026-02-03,JCPB,46.1742
2026-02-03,JEMA,53.92
2026-02-03,JEPI,55.8975
2026-02-03,JEPQ,55.1615
2026-02-03,JGLO,69.01
2026-02-03,JGRO,90.15
2026-02-03,JIRE,78.9
2026-02-03,JMEE,68.35
2026-02-03,JMST,50.3652
2026-02-03,JPIE,45.0672
2026-02-03,JPST,49.5947
2026-02-04,BBRE,95.1167
2026-02-04,HELO,66.5623
2026-02-04,JAGG,45.4184
2026-02-04,JAVA,75.7217
2026-02-04,JBND,52.7291
2026-02-04,JCPB,46.1644
2026-02-04,JEMA,53.02
2026-02-04,JEPI,56.2045
2026-02-04,JEPQ,54.277
2026-02-04,JGLO,68.66
2026-02-04,JGRO,88.58
2026-02-04,JIRE,79.07
2026-02-04,JMEE,68.59
2026-02-04,JMST,50.3553
2026-02-04,JPIE,45.0672
2026-02-04,JPST,49.6045
2026-02-05,BBRE,95.5224
2026-02-05,HELO,66.1235
2026-02-05,JAGG,45.6541
2026-02-05,JAVA,75.0753
2026-02-05,JBND,52.9737
2026-02-05,JCPB,46.3402
2026-02-05,JEMA,52.71
2026-02-05,JEPI,55.8783
2026-02-05,JEPQ,53.5712
2026-02-05,JGLO,68.12
2026-02-05,JGRO,87.45
2026-02-05,JIRE,78.09
2026-02-05,JMEE,68.3
2026-02-05,JMST,50.4047
2026-02-05,JPIE,45.0964
2026-02-05,JPST,49.6143
2026-02-06,BBRE,97.043
2026-02-06,HELO,66.9812
2026-02-06,JAGG,45.6934
2026-02-06,JAVA,76.4179
2026-02-06,JBND,52.9786
2026-02-06,JCPB,46.3499
2026-02-06,JEMA,54.07
2026-02-06,JEPI,56.713
2026-02-06,JEPQ,54.6251
2026-02-06,JGLO,69.5
2026-02-06,JGRO,89.56
2026-02-06,JIRE,80.0
2026-02-06,JMEE,70.32
2026-02-06,JMST,50.4146
2026-02-06,JPIE,45.1256
2026-02-06,JPST,49.6339
2026-02-09,BBRE,97.1746
2026-02-09,HELO,67.0909
2026-02-09,JAGG,45.6443
2026-02-09,JAVA,76.4179
2026-02-09,JBND,53.003
2026-02-09,JCPB,46.3744
2026-02-09,JEMA,54.69
2026-02-09,JEPI,56.6651
2026-02-09,JEPQ,55.0298
2026-02-09,JGLO,69.82
2026-02-09,JGRO,90.44
2026-02-09,JIRE,81.19
2026-02-09,JMEE,70.49
2026-02-09,JMST,50.4146
2026-02-09,JPIE,45.145
2026-02-09,JPST,49.6535
2026-02-10,BBRE,98.5844
2026-02-10,HELO,67.041
2026-02-10,JAGG,45.7425
2026-02-10,JAVA,76.1196
2026-02-10,JBND,53.1596
2026-02-10,JCPB,46.5062
2026-02-10,JEMA,54.78
2026-02-10,JEPI,56.809
2026-02-10,JEPQ,54.8416
2026-02-10,JGLO,69.75
2026-02-10,JGRO,90.14
2026-02-10,JIRE,81.3
2026-02-10,JMEE,70.39
2026-02-10,JMST,50.4244
2026-02-10,JPIE,45.1742
2026-02-10,JPST,49.6633
2026-02-11,BBRE,98.7477
2026-02-11,HELO,67.041
2026-02-11,JAGG,45.713
2026-02-11,JAVA,76.1991
2026-02-11,JBND,53.0813
2026-02-11,JCPB,46.4378
2026-02-11,JEMA,55.63
2026-02-11,JEPI,56.8665
2026-02-11,JEPQ,54.9639
2026-02-11,JGLO,69.77
2026-02-11,JGRO,89.94
2026-02-11,JIRE,81.81
2026-02-11,JMEE,70.29
2026-02-11,JMST,50.4244
2026-02-11,JPIE,45.1645
2026-02-11,JPST,49.6535
2026-02-12,BBRE,98.5201
2026-02-12,HELO,66.5424
2026-02-12,JAGG,45.9291
2026-02-12,JAVA,75.3339
2026-02-12,JBND,53.3161
2026-02-12,JCPB,46.6507
2026-02-12,JEMA,55.21
2026-02-12,JEPI,56.6171
2026-02-12,JEPQ,54.0511
2026-02-12,JGLO,68.88
2026-02-12,JGRO,88.21
2026-02-12,JIRE,81.11
2026-02-12,JMEE,69.32
2026-02-12,JMST,50.4343
2026-02-12,JPIE,45.1839
2026-02-12,JPST,49.6633
2026-02-13,BBRE,99.8063
2026-02-13,HELO,66.3928
2026-02-13,JAGG,46.0666
2026-02-13,JAVA,75.7516
2026-02-13,JBND,53.502
2026-02-13,JCPB,46.7649
2026-02-13,JEMA,55.6
2026-02-13,JEPI,56.9049
2026-02-13,JEPQ,54.117
2026-02-13,JGLO,69.03
2026-02-13,JGRO,87.89
2026-02-13,JIRE,81.3
2026-02-13,JMEE,70.18
2026-02-13,JMST,50.4738
2026-02-13,JPIE,45.2228
2026-02-13,JPST,49.6927
2026-02-17,BBRE,101.0034
2026-02-17,HELO,66.4027
2026-02-17,JAGG,46.0273
2026-02-17,JAVA,75.503
2026-02-17,JBND,53.4629
2026-02-17,JCPB,46.7747
2026-02-17,JEMA,55.35
2026-02-17,JEPI,56.7994
2026-02-17,JEPQ,54.0793
2026-02-17,JGLO,69.08
2026-02-17,JGRO,88.24
2026-02-17,JIRE,81.4
2026-02-17,JMEE,70.23
2026-02-17,JMST,50.4343
2026-02-17,JPIE,45.2326
2026-02-17,JPST,49.6927
2026-02-18,BBRE,99.5095
2026-02-18,HELO,66.682
2026-02-18,JAGG,45.9782
2026-02-18,JAVA,75.9704
2026-02-18,JBND,53.4238
2026-02-18,JCPB,46.7307
2026-02-18,JEMA,55.61
2026-02-18,JEPI,56.9241
2026-02-18,JEPQ,54.4746
2026-02-18,JGLO,69.4
2026-02-18,JGRO,88.78
2026-02-18,JIRE,81.47
2026-02-18,JMEE,70.43
2026-02-18,JMST,50.4244
2026-02-18,JPIE,45.2423
2026-02-18,JPST,49.6927
2026-02-19,BBRE,99.559
2026-02-19,HELO,66.5324
2026-02-19,JAGG,46.0421
2026-02-19,JAVA,75.6322
2026-02-19,JBND,53.4825
2026-02-19,JCPB,46.7796
2026-02-19,JEMA,55.58
2026-02-19,JEPI,56.8569
2026-02-19,JEPQ,54.2864
2026-02-19,JGLO,69.21
2026-02-19,JGRO,88.75
2026-02-19,JIRE,81.41
2026-02-19,JMEE,70.44
2026-02-19,JMST,50.4343
2026-02-19,JPIE,45.2228
2026-02-19,JPST,49.7025
2026-02-20,BBRE,100.2258
2026-02-20,HELO,66.8515
2026-02-20,JAGG,46.0519
2026-02-20,JAVA,76.0102
2026-02-20,JBND,53.4727
2026-02-20,JCPB,46.7698
2026-02-20,JEMA,56.84
2026-02-20,JEPI,57.0776
2026-02-20,JEPQ,54.7192
2026-02-20,JGLO,69.74
2026-02-20,JGRO,89.5
2026-02-20,JIRE,82.05
2026-02-20,JMEE,70.87
2026-02-20,JMST,50.4343
2026-02-20,JPIE,45.2617
2026-02-20,JPST,49.7123
2026-02-23,BBRE,100.4988
2026-02-23,HELO,66.4127
2026-02-23,JAGG,46.155
2026-02-23,JAVA,75.135
2026-02-23,JBND,53.5803
2026-02-23,JCPB,46.8635
2026-02-23,JEMA,56.11
2026-02-23,JEPI,56.7514
2026-02-23,JEPQ,54.164
2026-02-23,JGLO,69.15
2026-02-23,JGRO,88.45
2026-02-23,JIRE,81.73
2026-02-23,JMEE,69.6
2026-02-23,JMST,50.4343
2026-02-23,JPIE,45.2715
2026-02-23,JPST,49.7319
2026-02-24,BBRE,100.5879
2026-02-24,HELO,66.6122
2026-02-24,JAGG,46.1648
2026-02-24,JAVA,75.4135
2026-02-24,JBND,53.6097
2026-02-24,JCPB,46.8626
2026-02-24,JEMA,56.99
2026-02-24,JEPI,57.0392
2026-02-24,JEPQ,54.6628
2026-02-24,JGLO,69.57
2026-02-24,JGRO,89.22
2026-02-24,JIRE,81.87
2026-02-24,JMEE,70.25
2026-02-24,JMST,50.4244
2026-02-24,JPIE,45.2812
2026-02-24,JPST,49.7221
2026-02-25,BBRE,100.672
2026-02-25,HELO,67.0111
2026-02-25,JAGG,46.1452
2026-02-25,JAVA,75.6919
2026-02-25,JBND,53.551
2026-02-25,JCPB,46.843
2026-02-25,JEMA,57.68
2026-02-25,JEPI,57.0968
2026-02-25,JEPQ,55.2368
2026-02-25,JGLO,70.0
2026-02-25,JGRO,90.13
2026-02-25,JIRE,82.75
2026-02-25,JMEE,70.63
2026-02-25,JMST,50.4343
2026-02-25,JPIE,45.2715
2026-02-25,JPST,49.7319
2026-02-26,BBRE,101.3497
2026-02-26,HELO,66.7319
2026-02-26,JAGG,46.1648
2026-02-26,JAVA,75.7615
2026-02-26,JBND,53.6488
2026-02-26,JCPB,46.9163
2026-02-26,JEMA,57.46
2026-02-26,JEPI,57.1736
2026-02-26,JEPQ,54.7475
2026-02-26,JGLO,69.56
2026-02-26,JGRO,89.32
2026-02-26,JIRE,82.7
2026-02-26,JMEE,70.65
2026-02-26,JMST,50.4442
2026-02-26,JPIE,45.2909
2026-02-26,JPST,49.7417
2026-02-27,BBRE,101.0925
2026-02-27,HELO,66.4626
2026-02-27,JAGG,46.2925
2026-02-27,JAVA,75.4831
2026-02-27,JBND,53.776
2026-02-27,JCPB,47.0041
2026-02-27,JEMA,57.02
2026-02-27,JEPI,57.4518
2026-02-27,JEPQ,54.6157
2026-02-27,JGLO,69.1
2026-02-27,JGRO,88.66
2026-02-27,JIRE,82.51
2026-02-27,JMEE,69.96
2026-02-27,JMST,50.4738
2026-02-27,JPIE,45.3007
2026-02-27,JPST,49.7417
2026-03-02,BBRE,101.6267
2026-03-02,HELO,66.4925
2026-03-02,JAGG,46.1123
2026-03-02,JAVA,75.3538
2026-03-02,JBND,53.5434
2026-03-02,JCPB,46.8042
2026-03-02,JEMA,56.39
2026-03-02,JEPI,57.308
2026-03-02,JEPQ,54.6622
2026-03-02,JGLO,68.76
2026-03-02,JGRO,88.79
2026-03-02,JIRE,80.83
2026-03-02,JMEE,70.54
2026-03-02,JMST,50.4501
2026-03-02,JPIE,45.2596
2026-03-02,JPST,49.727
2026-03-03,BBRE,100.8352
2026-03-03,HELO,66.0836
2026-03-03,JAGG,46.0335
2026-03-03,JAVA,74.2897
2026-03-03,JBND,53.4943
2026-03-03,JCPB,46.7601
2026-03-03,JEMA,53.46
2026-03-03,JEPI,56.7772
2026-03-03,JEPQ,54.1971
2026-03-03,JGLO,67.86
2026-03-03,JGRO,87.91
2026-03-03,JIRE,78.28
2026-03-03,JMEE,69.44
2026-03-03,JMST,50.4501
2026-03-03,JPIE,45.2401
2026-03-03,JPST,49.727
2026-03-04,BBRE,101.0232
2026-03-04,HELO,66.3828
2026-03-04,JAGG,45.9743
2026-03-04,JAVA,74.6974
2026-03-04,JBND,53.4354
2026-03-04,JCPB,46.7356
2026-03-04,JEMA,54.16
2026-03-04,JEPI,57.0185
2026-03-04,JEPQ,54.8521
2026-03-04,JGLO,68.41
2026-03-04,JGRO,88.67
2026-03-04,JIRE,79.35
2026-03-04,JMEE,69.47
2026-03-04,JMST,50.4599
2026-03-04,JPIE,45.2205
2026-03-04,JPST,49.727
2026-03-05,BBRE,100.0338
2026-03-05,HELO,66.2531
2026-03-05,JAGG,45.8856
2026-03-05,JAVA,73.7526
2026-03-05,JBND,53.298
2026-03-05,JCPB,46.613
2026-03-05,JEMA,52.9
2026-03-05,JEPI,56.5745
2026-03-05,JEPQ,54.7192
2026-03-05,JGLO,67.78
2026-03-05,JGRO,88.03
2026-03-05,JIRE,77.48
2026-03-05,JMEE,68.53
2026-03-05,JMST,50.4599
2026-03-05,JPIE,45.1912
2026-03-05,JPST,49.727
2026-03-06,BBRE,98.8961
2026-03-06,HELO,65.7146
2026-03-06,JAGG,45.8462
2026-03-06,JAVA,72.6089
2026-03-06,JBND,53.2587
2026-03-06,JCPB,46.5493
2026-03-06,JEMA,52.52
2026-03-06,JEPI,56.063
2026-03-06,JEPQ,53.9692
2026-03-06,JGLO,66.87
2026-03-06,JGRO,86.82
2026-03-06,JIRE,76.93
2026-03-06,JMEE,66.94
2026-03-06,JMST,50.4797
2026-03-06,JPIE,45.1424
2026-03-06,JPST,49.7073
2026-03-09,BBRE,99.1731
2026-03-09,HELO,66.0038
2026-03-09,JAGG,45.9743
2026-03-09,JAVA,72.8476
2026-03-09,JBND,53.406
2026-03-09,JCPB,46.6866
2026-03-09,JEMA,53.47
2026-03-09,JEPI,56.3429
2026-03-09,JEPQ,54.6622
2026-03-09,JGLO,67.34
2026-03-09,JGRO,88.08
2026-03-09,JIRE,77.3
2026-03-09,JMEE,67.54
2026-03-09,JMST,50.4698
2026-03-09,JPIE,45.1521
2026-03-09,JPST,49.727
2026-03-10,BBRE,99.1929
2026-03-10,HELO,65.8542
2026-03-10,JAGG,45.8216
2026-03-10,JAVA,72.5493
2026-03-10,JBND,53.2195
2026-03-10,JCPB,46.5787
2026-03-10,JEMA,53.72
2026-03-10,JEPI,56.1595
2026-03-10,JEPQ,54.7002
2026-03-10,JGLO,67.42
2026-03-10,JGRO,88.11
2026-03-10,JIRE,77.66
2026-03-10,JMEE,67.28
2026-03-10,JMST,50.4797
2026-03-10,JPIE,45.1619
2026-03-10,JPST,49.7171
2026-03-11,BBRE,98.1729
2026-03-11,HELO,65.7744
2026-03-11,JAGG,45.6393
2026-03-11,JAVA,72.2708
2026-03-11,JBND,53.0133
2026-03-11,JCPB,46.3533
2026-03-11,JEMA,53.85
2026-03-11,JEPI,55.9376
2026-03-11,JEPQ,54.7762
2026-03-11,JGLO,67.19
2026-03-11,JGRO,88.08
2026-03-11,JIRE,77.39
2026-03-11,JMEE,67.19
2026-03-11,JMST,50.4797
2026-03-11,JPIE,45.1326
2026-03-11,JPST,49.7073
2026-03-12,BBRE,97.7781
2026-03-12,HELO,65.0663
2026-03-12,JAGG,45.4579
2026-03-12,JAVA,71.1669
2026-03-12,JBND,52.8465
2026-03-12,JCPB,46.1769
2026-03-12,JEMA,52.11
2026-03-12,JEPI,55.1848
2026-03-12,JEPQ,53.9787
2026-03-12,JGLO,66.15
2026-03-12,JGRO,86.6
2026-03-12,JIRE,76.11
2026-03-12,JMEE,65.86
2026-03-12,JMST,50.4797
2026-03-12,JPIE,45.0251
2026-03-12,JPST,49.668
2026-03-13,BBRE,97.5347
2026-03-13,HELO,64.8369
2026-03-13,JAGG,45.3732
2026-03-13,JAVA,71.147
2026-03-13,JBND,52.7581
2026-03-13,JCPB,46.1082
2026-03-13,JEMA,52.03
2026-03-13,JEPI,55.0979
2026-03-13,JEPQ,53.6939
2026-03-13,JGLO,65.74
2026-03-13,JGRO,85.77
2026-03-13,JIRE,75.35
2026-03-13,JMEE,65.81
2026-03-13,JMST,50.4797
2026-03-13,JPIE,44.9567
2026-03-13,JPST,49.668
2026-03-16,BBRE,98.4301
2026-03-16,HELO,65.2957
2026-03-16,JAGG,45.5703
2026-03-16,JAVA,71.7437
2026-03-16,JBND,52.9643
2026-03-16,JCPB,46.2798
2026-03-16,JEMA,53.62
2026-03-16,JEPI,55.5805
2026-03-16,JEPQ,54.3584
2026-03-16,JGLO,66.51
2026-03-16,JGRO,86.82
2026-03-16,JIRE,76.63
2026-03-16,JMEE,66.32
2026-03-16,JMST,50.4995
2026-03-16,JPIE,45.0349
2026-03-16,JPST,49.6778
2026-03-17,BBRE,98.7675
2026-03-17,HELO,65.2957
2026-03-17,JAGG,45.6885
2026-03-17,JAVA,72.1614
2026-03-17,JBND,53.033
2026-03-17,JCPB,46.4023
2026-03-17,JEMA,53.99
2026-03-17,JEPI,55.6866
2026-03-17,JEPQ,54.6717
2026-03-17,JGLO,66.7
2026-03-17,JGRO,87.03
2026-03-17,JIRE,76.86
2026-03-17,JMEE,66.89
2026-03-17,JMST,50.5094
2026-03-17,JPIE,45.1131
2026-03-17,JPST,49.7171
2026-03-18,BBRE,97.422
2026-03-18,HELO,64.6873
2026-03-18,JAGG,45.452
2026-03-18,JAVA,71.2166
2026-03-18,JBND,52.8661
2026-03-18,JCPB,46.1965
2026-03-18,JEMA,52.74
2026-03-18,JEPI,54.7891
2026-03-18,JEPQ,53.9407
2026-03-18,JGLO,65.48
2026-03-18,JGRO,85.88
2026-03-18,JIRE,75.4
2026-03-18,JMEE,66.31
2026-03-18,JMST,50.4797
2026-03-18,JPIE,45.0153
2026-03-18,JPST,49.7073
2026-03-19,BBRE,97.0856
2026-03-19,HELO,64.5776
2026-03-19,JAGG,45.5407
2026-03-19,JAVA,71.1271
2026-03-19,JBND,52.9054
2026-03-19,JCPB,46.2308
2026-03-19,JEMA,53.1
2026-03-19,JEPI,54.7022
2026-03-19,JEPQ,53.8268
2026-03-19,JGLO,65.26
2026-03-19,JGRO,85.63
2026-03-19,JIRE,75.36
2026-03-19,JMEE,66.58
2026-03-19,JMST,50.4896
2026-03-19,JPIE,45.0153
2026-03-19,JPST,49.6975
2026-03-20,BBRE,93.9295
2026-03-20,HELO,64.1089
2026-03-20,JAGG,45.1268
2026-03-20,JAVA,70.4906
2026-03-20,JBND,52.4735
2026-03-20,JCPB,45.8485
2026-03-20,JEMA,51.12
2026-03-20,JEPI,54.1328
2026-03-20,JEPQ,52.9345
2026-03-20,JGLO,64.17
2026-03-20,JGRO,84.02
2026-03-20,JIRE,73.01
2026-03-20,JMEE,65.12
2026-03-20,JMST,50.4402
2026-03-20,JPIE,44.8688
2026-03-20,JPST,49.668
2026-03-23,BBRE,94.6023
2026-03-23,HELO,64.4779
2026-03-23,JAGG,45.3535
2026-03-23,JAVA,71.0476
2026-03-23,JBND,52.66
2026-03-23,JCPB,46.0102
2026-03-23,JEMA,52.6
2026-03-23,JEPI,54.6057
2026-03-23,JEPQ,53.4851
2026-03-23,JGLO,65.16
2026-03-23,JGRO,85.31
2026-03-23,JIRE,74.73
2026-03-23,JMEE,66.36
2026-03-23,JMST,50.4402
2026-03-23,JPIE,44.9665
2026-03-23,JPST,49.7073
2026-03-24,BBRE,94.2694
2026-03-24,HELO,64.3032
2026-03-24,JAGG,45.2155
2026-03-24,JAVA,71.4165
2026-03-24,JBND,52.5226
2026-03-24,JCPB,45.9024
2026-03-24,JEMA,51.95
2026-03-24,JEPI,54.5864
2026-03-24,JEPQ,53.2193
2026-03-24,JGLO,64.87
2026-03-24,JGRO,84.85
2026-03-24,JIRE,74.3
2026-03-24,JMEE,67.03
2026-03-24,JMST,50.4055
2026-03-24,JPIE,44.8737
2026-03-24,JPST,49.6975
2026-03-25,BBRE,94.2694
2026-03-25,HELO,64.388
2026-03-25,JAGG,45.3929
2026-03-25,JAVA,71.7953
2026-03-25,JBND,52.7385
2026-03-25,JCPB,46.0984
2026-03-25,JEMA,52.63
2026-03-25,JEPI,54.7505
2026-03-25,JEPQ,53.4946
2026-03-25,JGLO,65.34
2026-03-25,JGRO,85.6
2026-03-25,JIRE,75.39
2026-03-25,JMEE,67.61
2026-03-25,JMST,50.4402
2026-03-25,JPIE,44.9567
2026-03-25,JPST,49.7073
2026-03-26,BBRE,94.2595
2026-03-26,HELO,63.799
2026-03-26,JAGG,45.1169
2026-03-26,JAVA,71.1074
2026-03-26,JBND,52.3852
2026-03-26,JCPB,45.7652
2026-03-26,JEMA,50.78
2026-03-26,JEPI,54.2293
2026-03-26,JEPQ,52.3554
2026-03-26,JGLO,64.25
2026-03-26,JGRO,83.53
2026-03-26,JIRE,73.85
2026-03-26,JMEE,66.61
2026-03-26,JMST,50.4154
2026-03-26,JPIE,44.7808
2026-03-26,JPST,49.668
2026-03-27,BBRE,93.4249
2026-03-27,HELO,63.2898
2026-03-27,JAGG,45.1093
2026-03-27,JAVA,70.0904
2026-03-27,JBND,52.3557
2026-03-27,JCPB,45.7652
2026-03-27,JEMA,50.7
2026-03-27,JEPI,53.6117
2026-03-27,JEPQ,51.3871
2026-03-27,JGLO,63.369
2026-03-27,JGRO,82.02
2026-03-27,JIRE,73.15
2026-03-27,JMEE,65.49
2026-03-27,JMST,50.4204
2026-03-27,JPIE,44.8004
2026-03-27,JPST,49.6778
2026-03-30,BBRE,93.7428
2026-03-30,HELO,63.2299
2026-03-30,JAGG,45.3535
2026-03-30,JAVA,70.0805
2026-03-30,JBND,52.6698
2026-03-30,JCPB,45.9955
2026-03-30,JEMA,50.12
2026-03-30,JEPI,53.7082
2026-03-30,JEPQ,51.0453
2026-03-30,JGLO,63.46
2026-03-30,JGRO,81.53
2026-03-30,JIRE,73.4
2026-03-30,JMEE,65.03
2026-03-30,JMST,50.4303
2026-03-30,JPIE,44.8883
2026-03-30,JPST,49.7171
2026-03-31,BBRE,95.0742
2026-03-31,HELO,63.8089
2026-03-31,JAGG,45.4914
2026-03-31,JAVA,71.5361
2026-03-31,JBND,52.7778
2026-03-31,JCPB,46.1475
2026-03-31,JEMA,52.03
2026-03-31,JEPI,54.7022
2026-03-31,JEPQ,52.7066
2026-03-31,JGLO,65.27
2026-03-31,JGRO,84.52
2026-03-31,JIRE,75.74
2026-03-31,JMEE,66.77
2026-03-31,JMST,50.4402
2026-03-31,JPIE,45.0153
2026-03-31,JPST,49.7564
2026-04-01,BBRE,95.6107
2026-04-01,HELO,64.0186
2026-04-01,JAGG,45.4869
2026-04-01,JAVA,71.7654
2026-04-01,JBND,52.7916
2026-04-01,JCPB,46.1337
2026-04-01,JEMA,52.49
2026-04-01,JEPI,54.849
2026-04-01,JEPQ,53.2427
2026-04-01,JGLO,65.52
2026-04-01,JGRO,85.38
2026-04-01,JIRE,77.05
2026-04-01,JMEE,67.25
2026-04-01,JMST,50.4729
2026-04-01,JPIE,45.0605
2026-04-01,JPST,49.7594
2026-04-02,BBRE,96.6639
2026-04-02,HELO,64.0286
2026-04-02,JAGG,45.5858
2026-04-02,JAVA,71.7654
2026-04-02,JBND,52.8507
2026-04-02,JCPB,46.237
2026-04-02,JEMA,51.97
2026-04-02,JEPI,54.8879
2026-04-02,JEPQ,53.3098
2026-04-02,JGLO,65.29
2026-04-02,JGRO,85.45
2026-04-02,JIRE,76.56
2026-04-02,JMEE,67.49
2026-04-02,JMST,50.4729
2026-04-02,JPIE,45.0703
2026-04-02,JPST,49.7791
2026-04-06,BBRE,96.4831
2026-04-06,HELO,64.1684
2026-04-06,JAGG,45.5116
2026-04-06,JAVA,72.1742
2026-04-06,JBND,52.8113
2026-04-06,JCPB,46.173
2026-04-06,JEMA,52.53
2026-04-06,JEPI,55.131
2026-04-06,JEPQ,53.6263
2026-04-06,JGLO,65.65
2026-04-06,JGRO,85.69
2026-04-06,JIRE,76.86
2026-04-06,JMEE,67.77
2026-04-06,JMST,50.4927
2026-04-06,JPIE,45.0801
2026-04-06,JPST,49.7693
2026-04-07,BBRE,96.9123
2026-04-07,HELO,64.2083
2026-04-07,JAGG,45.5759
2026-04-07,JAVA,72.1742
2026-04-07,JBND,52.8605
2026-04-07,JCPB,46.2419
2026-04-07,JEMA,52.73
2026-04-07,JEPI,54.956
2026-04-07,JEPQ,53.6263
2026-04-07,JGLO,65.76
2026-04-07,JGRO,85.77
2026-04-07,JIRE,76.68
2026-04-07,JMEE,67.89
2026-04-07,JMST,50.4431
2026-04-07,JPIE,45.0998
2026-04-07,JPST,49.7989
2026-04-08,BBRE,98.5954
2026-04-08,HELO,65.017
2026-04-08,JAGG,45.6649
2026-04-08,JAVA,73.8492
2026-04-08,JBND,52.9984
2026-04-08,JCPB,46.3895
2026-04-08,JEMA,55.63
2026-04-08,JEPI,56.0158
2026-04-08,JEPQ,54.7579
2026-04-08,JGLO,67.58
2026-04-08,JGRO,88.11
2026-04-08,JIRE,79.77
2026-04-08,JMEE,69.77
2026-04-08,JMST,50.453
2026-04-08,JPIE,45.2254
2026-04-08,JPST,49.8087
2026-04-09,BBRE,99.3952
2026-04-09,HELO,65.3964
2026-04-09,JAGG,45.6353
2026-04-09,JAVA,74.2081
2026-04-09,JBND,53.0181
2026-04-09,JCPB,46.3699
2026-04-09,JEMA,55.35
2026-04-09,JEPI,56.2006
2026-04-09,JEPQ,55.1511
2026-04-09,JGLO,67.96
2026-04-09,JGRO,88.51
2026-04-09,JIRE,79.63
2026-04-09,JMEE,70.04
2026-04-09,JMST,50.4778
2026-04-09,JPIE,45.247
2026-04-09,JPST,49.8186
2026-04-10,BBRE,99.6804
2026-04-10,HELO,65.3365
2026-04-10,JAGG,45.5759
2026-04-10,JAVA,73.6598
2026-04-10,JBND,52.9393
2026-04-10,JCPB,46.3206
2026-04-10,JEMA,55.74
2026-04-10,JEPI,55.9478
2026-04-10,JEPQ,55.2565
2026-04-10,JGLO,67.95
2026-04-10,JGRO,88.61
2026-04-10,JIRE,79.72
2026-04-10,JMEE,69.81
2026-04-10,JMST,50.4729
2026-04-10,JPIE,45.2274
2026-04-10,JPST,49.8186
2026-04-13,BBRE,99.8642
2026-04-13,HELO,65.8357
2026-04-13,JAGG,45.6847
2026-04-13,JAVA,74.3776
2026-04-13,JBND,53.0477
2026-04-13,JCPB,46.4191
2026-04-13,JEMA,56.239
2026-04-13,JEPI,56.2589
2026-04-13,JEPQ,55.6018
2026-04-13,JGLO,68.5
2026-04-13,JGRO,89.46
2026-04-13,JIRE,80.15
2026-04-13,JMEE,70.61
2026-04-13,JMST,50.4828
2026-04-13,JPIE,45.2863
2026-04-13,JPST,49.8285
2026-04-14,BBRE,101.1618
2026-04-14,HELO,66.295
2026-04-14,JAGG,45.8133
2026-04-14,JAVA,74.5471
2026-04-14,JBND,53.1758
2026-04-14,JCPB,46.5568
2026-04-14,JEMA,57.37
2026-04-14,JEPI,56.2395
2026-04-14,JEPQ,55.9854
2026-04-14,JGLO,69.25
2026-04-14,JGRO,90.87
2026-04-14,JIRE,80.73
2026-04-14,JMEE,70.82
2026-04-14,JMST,50.4778
2026-04-14,JPIE,45.3648
2026-04-14,JPST,49.8285
2026-04-15,BBRE,101.2343
2026-04-15,HELO,66.5845
2026-04-15,JAGG,45.7589
2026-04-15,JAVA,74.3377
2026-04-15,JBND,53.1166
2026-04-15,JCPB,46.4879
2026-04-15,JEMA,57.261
2026-04-15,JEPI,56.0158
2026-04-15,JEPQ,56.0813
2026-04-15,JGLO,69.6
2026-04-15,JGRO,91.89
2026-04-15,JIRE,80.5
2026-04-15,JMEE,70.73
2026-04-15,JMST,50.4877
2026-04-15,JPIE,45.355
2026-04-15,JPST,49.8482
2026-04-16,BBRE,102.049
2026-04-16,HELO,66.7044
2026-04-16,JAGG,45.655
2026-04-16,JAVA,74.4973
2026-04-16,JBND,53.0378
2026-04-16,JCPB,46.4092
2026-04-16,JEMA,57.317
2026-04-16,JEPI,55.9964
2026-04-16,JEPQ,56.1292
2026-04-16,JGLO,69.44
2026-04-16,JGRO,91.79
2026-04-16,JIRE,80.2
2026-04-16,JMEE,70.92
2026-04-16,JMST,50.4877
2026-04-16,JPIE,45.3256
2026-04-16,JPST,49.8383
2026-04-17,BBRE,103.5195
2026-04-17,HELO,67.0139
2026-04-17,JAGG,45.8331
2026-04-17,JAVA,75.3547
2026-04-17,JBND,53.2447
2026-04-17,JCPB,46.5765
2026-04-17,JEMA,58.345
2026-04-17,JEPI,56.1909
2026-04-17,JEPQ,56.2539
2026-04-17,JGLO,70.27
2026-04-17,JGRO,93.2
2026-04-17,JIRE,81.4
2026-04-17,JMEE,72.36
2026-04-17,JMST,50.5026
2026-04-17,JPIE,45.4139
2026-04-17,JPST,49.8778
2026-04-20,BBRE,103.8623
2026-04-20,HELO,66.924
2026-04-20,JAGG,45.843
2026-04-20,JAVA,75.3647
2026-04-20,JBND,53.2349
2026-04-20,JCPB,46.5863
2026-04-20,JEMA,58.045
2026-04-20,JEPI,56.1617
2026-04-20,JEPQ,56.2635
2026-04-20,JGLO,69.94
2026-04-20,JGRO,92.94
2026-04-20,JIRE,80.91
2026-04-20,JMEE,72.77
2026-04-20,JMST,50.5125
2026-04-20,JPIE,45.4139
2026-04-20,JPST,49.8877
2026-04-21,BBRE,102.2577
2026-04-21,HELO,66.7543
2026-04-21,JAGG,45.6847
2026-04-21,JAVA,74.9659
2026-04-21,JBND,53.0575
2026-04-21,JCPB,46.4387
2026-04-21,JEMA,57.316
2026-04-21,JEPI,55.9089
2026-04-21,JEPQ,56.2347
2026-04-21,JGLO,69.23
2026-04-21,JGRO,92.13
2026-04-21,JIRE,79.11
2026-04-21,JMEE,72.36
2026-04-21,JMST,50.5125
2026-04-21,JPIE,45.3452
2026-04-21,JPST,49.8778
2026-04-22,BBRE,101.0257
2026-04-22,HELO,67.0937
2026-04-22,JAGG,45.7441
2026-04-22,JAVA,75.0257
2026-04-22,JBND,53.1068
2026-04-22,JCPB,46.4929
2026-04-22,JEMA,58.324
2026-04-22,JEPI,55.7144
2026-04-22,JEPQ,56.4745
2026-04-22,JGLO,69.77
2026-04-22,JGRO,93.41
2026-04-22,JIRE,79.37
2026-04-22,JMEE,72.28
2026-04-22,JMST,50.5125
2026-04-22,JPIE,45.3648
2026-04-22,JPST,49.8778
2026-04-23,BBRE,102.3322
2026-04-23,HELO,67.0538
2026-04-23,JAGG,45.6748
2026-04-23,JAVA,75.3547
2026-04-23,JBND,53.028
2026-04-23,JCPB,46.4191
2026-04-23,JEMA,57.361
2026-04-23,JEPI,55.9964
2026-04-23,JEPQ,56.4169
2026-04-23,JGLO,69.55
2026-04-23,JGRO,92.88
2026-04-23,JIRE,78.73
2026-04-23,JMEE,72.23
2026-04-23,JMST,50.4927
2026-04-23,JPIE,45.3256
2026-04-23,JPST,49.8877
2026-04-24,BBRE,102.1285
2026-04-24,HELO,67.1636
2026-04-24,JAGG,45.7292
2026-04-24,JAVA,75.0257
2026-04-24,JBND,53.1166
2026-04-24,JCPB,46.4978
2026-04-24,JEMA,58.595
2026-04-24,JEPI,55.7339
2026-04-24,JEPQ,56.5704
2026-04-24,JGLO,70.1
2026-04-24,JGRO,93.63
2026-04-24,JIRE,79.17
2026-04-24,JMEE,72.48
2026-04-24,JMST,50.5155
2026-04-24,JPIE,45.3747
2026-04-24,JPST,49.9172
2026-04-27,BBRE,101.75
2026-04-27,HELO,67.1836
2026-04-27,JAGG,45.6649
2026-04-27,JAVA,74.9958
2026-04-27,JBND,53.0181
2026-04-27,JCPB,46.3994
2026-04-27,JEMA,58.63
2026-04-27,JEPI,55.4713
2026-04-27,JEPQ,56.6183
2026-04-27,JGLO,70.25
2026-04-27,JGRO,93.8
2026-04-27,JIRE,79.0
2026-04-27,JMEE,72.49
2026-04-27,JMST,50.5324
2026-04-27,JPIE,45.3747
2026-04-27,JPST,49.9074
2026-04-28,BBRE,102.7942
2026-04-28,HELO,67.1536
2026-04-28,JAGG,45.6353
2026-04-28,JAVA,74.8861
2026-04-28,JBND,52.9886
2026-04-28,JCPB,46.3797
2026-04-28,JEMA,58.015
2026-04-28,JEPI,55.5491
2026-04-28,JEPQ,56.5128
2026-04-28,JGLO,69.95
2026-04-28,JGRO,92.94
2026-04-28,JIRE,78.57
2026-04-28,JMEE,71.93
2026-04-28,JMST,50.5125
2026-04-28,JPIE,45.3452
2026-04-28,JPST,49.9172
2026-04-29,BBRE,102.049
2026-04-29,HELO,67.1736
2026-04-29,JAGG,45.4671
2026-04-29,JAVA,75.0057
2026-04-29,JBND,52.7719
2026-04-29,JCPB,46.2026
2026-04-29,JEMA,57.791
2026-04-29,JEPI,55.5394
2026-04-29,JEPQ,56.5799
2026-04-29,JGLO,69.84
2026-04-29,JGRO,92.55
2026-04-29,JIRE,77.9
2026-04-29,JMEE,71.49
2026-04-29,JMST,50.5125
2026-04-29,JPIE,45.247
2026-04-29,JPST,49.9074
2026-04-30,BBRE,103.5394
2026-04-30,HELO,67.4432
2026-04-30,JAGG,45.5067
2026-04-30,JAVA,76.0825
2026-04-30,JBND,52.8211
2026-04-30,JCPB,46.2518
2026-04-30,JEMA,58.93
2026-04-30,JEPI,55.9964
2026-04-30,JEPQ,56.8389
2026-04-30,JGLO,70.27
2026-04-30,JGRO,93.65
2026-04-30,JIRE,79.8
2026-04-30,JMEE,72.81
2026-04-30,JMST,50.5423
2026-04-30,JPIE,45.2961
2026-04-30,JPST,49.9172
2026-05-01,BBRE,103.4003
2026-05-01,HELO,67.4332
2026-05-01,JAGG,45.5833
2026-05-01,JAVA,75.7535
2026-05-01,JBND,52.8656
2026-05-01,JCPB,46.2913
2026-05-01,JEMA,59.026
2026-05-01,JEPI,55.6808
2026-05-01,JEPQ,57.0142
2026-05-01,JGLO,70.02
2026-05-01,JGRO,94.07
2026-05-01,JIRE,79.54
2026-05-01,JMEE,72.95
2026-05-01,JMST,50.5532
2026-05-01,JPIE,45.3622
2026-05-01,JPST,49.943
2026-05-04,BBRE,102.5558
2026-05-04,HELO,67.3833
2026-05-04,JAGG,45.4245
2026-05-04,JAVA,75.3547
2026-05-04,JBND,52.6975
2026-05-04,JCPB,46.1431
2026-05-04,JEMA,59.08
2026-05-04,JEPI,55.5339
2026-05-04,JEPQ,56.9851
2026-05-04,JGLO,69.61
2026-05-04,JGRO,93.99
2026-05-04,JIRE,78.26
2026-05-04,JMEE,72.55
2026-05-04,JMST,50.5532
2026-05-04,JPIE,45.303
2026-05-04,JPST,49.9232
2026-05-05,BBRE,103.2215
2026-05-05,HELO,67.4432
2026-05-05,JAGG,45.5039
2026-05-05,JAVA,75.8233
2026-05-05,JBND,52.8063
2026-05-05,JCPB,46.232
2026-05-05,JEMA,60.215
2026-05-05,JEPI,55.3673
2026-05-05,JEPQ,57.2079
2026-05-05,JGLO,69.94
2026-05-05,JGRO,94.63
2026-05-05,JIRE,79.29
2026-05-05,JMEE,73.5
2026-05-05,JMST,50.5532
2026-05-05,JPIE,45.3326
2026-05-05,JPST,49.9529
2026-05-06,BBRE,104.7217
2026-05-06,HELO,67.6529
2026-05-06,JAGG,45.6925
2026-05-06,JAVA,76.6309
2026-05-06,JBND,53.0238
2026-05-06,JCPB,46.4395
2026-05-06,JEMA,62.019
2026-05-06,JEPI,55.3477
2026-05-06,JEPQ,57.5373
2026-05-06,JGLO,71.111
2026-05-06,JGRO,96.47
2026-05-06,JIRE,81.51
2026-05-06,JMEE,74.48
2026-05-06,JMST,50.583
2026-05-06,JPIE,45.4214
2026-05-06,JPST,49.9727
2026-05-07,BBRE,103.914
2026-05-07,HELO,67.6529
2026-05-07,JAGG,45.5833
2026-05-07,JAVA,76.0127
2026-05-07,JBND,52.9052
2026-05-07,JCPB,46.3308
2026-05-07,JEMA,61.119
2026-05-07,JEPI,55.1517
2026-05-07,JEPQ,57.5179
2026-05-07,JGLO,70.59
2026-05-07,JGRO,95.93
2026-05-07,JIRE,80.0
2026-05-07,JMEE,73.44
2026-05-07,JMST,50.583
2026-05-07,JPIE,45.3918
2026-05-07,JPST,49.9826
2026-05-08,BBRE,104.3472
2026-05-08,HELO,67.573
2026-05-08,JAGG,45.6727
2026-05-08,JAVA,76.0526
2026-05-08,JBND,53.0238
2026-05-08,JCPB,46.4296
2026-05-08,JEMA,62.322
2026-05-08,JEPI,54.8381
2026-05-08,JEPQ,57.7407
2026-05-08,JGLO,70.79
2026-05-08,JGRO,96.42
2026-05-08,JIRE,80.84
2026-05-08,JMEE,73.9
2026-05-08,JMST,50.583
2026-05-08,JPIE,45.4312
2026-05-08,JPST,49.9925
2026-05-11,BBRE,104.4038
2026-05-11,HELO,67.4931
2026-05-11,JAGG,45.5864
2026-05-11,JAVA,76.2022
2026-05-11,JBND,52.8953
2026-05-11,JCPB,46.3407
2026-05-11,JEMA,62.434
2026-05-11,JEPI,54.7303
2026-05-11,JEPQ,57.8472
2026-05-11,JGLO,70.71
2026-05-11,JGRO,96.81
2026-05-11,JIRE,80.62
2026-05-11,JMEE,73.57
2026-05-11,JMST,50.5631
2026-05-11,JPIE,45.3819
2026-05-11,JPST,49.9925
2026-05-12,BBRE,104.6025
2026-05-12,HELO,67.573
2026-05-12,JAGG,45.4642
2026-05-12,JAVA,76.0825
2026-05-12,JBND,52.7568
2026-05-12,JCPB,46.1826
2026-05-12,JEMA,60.651
2026-05-12,JEPI,54.9557
2026-05-12,JEPQ,57.7891
2026-05-12,JGLO,70.55
2026-05-12,JGRO,96.75
2026-05-12,JIRE,80.08
2026-05-12,JMEE,72.92
2026-05-12,JMST,50.5731
2026-05-12,JPIE,45.3326
2026-05-12,JPST,49.9925
2026-05-13,BBRE,103.9964
2026-05-13,HELO,67.6529
2026-05-13,JAGG,45.4841
2026-05-13,JAVA,76.1623
2026-05-13,JBND,52.7371
2026-05-13,JCPB,46.2122
2026-05-13,JEMA,61.757
2026-05-13,JEPI,54.8087
2026-05-13,JEPQ,58.0119
2026-05-13,JGLO,70.98
2026-05-13,JGRO,97.76
2026-05-13,JIRE,80.51
2026-05-13,JMEE,72.72
2026-05-13,JMST,50.5631
2026-05-13,JPIE,45.3523
2026-05-13,JPST,50.0123
2026-05-14,BBRE,103.7381
2026-05-14,HELO,67.7727
2026-05-14,JAGG,45.4344
2026-05-14,JAVA,76.3118
2026-05-14,JBND,52.7173
2026-05-14,JCPB,46.2024
2026-05-14,JEMA,61.814
2026-05-14,JEPI,54.8675
2026-05-14,JEPQ,58.1281
2026-05-14,JGLO,71.5
2026-05-14,JGRO,98.82
2026-05-14,JIRE,80.14
2026-05-14,JMEE,73.15
2026-05-14,JMST,50.583
2026-05-14,JPIE,45.3425
2026-05-14,JPST,50.0024
2026-05-15,BBRE,102.0888
2026-05-15,HELO,67.5929
2026-05-15,JAGG,45.1763
2026-05-15,JAVA,75.2849
2026-05-15,JBND,52.4206
2026-05-15,JCPB,45.9257
2026-05-15,JEMA,59.673
2026-05-15,JEPI,54.7695
2026-05-15,JEPQ,57.8957
2026-05-15,JGLO,70.5
2026-05-15,JGRO,97.14
2026-05-15,JIRE,78.69
2026-05-15,JMEE,71.92
2026-05-15,JMST,50.5631
2026-05-15,JPIE,45.2241
2026-05-15,JPST,49.9925
2026-05-18,BBRE,103.1916
2026-05-18,HELO,67.6828
2026-05-18,JAGG,45.1565
2026-05-18,JAVA,75.5242
2026-05-18,JBND,52.3613
2026-05-18,JCPB,45.8763
2026-05-18,JEMA,59.49
2026-05-18,JEPI,55.0047
2026-05-18,JEPQ,57.8375
2026-05-18,JGLO,70.64
2026-05-18,JGRO,96.6
2026-05-18,JIRE,79.52
2026-05-18,JMEE,71.94
2026-05-18,JMST,50.5532
2026-05-18,JPIE,45.234
2026-05-18,JPST,49.9925
2026-05-19,BBRE,103.2562
2026-05-19,HELO,67.583
2026-05-19,JAGG,45.0076
2026-05-19,JAVA,75.2151
2026-05-19,JBND,52.1932
2026-05-19,JCPB,45.7281
2026-05-19,JEMA,58.96
2026-05-19,JEPI,54.9557
2026-05-19,JEPQ,57.731
2026-05-19,JGLO,70.09
2026-05-19,JGRO,95.82
2026-05-19,JIRE,79.07
2026-05-19,JMEE,71.29
2026-05-19,JMST,50.5433
2026-05-19,JPIE,45.16
2026-05-19,JPST,49.9826
2026-05-20,BBRE,104.5538
2026-05-20,HELO,67.7327
2026-05-20,JAGG,45.2756
2026-05-20,JAVA,75.8532
2026-05-20,JBND,52.4701
2026-05-20,JCPB,46.0047
2026-05-20,JEMA,60.43
2026-05-20,JEPI,55.0537
2026-05-20,JEPQ,58.0991
2026-05-20,JGLO,70.88
2026-05-20,JGRO,96.93
2026-05-20,JIRE,80.38
2026-05-20,JMEE,72.72
2026-05-20,JMST,50.5234
2026-05-20,JPIE,45.2636
2026-05-20,JPST,50.0222
2026-05-21,BBRE,104.8608
2026-05-21,HELO,67.6329
2026-05-21,JAGG,45.2758
2026-05-21,JAVA,76.0327
2026-05-21,JBND,52.5195
2026-05-21,JCPB,46.0443
2026-05-21,JEMA,60.93
2026-05-21,JEPI,54.9557
2026-05-21,JEPQ,58.225
2026-05-21,JGLO,70.95
2026-05-21,JGRO,97.03
2026-05-21,JIRE,80.81
2026-05-21,JMEE,72.86
2026-05-21,JMST,50.5433
2026-05-21,JPIE,45.2932
2026-05-21,JPST,50.0321
2026-05-22,BBRE,105.0665
2026-05-22,HELO,67.6429
2026-05-22,JAGG,45.3054
2026-05-22,JAVA,76.4614
2026-05-22,JBND,52.6382
2026-05-22,JCPB,46.0986
2026-05-22,JEMA,60.76
2026-05-22,JEPI,55.2007
2026-05-22,JEPQ,58.3219
2026-05-22,JGLO,70.85
2026-05-22,JGRO,97.2
2026-05-22,JIRE,80.72
2026-05-22,JMEE,73.47
2026-05-22,JMST,50.5631
2026-05-22,JPIE,45.2734
2026-05-22,JPST,50.0222
2026-05-26,BBRE,105.6855
2026-05-26,HELO,67.7727
2026-05-26,JAGG,45.4741
2026-05-26,JAVA,77.1194
2026-05-26,JBND,52.6777
2026-05-26,JCPB,46.232
2026-05-26,JEMA,63.12
2026-05-26,JEPI,55.0929
2026-05-26,JEPQ,58.6996
2026-05-26,JGLO,71.12
2026-05-26,JGRO,97.93
2026-05-26,JIRE,81.53
2026-05-26,JMEE,74.62
2026-05-26,JMST,50.593
2026-05-26,JPIE,45.3622
2026-05-26,JPST,50.0519
2026-05-27,BBRE,105.3278
2026-05-27,HELO,67.8426
2026-05-27,JAGG,45.5138
2026-05-27,JAVA,77.249
2026-05-27,JBND,52.7865
2026-05-27,JCPB,46.2814
2026-05-27,JEMA,63.138
2026-05-27,JEPI,55.1517
2026-05-27,JEPQ,58.8546
2026-05-27,JGLO,71.09
2026-05-27,JGRO,97.81
2026-05-27,JIRE,81.36
2026-05-27,JMEE,74.34
2026-05-27,JMST,50.6029
2026-05-27,JPIE,45.372
2026-05-27,JPST,50.0717
2026-05-28,BBRE,104.8906
2026-05-28,HELO,67.8725
2026-05-28,JAGG,45.5635
2026-05-28,JAVA,77.3487
2026-05-28,JBND,52.9151
2026-05-28,JCPB,46.3506
2026-05-28,JEMA,63.344
2026-05-28,JEPI,55.0733
2026-05-28,JEPQ,59.0387
2026-05-28,JGLO,71.22
2026-05-28,JGRO,98.61
2026-05-28,JIRE,81.2
2026-05-28,JMEE,74.51
2026-05-28,JMST,50.6228
2026-05-28,JPIE,45.4756
2026-05-28,JPST,50.0717
2026-05-29,BBRE,103.7878
2026-05-29,HELO,67.9324
2026-05-29,JAGG,45.6528
2026-05-29,JAVA,77.2789
2026-05-29,JBND,52.9348
2026-05-29,JCPB,46.4099
2026-05-29,JEMA,63.34
2026-05-29,JEPI,54.9165
2026-05-29,JEPQ,59.2324
2026-05-29,JGLO,71.44
2026-05-29,JGRO,98.81
2026-05-29,JIRE,81.18
2026-05-29,JMEE,74.42
2026-05-29,JMST,50.6426
2026-05-29,JPIE,45.52
2026-05-29,JPST,50.1113
2026-06-01,BBRE,101.7311
2026-06-01,HELO,67.9724
2026-06-01,JAGG,45.6094
2026-06-01,JAVA,77.0596
2026-06-01,JBND,52.9071
2026-06-01,JCPB,46.397
2026-06-01,JEMA,64.488
2026-06-01,JEPI,54.5899
2026-06-01,JEPQ,59.3438
2026-06-01,JGLO,71.59
2026-06-01,JGRO,99.19
2026-06-01,JIRE,80.85
2026-06-01,JMEE,74.38
2026-06-01,JMST,50.6367
2026-06-01,JPIE,45.5101
2026-06-01,JPST,50.1003
2026-06-02,BBRE,102.2279
2026-06-02,HELO,67.9224
2026-06-02,JAGG,45.6243
2026-06-02,JAVA,77.5481
2026-06-02,JBND,52.9368
2026-06-02,JCPB,46.387
2026-06-02,JEMA,65.113
2026-06-02,JEPI,54.5997
2026-06-02,JEPQ,59.5003
2026-06-02,JGLO,71.65
2026-06-02,JGRO,99.5
2026-06-02,JIRE,81.33
2026-06-02,JMEE,75.14
2026-06-02,JMST,50.6865
2026-06-02,JPIE,45.5299
2026-06-02,JPST,50.1003
2026-06-03,BBRE,102.3869
2026-06-03,HELO,67.7827
2026-06-03,JAGG,45.5177
2026-06-03,JAVA,77.3886
2026-06-03,JBND,52.8376
2026-06-03,JCPB,46.3077
2026-06-03,JEMA,64.395
2026-06-03,JEPI,54.6787
2026-06-03,JEPQ,59.4416
2026-06-03,JGLO,71.12
2026-06-03,JGRO,98.61
2026-06-03,JIRE,80.66
2026-06-03,JMEE,74.94
2026-06-03,JMST,50.6865
2026-06-03,JPIE,45.4704
2026-06-03,JPST,50.1003
2026-06-04,BBRE,103.7282
2026-06-04,HELO,67.7527
2026-06-04,JAGG,45.5845
2026-06-04,JAVA,78.1563
2026-06-04,JBND,52.8773
2026-06-04,JCPB,46.3672
2026-06-04,JEMA,63.794
2026-06-04,JEPI,54.9747
2026-06-04,JEPQ,59.3732
2026-06-04,JGLO,71.53
2026-06-04,JGRO,98.71
2026-06-04,JIRE,81.38
2026-06-04,JMEE,75.51
2026-06-04,JMST,50.7064
2026-06-04,JPIE,45.5101
2026-06-04,JPST,50.0904
2026-06-05,BBRE,104.8111
2026-06-05,HELO,67.2136
2026-06-05,JAGG,45.3802
2026-06-05,JAVA,76.9001
2026-06-05,JBND,52.6589
2026-06-05,JCPB,46.1688
2026-06-05,JEMA,59.616
2026-06-05,JEPI,54.7872
2026-06-05,JEPQ,57.5841
2026-06-05,JGLO,69.76
2026-06-05,JGRO,95.24
2026-06-05,JIRE,79.45
2026-06-05,JMEE,74.02
2026-06-05,JMST,50.7163
2026-06-05,JPIE,45.4209
2026-06-05,JPST,50.0706
2026-06-08,BBRE,103.5732
2026-06-08,HELO,67.2235
2026-06-08,JAGG,45.3548
2026-06-08,JAVA,76.9998
2026-06-08,JBND,52.6292
2026-06-08,JCPB,46.1192
2026-06-08,JEMA,60.892
2026-06-08,JEPI,54.6195
2026-06-08,JEPQ,58.2977
2026-06-08,JGLO,69.84
2026-06-08,JGRO,95.58
2026-06-08,JIRE,79.82
2026-06-08,JMEE,74.22
2026-06-08,JMST,50.7064
2026-06-08,JPIE,45.411
2026-06-08,JPST,50.0904
2026-06-09,BBRE,106.1624
2026-06-09,HELO,67.2635
2026-06-09,JAGG,45.455
2026-06-09,JAVA,77.6079
2026-06-09,JBND,52.7582
2026-06-09,JCPB,46.2382
2026-06-09,JEMA,60.835
2026-06-09,JEPI,55.0635
2026-06-09,JEPQ,57.76
2026-06-09,JGLO,69.91
2026-06-09,JGRO,95.03
2026-06-09,JIRE,80.04
2026-06-09,JMEE,74.76
2026-06-09,JMST,50.7163
2026-06-09,JPIE,45.4407
2026-06-09,JPST,50.1003
2026-06-10,BBRE,106.4009
2026-06-10,HELO,66.8042
2026-06-10,JAGG,45.445
2026-06-10,JAVA,76.4614
2026-06-10,JBND,52.6788
2026-06-10,JCPB,46.1787
2026-06-10,JEMA,59.878
2026-06-10,JEPI,54.5603
2026-06-10,JEPQ,56.6944
2026-06-10,JGLO,68.82
2026-06-10,JGRO,93.06
2026-06-10,JIRE,78.98
2026-06-10,JMEE,73.88
2026-06-10,JMST,50.7163
2026-06-10,JPIE,45.4407
2026-06-10,JPST,50.1103
2026-06-11,BBRE,106.3611
2026-06-11,HELO,67.0937
2026-06-11,JAGG,45.704
2026-06-11,JAVA,77.8273
2026-06-11,JBND,52.9964
2026-06-11,JCPB,46.4565
2026-06-11,JEMA,62.501
2026-06-11,JEPI,55.0635
2026-06-11,JEPQ,58.1609
2026-06-11,JGLO,70.12
2026-06-11,JGRO,95.07
2026-06-11,JIRE,81.45
2026-06-11,JMEE,75.84
2026-06-11,JMST,50.6865
2026-06-11,JPIE,45.5596
2026-06-11,JPST,50.1401
2026-06-12,BBRE,107.3666
2026-06-12,HELO,67.2435
2026-06-12,JAGG,45.6542
2026-06-12,JAVA,78.5451
2026-06-12,JBND,52.9567
2026-06-12,JCPB,46.4168
2026-06-12,JEMA,62.715
2026-06-12,JEPI,55.3004
2026-06-12,JEPQ,58.5226
2026-06-12,JGLO,70.28
2026-06-12,JGRO,95.29
2026-06-12,JIRE,81.69
2026-06-12,JMEE,76.46
2026-06-12,JMST,50.6964
2026-06-12,JPIE,45.5695
2026-06-12,JPST,50.15
2026-06-15,BBRE,106.689
2026-06-15,HELO,67.8525
2026-06-15,JAGG,45.6642
2026-06-15,JAVA,79.4624
2026-06-15,JBND,52.9964
2026-06-15,JCPB,46.4763
2026-06-15,JEMA,64.63
2026-06-15,JEPI,55.626
2026-06-15,JEPQ,59.8131
2026-06-15,JGLO,71.44
2026-06-15,JGRO,97.79
2026-06-15,JIRE,82.32
2026-06-15,JMEE,76.57
2026-06-15,JMST,50.7263
2026-06-15,JPIE,45.619
2026-06-15,JPST,50.1798
2026-06-16,BBRE,106.7983
2026-06-16,HELO,67.8525
2026-06-16,JAGG,45.7835
2026-06-16,JAVA,79.5521
2026-06-16,JBND,53.0857
2026-06-16,JCPB,46.5557
2026-06-16,JEMA,63.618
2026-06-16,JEPI,55.8036
2026-06-16,JEPQ,59.422
2026-06-16,JGLO,71.33
2026-06-16,JGRO,96.82
2026-06-16,JIRE,82.46
2026-06-16,JMEE,76.29
2026-06-16,JMST,50.7462
2026-06-16,JPIE,45.6488
2026-06-16,JPST,50.1798
2026-06-17,BBRE,104.1951
2026-06-17,HELO,67.5231
2026-06-17,JAGG,45.6215
2026-06-17,JAVA,78.6748
2026-06-17,JBND,52.8773
2026-06-17,JCPB,46.397
2026-06-17,JEMA,63.648
2026-06-17,JEPI,55.251
2026-06-17,JEPQ,59.0212
2026-06-17,JGLO,70.47
2026-06-17,JGRO,96.08
2026-06-17,JIRE,82.02
2026-06-17,JMEE,75.41
2026-06-17,JMST,50.7064
2026-06-17,JPIE,45.52
2026-06-17,JPST,50.1401
2026-06-18,BBRE,104.3641
2026-06-18,HELO,67.8126
2026-06-18,JAGG,45.7339
2026-06-18,JAVA,79.1633
2026-06-18,JBND,53.0261
2026-06-18,JCPB,46.4962
2026-06-18,JEMA,65.92
2026-06-18,JEPI,55.3596
2026-06-18,JEPQ,59.9695
2026-06-18,JGLO,71.39
2026-06-18,JGRO,97.56
2026-06-18,JIRE,82.7
2026-06-18,JMEE,76.38
2026-06-18,JMST,50.7462
2026-06-18,JPIE,45.52
2026-06-18,JPST,50.1599
2026-06-22,BBRE,105.607
2026-06-22,HELO,67.563
2026-06-22,JAGG,45.5895
2026-06-22,JAVA,79.263
2026-06-22,JBND,52.9071
2026-06-22,JCPB,46.397
2026-06-22,JEMA,66.254
2026-06-22,JEPI,55.33
2026-06-22,JEPQ,60.0086
2026-06-22,JGLO,70.86
2026-06-22,JGRO,96.95
2026-06-22,JIRE,82.78
2026-06-22,JMEE,76.72
2026-06-22,JMST,50.7462
2026-06-22,JPIE,45.4902
2026-06-22,JPST,50.1401
2026-06-23,BBRE,107.08
2026-06-23,HELO,67.22
2026-06-23,JAGG,45.6501
2026-06-23,JAVA,78.72
2026-06-23,JBND,52.9269
2026-06-23,JCPB,46.4466
2026-06-23,JEMA,62.589
2026-06-23,JEPI,55.0931
2026-06-23,JEPQ,58.5226
2026-06-23,JGLO,69.91
2026-06-23,JGRO,95.12
2026-06-23,JIRE,81.16
2026-06-23,JMEE,76.05
2026-06-23,JMST,50.7562
2026-06-23,JPIE,45.5002
2026-06-23,JPST,50.1798
2026-06-24,BBRE,107.26
2026-06-24,HELO,67.18
2026-06-24,JAGG,45.8734
2026-06-24,JAVA,78.8
2026-06-24,JBND,53.2048
2026-06-24,JCPB,46.645
2026-06-24,JEMA,62.707
2026-06-24,JEPI,55.3201
2026-06-24,JEPQ,58.3564
2026-06-24,JGLO,69.76
2026-06-24,JGRO,94.92
2026-06-24,JIRE,80.91
2026-06-24,JMEE,76.51
2026-06-24,JMST,50.7562
2026-06-24,JPIE,45.5695
2026-06-24,JPST,50.1897
2026-06-25,BBRE,107.825
2026-06-25,HELO,67.04
2026-06-25,JAGG,45.8735
2026-06-25,JAVA,79.51
2026-06-25,JBND,53.2346
2026-06-25,JCPB,46.6747
2026-06-25,JEMA,63.42
2026-06-25,JEPI,55.33
2026-06-25,JEPQ,58.7866
2026-06-25,JGLO,69.73
2026-06-25,JGRO,95.03
2026-06-25,JIRE,81.77
2026-06-25,JMEE,77.26
2026-06-25,JMST,50.7661
2026-06-25,JPIE,45.619
2026-06-25,JPST,50.2096
2026-06-26,BBRE,109.32
2026-06-26,HELO,67.08
2026-06-26,JAGG,45.9282
2026-06-26,JAVA,79.0
2026-06-26,JBND,53.2941
2026-06-26,JCPB,46.7194
2026-06-26,JEMA,62.92
2026-06-26,JEPI,55.4188
2026-06-26,JEPQ,58.0924
2026-06-26,JGLO,69.62
2026-06-26,JGRO,94.05
2026-06-26,JIRE,81.23
2026-06-26,JMEE,77.32
2026-06-26,JMST,50.7631
2026-06-26,JPIE,45.6388
2026-06-26,JPST,50.2295
2026-06-29,BBRE,109.1
2026-06-29,HELO,67.37
2026-06-29,JAGG,45.9531
2026-06-29,JAVA,79.51
2026-06-29,JBND,53.3437
2026-06-29,JCPB,46.7342
2026-06-29,JEMA,63.022
2026-06-29,JEPI,55.6951
2026-06-29,JEPQ,59.3438
2026-06-29,JGLO,70.592
2026-06-29,JGRO,96.86
2026-06-29,JIRE,82.15
2026-06-29,JMEE,77.47
2026-06-29,JMST,50.786
2026-06-29,JPIE,45.6686
2026-06-29,JPST,50.2394
2026-06-30,BBRE,107.27
2026-06-30,HELO,67.58
2026-06-30,JAGG,45.7838
2026-06-30,JAVA,79.41
2026-06-30,JBND,53.0956
2026-06-30,JCPB,46.5656
2026-06-30,JEMA,63.88
2026-06-30,JEPI,55.7345
2026-06-30,JEPQ,60.0869
2026-06-30,JGLO,71.22
2026-06-30,JGRO,98.59
2026-06-30,JIRE,82.49
2026-06-30,JMEE,78.03
2026-06-30,JMST,50.786
2026-06-30,JPIE,45.619
2026-06-30,JPST,50.2295
2026-07-01,BBRE,107.6
2026-07-01,HELO,67.59
2026-07-01,JAGG,45.69
2026-07-01,JAVA,79.83
2026-07-01,JBND,53.0359
2026-07-01,JCPB,46.4969
2026-07-01,JEMA,62.18
2026-07-01,JEPI,55.7614
2026-07-01,JEPQ,59.4714
2026-07-01,JGLO,71.1
2026-07-01,JGRO,96.85
2026-07-01,JIRE,81.72
2026-07-01,JMEE,77.38
2026-07-01,JMST,50.794
2026-07-01,JPIE,45.625
2026-07-01,JPST,50.2305
2026-07-02,BBRE,108.89
2026-07-02,HELO,67.591
2026-07-02,JAGG,45.7215
2026-07-02,JAVA,80.18
2026-07-02,JBND,53.0757
2026-07-02,JCPB,46.5467
2026-07-02,JEMA,61.36
2026-07-02,JEPI,56.3476
2026-07-02,JEPQ,58.6712
2026-07-02,JGLO,71.33
2026-07-02,JGRO,94.91
2026-07-02,JIRE,82.79
2026-07-02,JMEE,76.87
2026-07-02,JMST,50.824
2026-07-02,JPIE,45.6748
2026-07-02,JPST,50.2504
2026-07-06,BBRE,108.235
2026-07-06,HELO,68.05
2026-07-06,JAGG,45.72
2026-07-06,JAVA,80.55
2026-07-06,JBND,53.0757
2026-07-06,JCPB,46.5566
2026-07-06,JEMA,63.25
2026-07-06,JEPI,56.3873
2026-07-06,JEPQ,59.4319
2026-07-06,JGLO,71.93
2026-07-06,JGRO,96.47
2026-07-06,JIRE,83.62
2026-07-06,JMEE,77.16
2026-07-06,JMST,50.824
2026-07-06,JPIE,45.7046
2026-07-06,JPST,50.2803
2026-07-07,BBRE,109.48
2026-07-07,HELO,67.84
2026-07-07,JAGG,45.54
2026-07-07,JAVA,80.47
2026-07-07,JBND,52.8765
2026-07-07,JCPB,46.3624
2026-07-07,JEMA,61.317
2026-07-07,JEPI,56.4966
2026-07-07,JEPQ,58.602
2026-07-07,JGLO,71.587
2026-07-07,JGRO,94.86
2026-07-07,JIRE,82.55
2026-07-07,JMEE,76.28
2026-07-07,JMST,50.804
2026-07-07,JPIE,45.6449
2026-07-07,JPST,50.2604
2026-07-08,BBRE,107.649
2026-07-08,HELO,67.82
2026-07-08,JAGG,45.4799
2026-07-08,JAVA,79.5
2026-07-08,JBND,52.8466
2026-07-08,JCPB,46.3077
2026-07-08,JEMA,61.77
2026-07-08,JEPI,56.1588
2026-07-08,JEPQ,58.7305
2026-07-08,JGLO,71.27
2026-07-08,JGRO,95.26
2026-07-08,JIRE,81.84
2026-07-08,JMEE,75.6
2026-07-08,JMST,50.804
2026-07-08,JPIE,45.635
2026-07-08,JPST,50.2703
2026-07-09,BBRE,107.85
2026-07-09,HELO,68.06
2026-07-09,JAGG,45.54
2026-07-09,JAVA,80.08
2026-07-09,JBND,52.8665
2026-07-09,JCPB,46.3376
2026-07-09,JEMA,62.43
2026-07-09,JEPI,56.2681
2026-07-09,JEPQ,59.5109
2026-07-09,JGLO,71.62
2026-07-09,JGRO,96.7
2026-07-09,JIRE,82.34
2026-07-09,JMEE,76.51
2026-07-09,JMST,50.814
2026-07-09,JPIE,45.6549
2026-07-09,JPST,50.2803
2026-07-10,BBRE,107.948
2026-07-10,HELO,68.33
2026-07-10,JAGG,45.5
2026-07-10,JAVA,80.41
2026-07-10,JBND,52.8167
2026-07-10,JCPB,46.3276
2026-07-10,JEMA,62.45
2026-07-10,JEPI,56.3973
2026-07-10,JEPQ,59.7776
2026-07-10,JGLO,72.04
2026-07-10,JGRO,96.83
2026-07-10,JIRE,82.6
2026-07-10,JMEE,76.41
2026-07-10,JMST,50.824
2026-07-10,JPIE,45.6549
2026-07-10,JPST,50.2803
2026-07-13,BBRE,108.685
2026-07-13,HELO,68.01
2026-07-13,JAGG,45.36
2026-07-13,JAVA,80.52
2026-07-13,JBND,52.6473
2026-07-13,JCPB,46.1483
2026-07-13,JEMA,60.18
2026-07-13,JEPI,56.3973
2026-07-13,JEPQ,58.8688
2026-07-13,JGLO,71.44
2026-07-13,JGRO,94.84
2026-07-13,JIRE,81.84
2026-07-13,JMEE,76.06
2026-07-13,JMST,50.824
2026-07-13,JPIE,45.5553
2026-07-13,JPST,50.2703
2026-07-14,BBRE,108.72
2026-07-14,HELO,68.15
2026-07-14,JAGG,45.4604
2026-07-14,JAVA,80.07
2026-07-14,JBND,52.7768
2026-07-14,JCPB,46.2678
2026-07-14,JEMA,61.182
2026-07-14,JEPI,56.2184
2026-07-14,JEPQ,59.4615
2026-07-14,JGLO,71.881
2026-07-14,JGRO,96.39
2026-07-14,JIRE,82.37
2026-07-14,JMEE,76.36
2026-07-14,JMST,50.824
2026-07-14,JPIE,45.6449
2026-07-14,JPST,50.3002
2026-07-15,BBRE,108.528
2026-07-15,HELO,68.365
2026-07-15,JAGG,45.5541
2026-07-15,JAVA,80.51
2026-07-15,JBND,52.8765
2026-07-15,JCPB,46.3624
2026-07-15,JEMA,60.948
2026-07-15,JEPI,56.2582
2026-07-15,JEPQ,59.3924
2026-07-15,JGLO,72.19
2026-07-15,JGRO,96.09
2026-07-15,JIRE,82.96
2026-07-15,JMEE,76.52
2026-07-15,JMST,50.814
2026-07-15,JPIE,45.7146
2026-07-15,JPST,50.3102
2026-07-16,BBRE,111.387
2026-07-16,HELO,68.14
2026-07-16,JAGG,45.53
2026-07-16,JAVA,80.86
2026-07-16,JBND,52.8665
2026-07-16,JCPB,46.3575
2026-07-16,JEMA,59.549
2026-07-16,JEPI,56.6159
2026-07-16,JEPQ,58.5428
2026-07-16,JGLO,71.86
2026-07-16,JGRO,93.71
2026-07-16,JIRE,82.29
2026-07-16,JMEE,76.89
2026-07-16,JMST,50.784
2026-07-16,JPIE,45.7146
2026-07-16,JPST,50.3102
2026-07-17,BBRE,111.48
2026-07-17,HELO,67.7
2026-07-17,JAGG,45.545
2026-07-17,JAVA,80.22
2026-07-17,JBND,52.9063
2026-07-17,JCPB,46.3873
2026-07-17,JEMA,58.83
2026-07-17,JEPI,56.1886
2026-07-17,JEPQ,57.8018
2026-07-17,JGLO,71.05
2026-07-17,JGRO,92.66
2026-07-17,JIRE,81.85
2026-07-17,JMEE,76.45
2026-07-17,JMST,50.804
2026-07-17,JPIE,45.7046
2026-07-17,JPST,50.3301
2026-07-20,BBRE,110.95
2026-07-20,HELO,67.7
2026-07-20,JAVA,79.88
2026-07-20,JBND,52.7768
2026-07-20,JCPB,46.2678
2026-07-20,JEMA,58.872
2026-07-20,JEPI,56.0296
2026-07-20,JEPQ,57.8809
2026-07-20,JGLO,70.81
2026-07-20,JGRO,92.63
2026-07-20,JIRE,81.3
2026-07-20,JMEE,75.91
2026-07-20,JMST,50.824
2026-07-20,JPIE,45.6847
2026-07-20,JPST,50.3202
2026-07-21,BBRE,111.43
2026-07-21,HELO,68.15
2026-07-21,JAVA,80.17
2026-07-21,JBND,52.6872
2026-07-21,JCPB,46.1882
2026-07-21,JEMA,60.702
2026-07-21,JEPI,56.2582
2026-07-21,JEPQ,58.9281
2026-07-21,JGLO,71.56
2026-07-21,JGRO,94.67
2026-07-21,JIRE,82.48
2026-07-21,JMEE,76.77
2026-07-21,JMST,50.784
2026-07-21,JPIE,45.6449
2026-07-21,JPST,50.3102
2026-07-22,BBRE,110.66
2026-07-22,HELO,68.12
2026-07-22,JAVA,80.05
2026-07-22,JBND,52.5975
2026-07-22,JCPB,46.1085
2026-07-22,JEMA,60.26
2026-07-22,JEPI,56.288
2026-07-22,JEPQ,58.7404
2026-07-22,JGLO,71.63
2026-07-22,JGRO,94.58
2026-07-22,JIRE,82.65
2026-07-22,JMEE,76.7
2026-07-22,JMST,50.7441
2026-07-22,JPIE,45.6091
2026-07-22,JPST,50.3202
2026-07-23,BBRE,110.67
2026-07-23,HELO,67.55
2026-07-23,JAVA,79.47
2026-07-23,JBND,52.4481
2026-07-23,JCPB,45.989
2026-07-23,JEMA,59.852
2026-07-23,JEPI,56.0595
2026-07-23,JEPQ,57.8216
2026-07-23,JGLO,70.54
2026-07-23,JGRO,93.21
2026-07-23,JIRE,81.4
2026-07-23,JMEE,76.41
2026-07-23,JMST,50.7741
2026-07-23,JPIE,45.5454
2026-07-23,JPST,50.3102
2026-07-24,BBRE,113.04
2026-07-24,HELO,67.58
2026-07-24,JAVA,80.04
2026-07-24,JBND,52.5278
2026-07-24,JCPB,46.0288
2026-07-24,JEMA,59.029
2026-07-24,JEPI,56.437
2026-07-24,JEPQ,57.2585
2026-07-24,JGLO,70.75
2026-07-24,JGRO,92.02
2026-07-24,JIRE,81.77
2026-07-24,JMEE,76.59
2026-07-24,JMST,50.7741
2026-07-24,JPIE,45.5752
2026-07-24,JPST,50.3102
2026-07-27,BBRE,112.49
2026-07-27,HELO,67.6
2026-07-27,JAVA,80.51
2026-07-27,JBND,52.6573
2026-07-27,JCPB,46.1284
2026-07-27,JEMA,59.158
2026-07-27,JEPI,56.7252
2026-07-27,JEPQ,57.0412
2026-07-27,JGLO,70.84
2026-07-27,JGRO,91.26
2026-07-27,JIRE,82.21
2026-07-27,JMEE,76.72
2026-07-27,JMST,50.807
2026-07-27,JPIE,45.6051
2026-07-27,JPST,50.3202
2026-07-28,BBRE,112.585
2026-07-28,HELO,67.74
2026-07-28,JAVA,81.28
2026-07-28,JBND,52.747
2026-07-28,JCPB,46.233
2026-07-28,JEMA,57.825
2026-07-28,JEPI,57.1127
2026-07-28,JEPQ,56.5077
2026-07-28,JGLO,70.93
2026-07-28,JGRO,90.37
2026-07-28,JIRE,82.11
2026-07-28,JMEE,76.77
2026-07-28,JMST,50.784
2026-07-28,JPIE,45.6449
2026-07-28,JPST,50.3501
2026-07-29,BBRE,111.89
2026-07-29,HELO,67.07
2026-07-29,JAVA,80.37
2026-07-29,JBND,52.5876
2026-07-29,JCPB,46.0637
2026-07-29,JEMA,56.55
2026-07-29,JEPI,56.5563
2026-07-29,JEPQ,55.4605
2026-07-29,JGLO,70.1
2026-07-29,JGRO,88.18
2026-07-29,JIRE,81.67
2026-07-29,JMEE,75.61
2026-07-29,JMST,50.824
2026-07-29,JPIE,45.625
2026-07-29,JPST,50.37
2026-07-30,BBRE,110.434
2026-07-30,HELO,68.01
2026-07-30,JAVA,80.86
2026-07-30,JBND,52.5876
2026-07-30,JCPB,46.0985
2026-07-30,JEMA,58.937
2026-07-30,JEPI,56.8742
2026-07-30,JEPQ,57.219
2026-07-30,JGLO,71.62
2026-07-30,JGRO,91.12
2026-07-30,JIRE,83.99
2026-07-30,JMEE,76.39
2026-07-30,JMST,50.814
2026-07-30,JPIE,45.6648
2026-07-30,JPST,50.37
2026-07-31,BBRE,109.85
2026-07-31,HELO,68.45
2026-07-31,JAVA,81.56
2026-07-31,JBND,52.478
2026-07-31,JCPB,45.989
2026-07-31,JEMA,59.265
2026-07-31,JEPI,57.063
2026-07-31,JEPQ,57.545
2026-07-31,JGLO,72.21
2026-07-31,JGRO,91.68
2026-07-31,JIRE,83.46
2026-07-31,JMEE,76.3
2026-07-31,JMST,50.804
2026-07-31,JPIE,45.625
2026-07-31,JPST,50.37
2026-08-03,BBRE,109.89
2026-08-03,HELO,69.02
2026-08-03,JAVA,82.68
2026-08-03,JBND,52.59
2026-08-03,JCPB,46.08
2026-08-03,JEMA,59.66
2026-08-03,JEPI,57.35
2026-08-03,JEPQ,58.34
2026-08-03,JGLO,73.1
2026-08-03,JGRO,93.36
2026-08-03,JIRE,83.87
2026-08-03,JMEE,77.36
2026-08-03,JMST,50.845
2026-08-03,JPIE,45.69
2026-08-03,JPST,50.4
2026-08-04,BBRE,109.19
2026-08-04,HELO,69.59
2026-08-04,JAVA,83.25
2026-08-04,JBND,52.79
2026-08-04,JCPB,46.27
2026-08-04,JEMA,61.28
2026-08-04,JEPI,57.35
2026-08-04,JEPQ,59.56
2026-08-04,JGLO,74.1
2026-08-04,JGRO,95.94
2026-08-04,JIRE,84.86
2026-08-04,JMEE,78.63
2026-08-04,JMST,50.83
2026-08-04,JPIE,45.79
2026-08-04,JPST,50.42
2026-08-05,BBRE,109.63
2026-08-05,HELO,69.61
2026-08-05,JAVA,83.19
2026-08-05,JBND,52.82
2026-08-05,JCPB,46.31
2026-08-05,JEMA,61.069
2026-08-05,JEPI,57.51
2026-08-05,JEPQ,59.38
2026-08-05,JGLO,74.1
2026-08-05,JGRO,95.4
2026-08-05,JIRE,84.84
2026-08-05,JMEE,78.09
2026-08-05,JMST,50.835
2026-08-05,JPIE,45.83
2026-08-05,JPST,50.41
2026-08-06,BBRE,108.435
2026-08-06,HELO,69.69
2026-08-06,JAVA,83.04
2026-08-06,JBND,52.67
2026-08-06,JCPB,46.19
2026-08-06,JEMA,60.5
2026-08-06,JEPI,57.59
2026-08-06,JEPQ,59.34
2026-08-06,JGLO,73.94
2026-08-06,JGRO,94.89
2026-08-06,JIRE,84.74
2026-08-06,JMEE,77.89
2026-08-06,JMST,50.88
2026-08-06,JPIE,45.76
2026-08-06,JPST,50.4
2026-08-07,BBRE,108.85
2026-08-07,HELO,69.86
2026-08-07,JAVA,83.47
2026-08-07,JBND,52.76
2026-08-07,JCPB,46.27
2026-08-07,JEMA,60.76
2026-08-07,JEPI,57.58
2026-08-07,JEPQ,59.74
2026-08-07,JGLO,74.45
2026-08-07,JGRO,95.96
2026-08-07,JIRE,85.72
2026-08-07,JMEE,78.96
2026-08-07,JMST,50.89
2026-08-07,JPIE,45.84
2026-08-07,JPST,50.44
2026-08-10,BBRE,107.32
2026-08-10,HELO,69.81
2026-08-10,JAVA,83.67
2026-08-10,JBND,52.59
2026-08-10,JCPB,46.11
2026-08-10,JEMA,60.4
2026-08-10,JEPI,57.64
2026-08-10,JEPQ,59.68
2026-08-10,JGLO,74.35
2026-08-10,JGRO,95.62
2026-08-10,JIRE,85.36
2026-08-10,JMEE,78.58
2026-08-10,JMST,50.87
2026-08-10,JPIE,45.77
2026-08-10,JPST,50.44
2026-08-11,BBRE,106.19
2026-08-11,HELO,69.72
2026-08-11,JAVA,83.58
2026-08-11,JBND,52.62
2026-08-11,JCPB,46.16
2026-08-11,JEMA,60.61
2026-08-11,JEPI,57.79
2026-08-11,JEPQ,59.65
2026-08-11,JGLO,74.15
2026-08-11,JGRO,95.14
2026-08-11,JIRE,85.41
2026-08-11,JMEE,78.81
2026-08-11,JMST,50.87
2026-08-11,JPIE,45.8
2026-08-11,JPST,50.45
2026-08-12,BBRE,107.335
2026-08-12,HELO,69.84
2026-08-12,JAVA,83.46
2026-08-12,JBND,52.65
2026-08-12,JCPB,46.19
2026-08-12,JEMA,61.6
2026-08-12,JEPI,57.84
2026-08-12,JEPQ,60.0
2026-08-12,JGLO,74.39
2026-08-12,JGRO,96.23
2026-08-12,JIRE,85.71
2026-08-12,JMEE,79.3
2026-08-12,JMST,50.88
2026-08-12,JPIE,45.82
2026-08-12,JPST,50.46
2026-08-13,BBRE,108.59
2026-08-13,HELO,70.12
2026-08-13,JAVA,83.81
2026-08-13,JBND,52.83
2026-08-13,JCPB,46.32
2026-08-13,JEMA,61.88
2026-08-13,JEPI,57.92
2026-08-13,JEPQ,60.42
2026-08-13,JGLO,74.71
2026-08-13,JGRO,96.87
2026-08-13,JIRE,85.94
2026-08-13,JMEE,79.55
2026-08-13,JMST,50.91
2026-08-13,JPIE,45.88
2026-08-13,JPST,50.48
2026-08-14,BBRE,108.68
2026-08-14,HELO,70.15
2026-08-14,JAVA,83.84
2026-08-14,JBND,52.68
2026-08-14,JCPB,46.215
2026-08-14,JEMA,61.83
2026-08-14,JEPI,58.02
2026-08-14,JEPQ,60.53
2026-08-14,JGLO,74.52
2026-08-14,JGRO,96.78
2026-08-14,JIRE,85.87
2026-08-14,JMEE,79.86
2026-08-14,JMST,50.9
2026-08-14,JPIE,45.89
2026-08-14,JPST,50.5
2026-08-17,BBRE,108.06
2026-08-17,HELO,69.92
2026-08-17,JAVA,83.02
2026-08-17,JBND,52.6
2026-08-17,JCPB,46.125
2026-08-17,JEMA,62.58
2026-08-17,JEPI,57.78
2026-08-17,JEPQ,60.56
2026-08-17,JGLO,74.29
2026-08-17,JGRO,97.03
2026-08-17,JIRE,85.75
2026-08-17,JMEE,79.78
2026-08-17,JMST,50.88
2026-08-17,JPIE,45.87
2026-08-17,JPST,50.51
2026-08-18,BBRE,107.68
2026-08-18,HELO,69.61
2026-08-18,JAVA,82.89
2026-08-18,JBND,52.64
2026-08-18,JCPB,46.16
2026-08-18,JEMA,60.64
2026-08-18,JEPI,57.83
2026-08-18,JEPQ,59.93
2026-08-18,JGLO,73.51
2026-08-18,JGRO,95.15
2026-08-18,JIRE,84.63
2026-08-18,JMEE,78.32
2026-08-18,JMST,50.89
2026-08-18,JPIE,45.88
2026-08-18,JPST,50.52
2026-08-19,BBRE,108.289
2026-08-19,HELO,69.59
2026-08-19,JAVA,83.36
2026-08-19,JBND,52.88
2026-08-19,JCPB,46.365
2026-08-19,JEMA,61.41
2026-08-19,JEPI,57.96
2026-08-19,JEPQ,59.87
2026-08-19,JGLO,73.62
2026-08-19,JGRO,94.43
2026-08-19,JIRE,84.86
2026-08-19,JMEE,78.14
2026-08-19,JMST,50.925
2026-08-19,JPIE,45.9
2026-08-19,JPST,50.52
2026-08-20,BBRE,108.73
2026-08-20,HELO,69.22
2026-08-20,JAVA,82.57
2026-08-20,JBND,52.71
2026-08-20,JCPB,46.21
2026-08-20,JEMA,61.8
2026-08-20,JEPI,57.72
2026-08-20,JEPQ,59.66
2026-08-20,JGLO,73.07
2026-08-20,JGRO,93.74
2026-08-20,JIRE,84.61
2026-08-20,JMEE,77.39
2026-08-20,JMST,50.93
2026-08-20,JPIE,45.85
2026-08-20,JPST,50.52
2026-08-21,BBRE,108.47
2026-08-21,HELO,69.41
2026-08-21,JAVA,83.0
2026-08-21,JBND,52.65
2026-08-21,JCPB,46.16
2026-08-21,JEMA,62.296
2026-08-21,JEPI,57.92
2026-08-21,JEPQ,59.84
2026-08-21,JGLO,73.49
2026-08-21,JGRO,94.21
2026-08-21,JIRE,85.32
2026-08-21,JMEE,77.85
2026-08-21,JMST,50.922
2026-08-21,JPIE,45.85
2026-08-21,JPST,50.53
2026-08-24,BBRE,109.15
2026-08-24,HELO,69.3
2026-08-24,JAVA,83.35
2026-08-24,JBND,52.76
2026-08-24,JCPB,46.24
2026-08-24,JEMA,61.26
2026-08-24,JEPI,58.09
2026-08-24,JEPQ,59.42
2026-08-24,JGLO,73.37
2026-08-24,JGRO,93.17
2026-08-24,JIRE,85.13
2026-08-24,JMEE,77.3
2026-08-24,JMST,50.925
2026-08-24,JPIE,45.88
2026-08-24,JPST,50.54
2026-08-25,BBRE,109.257
2026-08-25,HELO,69.5
2026-08-25,JAVA,83.31
2026-08-25,JBND,52.98
2026-08-25,JCPB,46.444
2026-08-25,JEMA,62.39
2026-08-25,JEPI,58.14
2026-08-25,JEPQ,59.75
2026-08-25,JGLO,73.8
2026-08-25,JGRO,93.77
2026-08-25,JIRE,85.7
2026-08-25,JMEE,77.29
2026-08-25,JMST,50.96
2026-08-25,JPIE,45.96
2026-08-25,JPST,50.55
2026-08-26,BBRE,108.726
2026-08-26,HELO,69.46
2026-08-26,JAVA,83.29
2026-08-26,JBND,52.89
2026-08-26,JCPB,46.39
2026-08-26,JEMA,62.37
2026-08-26,JEPI,58.16
2026-08-26,JEPQ,59.79
2026-08-26,JGLO,73.66
2026-08-26,JGRO,93.67
2026-08-26,JIRE,85.3
2026-08-26,JMEE,77.64
2026-08-26,JMST,50.96
2026-08-26,JPIE,45.93
2026-08-26,JPST,50.55
